ISO-10303-21;
HEADER;
FILE_DESCRIPTION(('KiCad electronic assembly'),'2;1');
FILE_NAME('pcb.step','2026-04-01T08:09:44',('Pcbnew'),('Kicad'),
  'Open CASCADE STEP processor 7.8','KiCad to STEP converter','Unknown'
  );
FILE_SCHEMA(('AUTOMOTIVE_DESIGN { 1 0 10303 214 1 1 1 1 }'));
ENDSEC;
DATA;
#1 = APPLICATION_PROTOCOL_DEFINITION('international standard',
  'automotive_design',2000,#2);
#2 = APPLICATION_CONTEXT(
  'core data for automotive mechanical design processes');
#3 = SHAPE_DEFINITION_REPRESENTATION(#4,#10);
#4 = PRODUCT_DEFINITION_SHAPE('','',#5);
#5 = PRODUCT_DEFINITION('design','',#6,#9);
#6 = PRODUCT_DEFINITION_FORMATION('','',#7);
#7 = PRODUCT('pcb 1','pcb 1','',(#8));
#8 = PRODUCT_CONTEXT('',#2,'mechanical');
#9 = PRODUCT_DEFINITION_CONTEXT('part definition',#2,'design');
#10 = SHAPE_REPRESENTATION('',(#11,#15,#19,#23,#27),#31);
#11 = AXIS2_PLACEMENT_3D('',#12,#13,#14);
#12 = CARTESIAN_POINT('',(0.,0.,0.));
#13 = DIRECTION('',(0.,0.,1.));
#14 = DIRECTION('',(1.,0.,-0.));
#15 = AXIS2_PLACEMENT_3D('',#16,#17,#18);
#16 = CARTESIAN_POINT('',(183.75,-35.,-8.5E-02));
#17 = DIRECTION('',(1.499759782662E-32,1.224646799147E-16,-1.));
#18 = DIRECTION('',(-1.,1.224646799147E-16,0.));
#19 = AXIS2_PLACEMENT_3D('',#20,#21,#22);
#20 = CARTESIAN_POINT('',(183.75,-31.5,-8.5E-02));
#21 = DIRECTION('',(1.499759782662E-32,1.224646799147E-16,-1.));
#22 = DIRECTION('',(-1.,1.224646799147E-16,0.));
#23 = AXIS2_PLACEMENT_3D('',#24,#25,#26);
#24 = CARTESIAN_POINT('',(183.75,-38.62,-8.5E-02));
#25 = DIRECTION('',(0.,-1.224646799147E-16,-1.));
#26 = DIRECTION('',(1.,0.,0.));
#27 = AXIS2_PLACEMENT_3D('',#28,#29,#30);
#28 = CARTESIAN_POINT('',(0.,0.,0.));
#29 = DIRECTION('',(0.,0.,1.));
#30 = DIRECTION('',(1.,0.,-0.));
#31 = ( GEOMETRIC_REPRESENTATION_CONTEXT(3) 
GLOBAL_UNCERTAINTY_ASSIGNED_CONTEXT((#35)) GLOBAL_UNIT_ASSIGNED_CONTEXT(
(#32,#33,#34)) REPRESENTATION_CONTEXT('Context #1',
  '3D Context with UNIT and UNCERTAINTY') );
#32 = ( LENGTH_UNIT() NAMED_UNIT(*) SI_UNIT(.MILLI.,.METRE.) );
#33 = ( NAMED_UNIT(*) PLANE_ANGLE_UNIT() SI_UNIT($,.RADIAN.) );
#34 = ( NAMED_UNIT(*) SI_UNIT($,.STERADIAN.) SOLID_ANGLE_UNIT() );
#35 = UNCERTAINTY_MEASURE_WITH_UNIT(LENGTH_MEASURE(1.E-07),#32,
  'distance_accuracy_value','confusion accuracy');
#36 = PRODUCT_RELATED_PRODUCT_CATEGORY('part',$,(#7));
#37 = SHAPE_DEFINITION_REPRESENTATION(#38,#44);
#38 = PRODUCT_DEFINITION_SHAPE('','',#39);
#39 = PRODUCT_DEFINITION('design','',#40,#43);
#40 = PRODUCT_DEFINITION_FORMATION('','',#41);
#41 = PRODUCT('C_0805_2012Metric','C_0805_2012Metric','',(#42));
#42 = PRODUCT_CONTEXT('',#2,'mechanical');
#43 = PRODUCT_DEFINITION_CONTEXT('part definition',#2,'design');
#44 = ADVANCED_BREP_SHAPE_REPRESENTATION('',(#11,#45),#899);
#45 = MANIFOLD_SOLID_BREP('',#46);
#46 = CLOSED_SHELL('',(#47,#123,#154,#179,#204,#228,#252,#277,#302,#319,
    #405,#437,#461,#486,#510,#535,#559,#584,#601,#687,#718,#743,#768,
    #792,#816,#841,#866,#883));
#47 = ADVANCED_FACE('',(#48),#118,.F.);
#48 = FACE_BOUND('',#49,.F.);
#49 = EDGE_LOOP('',(#50,#60,#69,#77,#86,#94,#103,#111));
#50 = ORIENTED_EDGE('',*,*,#51,.F.);
#51 = EDGE_CURVE('',#52,#54,#56,.T.);
#52 = VERTEX_POINT('',#53);
#53 = CARTESIAN_POINT('',(-1.,-0.625,4.E-02));
#54 = VERTEX_POINT('',#55);
#55 = CARTESIAN_POINT('',(-1.,-0.625,1.21));
#56 = LINE('',#57,#58);
#57 = CARTESIAN_POINT('',(-1.,-0.625,0.));
#58 = VECTOR('',#59,1.);
#59 = DIRECTION('',(0.,0.,1.));
#60 = ORIENTED_EDGE('',*,*,#61,.T.);
#61 = EDGE_CURVE('',#52,#62,#64,.T.);
#62 = VERTEX_POINT('',#63);
#63 = CARTESIAN_POINT('',(-1.,-0.585,0.));
#64 = CIRCLE('',#65,4.E-02);
#65 = AXIS2_PLACEMENT_3D('',#66,#67,#68);
#66 = CARTESIAN_POINT('',(-1.,-0.585,4.E-02));
#67 = DIRECTION('',(1.,0.,-0.));
#68 = DIRECTION('',(0.,0.,1.));
#69 = ORIENTED_EDGE('',*,*,#70,.T.);
#70 = EDGE_CURVE('',#62,#71,#73,.T.);
#71 = VERTEX_POINT('',#72);
#72 = CARTESIAN_POINT('',(-1.,0.585,0.));
#73 = LINE('',#74,#75);
#74 = CARTESIAN_POINT('',(-1.,-0.625,0.));
#75 = VECTOR('',#76,1.);
#76 = DIRECTION('',(0.,1.,0.));
#77 = ORIENTED_EDGE('',*,*,#78,.F.);
#78 = EDGE_CURVE('',#79,#71,#81,.T.);
#79 = VERTEX_POINT('',#80);
#80 = CARTESIAN_POINT('',(-1.,0.625,4.E-02));
#81 = CIRCLE('',#82,4.E-02);
#82 = AXIS2_PLACEMENT_3D('',#83,#84,#85);
#83 = CARTESIAN_POINT('',(-1.,0.585,4.E-02));
#84 = DIRECTION('',(-1.,0.,0.));
#85 = DIRECTION('',(0.,0.,1.));
#86 = ORIENTED_EDGE('',*,*,#87,.T.);
#87 = EDGE_CURVE('',#79,#88,#90,.T.);
#88 = VERTEX_POINT('',#89);
#89 = CARTESIAN_POINT('',(-1.,0.625,1.21));
#90 = LINE('',#91,#92);
#91 = CARTESIAN_POINT('',(-1.,0.625,0.));
#92 = VECTOR('',#93,1.);
#93 = DIRECTION('',(0.,0.,1.));
#94 = ORIENTED_EDGE('',*,*,#95,.T.);
#95 = EDGE_CURVE('',#88,#96,#98,.T.);
#96 = VERTEX_POINT('',#97);
#97 = CARTESIAN_POINT('',(-1.,0.585,1.25));
#98 = CIRCLE('',#99,4.E-02);
#99 = AXIS2_PLACEMENT_3D('',#100,#101,#102);
#100 = CARTESIAN_POINT('',(-1.,0.585,1.21));
#101 = DIRECTION('',(1.,0.,-0.));
#102 = DIRECTION('',(0.,0.,1.));
#103 = ORIENTED_EDGE('',*,*,#104,.F.);
#104 = EDGE_CURVE('',#105,#96,#107,.T.);
#105 = VERTEX_POINT('',#106);
#106 = CARTESIAN_POINT('',(-1.,-0.585,1.25));
#107 = LINE('',#108,#109);
#108 = CARTESIAN_POINT('',(-1.,-0.625,1.25));
#109 = VECTOR('',#110,1.);
#110 = DIRECTION('',(0.,1.,0.));
#111 = ORIENTED_EDGE('',*,*,#112,.F.);
#112 = EDGE_CURVE('',#54,#105,#113,.T.);
#113 = CIRCLE('',#114,4.E-02);
#114 = AXIS2_PLACEMENT_3D('',#115,#116,#117);
#115 = CARTESIAN_POINT('',(-1.,-0.585,1.21));
#116 = DIRECTION('',(-1.,0.,0.));
#117 = DIRECTION('',(0.,0.,1.));
#118 = PLANE('',#119);
#119 = AXIS2_PLACEMENT_3D('',#120,#121,#122);
#120 = CARTESIAN_POINT('',(-1.,-0.625,0.));
#121 = DIRECTION('',(1.,0.,0.));
#122 = DIRECTION('',(0.,0.,1.));
#123 = ADVANCED_FACE('',(#124),#149,.F.);
#124 = FACE_BOUND('',#125,.F.);
#125 = EDGE_LOOP('',(#126,#136,#142,#143));
#126 = ORIENTED_EDGE('',*,*,#127,.F.);
#127 = EDGE_CURVE('',#128,#130,#132,.T.);
#128 = VERTEX_POINT('',#129);
#129 = CARTESIAN_POINT('',(-0.6,-0.625,4.E-02));
#130 = VERTEX_POINT('',#131);
#131 = CARTESIAN_POINT('',(-0.6,-0.625,1.21));
#132 = LINE('',#133,#134);
#133 = CARTESIAN_POINT('',(-0.6,-0.625,0.));
#134 = VECTOR('',#135,1.);
#135 = DIRECTION('',(0.,0.,1.));
#136 = ORIENTED_EDGE('',*,*,#137,.F.);
#137 = EDGE_CURVE('',#52,#128,#138,.T.);
#138 = LINE('',#139,#140);
#139 = CARTESIAN_POINT('',(-1.,-0.625,4.E-02));
#140 = VECTOR('',#141,1.);
#141 = DIRECTION('',(1.,0.,0.));
#142 = ORIENTED_EDGE('',*,*,#51,.T.);
#143 = ORIENTED_EDGE('',*,*,#144,.T.);
#144 = EDGE_CURVE('',#54,#130,#145,.T.);
#145 = LINE('',#146,#147);
#146 = CARTESIAN_POINT('',(-1.,-0.625,1.21));
#147 = VECTOR('',#148,1.);
#148 = DIRECTION('',(1.,0.,0.));
#149 = PLANE('',#150);
#150 = AXIS2_PLACEMENT_3D('',#151,#152,#153);
#151 = CARTESIAN_POINT('',(-1.,-0.625,0.));
#152 = DIRECTION('',(0.,1.,0.));
#153 = DIRECTION('',(0.,-0.,1.));
#154 = ADVANCED_FACE('',(#155),#174,.T.);
#155 = FACE_BOUND('',#156,.T.);
#156 = EDGE_LOOP('',(#157,#158,#166,#173));
#157 = ORIENTED_EDGE('',*,*,#61,.T.);
#158 = ORIENTED_EDGE('',*,*,#159,.T.);
#159 = EDGE_CURVE('',#62,#160,#162,.T.);
#160 = VERTEX_POINT('',#161);
#161 = CARTESIAN_POINT('',(-0.6,-0.585,0.));
#162 = LINE('',#163,#164);
#163 = CARTESIAN_POINT('',(-1.,-0.585,0.));
#164 = VECTOR('',#165,1.);
#165 = DIRECTION('',(1.,0.,0.));
#166 = ORIENTED_EDGE('',*,*,#167,.F.);
#167 = EDGE_CURVE('',#128,#160,#168,.T.);
#168 = CIRCLE('',#169,4.E-02);
#169 = AXIS2_PLACEMENT_3D('',#170,#171,#172);
#170 = CARTESIAN_POINT('',(-0.6,-0.585,4.E-02));
#171 = DIRECTION('',(1.,0.,-0.));
#172 = DIRECTION('',(0.,0.,1.));
#173 = ORIENTED_EDGE('',*,*,#137,.F.);
#174 = CYLINDRICAL_SURFACE('',#175,4.E-02);
#175 = AXIS2_PLACEMENT_3D('',#176,#177,#178);
#176 = CARTESIAN_POINT('',(-1.,-0.585,4.E-02));
#177 = DIRECTION('',(1.,0.,0.));
#178 = DIRECTION('',(0.,-1.,0.));
#179 = ADVANCED_FACE('',(#180),#199,.T.);
#180 = FACE_BOUND('',#181,.T.);
#181 = EDGE_LOOP('',(#182,#183,#192,#198));
#182 = ORIENTED_EDGE('',*,*,#144,.T.);
#183 = ORIENTED_EDGE('',*,*,#184,.T.);
#184 = EDGE_CURVE('',#130,#185,#187,.T.);
#185 = VERTEX_POINT('',#186);
#186 = CARTESIAN_POINT('',(-0.6,-0.585,1.25));
#187 = CIRCLE('',#188,4.E-02);
#188 = AXIS2_PLACEMENT_3D('',#189,#190,#191);
#189 = CARTESIAN_POINT('',(-0.6,-0.585,1.21));
#190 = DIRECTION('',(-1.,0.,0.));
#191 = DIRECTION('',(0.,0.,1.));
#192 = ORIENTED_EDGE('',*,*,#193,.F.);
#193 = EDGE_CURVE('',#105,#185,#194,.T.);
#194 = LINE('',#195,#196);
#195 = CARTESIAN_POINT('',(-1.,-0.585,1.25));
#196 = VECTOR('',#197,1.);
#197 = DIRECTION('',(1.,0.,0.));
#198 = ORIENTED_EDGE('',*,*,#112,.F.);
#199 = CYLINDRICAL_SURFACE('',#200,4.E-02);
#200 = AXIS2_PLACEMENT_3D('',#201,#202,#203);
#201 = CARTESIAN_POINT('',(-1.,-0.585,1.21));
#202 = DIRECTION('',(1.,0.,0.));
#203 = DIRECTION('',(0.,-1.,0.));
#204 = ADVANCED_FACE('',(#205),#223,.F.);
#205 = FACE_BOUND('',#206,.F.);
#206 = EDGE_LOOP('',(#207,#208,#209,#217));
#207 = ORIENTED_EDGE('',*,*,#70,.F.);
#208 = ORIENTED_EDGE('',*,*,#159,.T.);
#209 = ORIENTED_EDGE('',*,*,#210,.T.);
#210 = EDGE_CURVE('',#160,#211,#213,.T.);
#211 = VERTEX_POINT('',#212);
#212 = CARTESIAN_POINT('',(-0.6,0.585,0.));
#213 = LINE('',#214,#215);
#214 = CARTESIAN_POINT('',(-0.6,-0.625,0.));
#215 = VECTOR('',#216,1.);
#216 = DIRECTION('',(0.,1.,0.));
#217 = ORIENTED_EDGE('',*,*,#218,.F.);
#218 = EDGE_CURVE('',#71,#211,#219,.T.);
#219 = LINE('',#220,#221);
#220 = CARTESIAN_POINT('',(-1.,0.585,0.));
#221 = VECTOR('',#222,1.);
#222 = DIRECTION('',(1.,0.,0.));
#223 = PLANE('',#224);
#224 = AXIS2_PLACEMENT_3D('',#225,#226,#227);
#225 = CARTESIAN_POINT('',(-1.,-0.625,0.));
#226 = DIRECTION('',(0.,0.,1.));
#227 = DIRECTION('',(1.,0.,-0.));
#228 = ADVANCED_FACE('',(#229),#247,.T.);
#229 = FACE_BOUND('',#230,.T.);
#230 = EDGE_LOOP('',(#231,#232,#233,#241));
#231 = ORIENTED_EDGE('',*,*,#104,.F.);
#232 = ORIENTED_EDGE('',*,*,#193,.T.);
#233 = ORIENTED_EDGE('',*,*,#234,.T.);
#234 = EDGE_CURVE('',#185,#235,#237,.T.);
#235 = VERTEX_POINT('',#236);
#236 = CARTESIAN_POINT('',(-0.6,0.585,1.25));
#237 = LINE('',#238,#239);
#238 = CARTESIAN_POINT('',(-0.6,-0.625,1.25));
#239 = VECTOR('',#240,1.);
#240 = DIRECTION('',(0.,1.,0.));
#241 = ORIENTED_EDGE('',*,*,#242,.F.);
#242 = EDGE_CURVE('',#96,#235,#243,.T.);
#243 = LINE('',#244,#245);
#244 = CARTESIAN_POINT('',(-1.,0.585,1.25));
#245 = VECTOR('',#246,1.);
#246 = DIRECTION('',(1.,0.,0.));
#247 = PLANE('',#248);
#248 = AXIS2_PLACEMENT_3D('',#249,#250,#251);
#249 = CARTESIAN_POINT('',(-1.,-0.625,1.25));
#250 = DIRECTION('',(0.,0.,1.));
#251 = DIRECTION('',(1.,0.,-0.));
#252 = ADVANCED_FACE('',(#253),#272,.T.);
#253 = FACE_BOUND('',#254,.T.);
#254 = EDGE_LOOP('',(#255,#263,#270,#271));
#255 = ORIENTED_EDGE('',*,*,#256,.T.);
#256 = EDGE_CURVE('',#79,#257,#259,.T.);
#257 = VERTEX_POINT('',#258);
#258 = CARTESIAN_POINT('',(-0.6,0.625,4.E-02));
#259 = LINE('',#260,#261);
#260 = CARTESIAN_POINT('',(-1.,0.625,4.E-02));
#261 = VECTOR('',#262,1.);
#262 = DIRECTION('',(1.,0.,0.));
#263 = ORIENTED_EDGE('',*,*,#264,.T.);
#264 = EDGE_CURVE('',#257,#211,#265,.T.);
#265 = CIRCLE('',#266,4.E-02);
#266 = AXIS2_PLACEMENT_3D('',#267,#268,#269);
#267 = CARTESIAN_POINT('',(-0.6,0.585,4.E-02));
#268 = DIRECTION('',(-1.,0.,0.));
#269 = DIRECTION('',(0.,0.,1.));
#270 = ORIENTED_EDGE('',*,*,#218,.F.);
#271 = ORIENTED_EDGE('',*,*,#78,.F.);
#272 = CYLINDRICAL_SURFACE('',#273,4.E-02);
#273 = AXIS2_PLACEMENT_3D('',#274,#275,#276);
#274 = CARTESIAN_POINT('',(-1.,0.585,4.E-02));
#275 = DIRECTION('',(1.,0.,0.));
#276 = DIRECTION('',(-0.,1.,0.));
#277 = ADVANCED_FACE('',(#278),#297,.T.);
#278 = FACE_BOUND('',#279,.T.);
#279 = EDGE_LOOP('',(#280,#281,#282,#291));
#280 = ORIENTED_EDGE('',*,*,#95,.T.);
#281 = ORIENTED_EDGE('',*,*,#242,.T.);
#282 = ORIENTED_EDGE('',*,*,#283,.F.);
#283 = EDGE_CURVE('',#284,#235,#286,.T.);
#284 = VERTEX_POINT('',#285);
#285 = CARTESIAN_POINT('',(-0.6,0.625,1.21));
#286 = CIRCLE('',#287,4.E-02);
#287 = AXIS2_PLACEMENT_3D('',#288,#289,#290);
#288 = CARTESIAN_POINT('',(-0.6,0.585,1.21));
#289 = DIRECTION('',(1.,0.,-0.));
#290 = DIRECTION('',(0.,0.,1.));
#291 = ORIENTED_EDGE('',*,*,#292,.F.);
#292 = EDGE_CURVE('',#88,#284,#293,.T.);
#293 = LINE('',#294,#295);
#294 = CARTESIAN_POINT('',(-1.,0.625,1.21));
#295 = VECTOR('',#296,1.);
#296 = DIRECTION('',(1.,0.,0.));
#297 = CYLINDRICAL_SURFACE('',#298,4.E-02);
#298 = AXIS2_PLACEMENT_3D('',#299,#300,#301);
#299 = CARTESIAN_POINT('',(-1.,0.585,1.21));
#300 = DIRECTION('',(1.,0.,0.));
#301 = DIRECTION('',(-0.,1.,0.));
#302 = ADVANCED_FACE('',(#303),#314,.T.);
#303 = FACE_BOUND('',#304,.T.);
#304 = EDGE_LOOP('',(#305,#311,#312,#313));
#305 = ORIENTED_EDGE('',*,*,#306,.F.);
#306 = EDGE_CURVE('',#257,#284,#307,.T.);
#307 = LINE('',#308,#309);
#308 = CARTESIAN_POINT('',(-0.6,0.625,0.));
#309 = VECTOR('',#310,1.);
#310 = DIRECTION('',(0.,0.,1.));
#311 = ORIENTED_EDGE('',*,*,#256,.F.);
#312 = ORIENTED_EDGE('',*,*,#87,.T.);
#313 = ORIENTED_EDGE('',*,*,#292,.T.);
#314 = PLANE('',#315);
#315 = AXIS2_PLACEMENT_3D('',#316,#317,#318);
#316 = CARTESIAN_POINT('',(-1.,0.625,0.));
#317 = DIRECTION('',(0.,1.,0.));
#318 = DIRECTION('',(0.,-0.,1.));
#319 = ADVANCED_FACE('',(#320,#330),#400,.T.);
#320 = FACE_BOUND('',#321,.T.);
#321 = EDGE_LOOP('',(#322,#323,#324,#325,#326,#327,#328,#329));
#322 = ORIENTED_EDGE('',*,*,#127,.F.);
#323 = ORIENTED_EDGE('',*,*,#167,.T.);
#324 = ORIENTED_EDGE('',*,*,#210,.T.);
#325 = ORIENTED_EDGE('',*,*,#264,.F.);
#326 = ORIENTED_EDGE('',*,*,#306,.T.);
#327 = ORIENTED_EDGE('',*,*,#283,.T.);
#328 = ORIENTED_EDGE('',*,*,#234,.F.);
#329 = ORIENTED_EDGE('',*,*,#184,.F.);
#330 = FACE_BOUND('',#331,.T.);
#331 = EDGE_LOOP('',(#332,#343,#351,#360,#368,#377,#385,#394));
#332 = ORIENTED_EDGE('',*,*,#333,.F.);
#333 = EDGE_CURVE('',#334,#336,#338,.T.);
#334 = VERTEX_POINT('',#335);
#335 = CARTESIAN_POINT('',(-0.6,-0.585,8.E-02));
#336 = VERTEX_POINT('',#337);
#337 = CARTESIAN_POINT('',(-0.6,-0.545,4.E-02));
#338 = CIRCLE('',#339,4.E-02);
#339 = AXIS2_PLACEMENT_3D('',#340,#341,#342);
#340 = CARTESIAN_POINT('',(-0.6,-0.545,8.E-02));
#341 = DIRECTION('',(1.,0.,-0.));
#342 = DIRECTION('',(0.,0.,1.));
#343 = ORIENTED_EDGE('',*,*,#344,.T.);
#344 = EDGE_CURVE('',#334,#345,#347,.T.);
#345 = VERTEX_POINT('',#346);
#346 = CARTESIAN_POINT('',(-0.6,-0.585,1.17));
#347 = LINE('',#348,#349);
#348 = CARTESIAN_POINT('',(-0.6,-0.585,4.E-02));
#349 = VECTOR('',#350,1.);
#350 = DIRECTION('',(0.,0.,1.));
#351 = ORIENTED_EDGE('',*,*,#352,.T.);
#352 = EDGE_CURVE('',#345,#353,#355,.T.);
#353 = VERTEX_POINT('',#354);
#354 = CARTESIAN_POINT('',(-0.6,-0.545,1.21));
#355 = CIRCLE('',#356,4.E-02);
#356 = AXIS2_PLACEMENT_3D('',#357,#358,#359);
#357 = CARTESIAN_POINT('',(-0.6,-0.545,1.17));
#358 = DIRECTION('',(-1.,0.,0.));
#359 = DIRECTION('',(0.,0.,1.));
#360 = ORIENTED_EDGE('',*,*,#361,.T.);
#361 = EDGE_CURVE('',#353,#362,#364,.T.);
#362 = VERTEX_POINT('',#363);
#363 = CARTESIAN_POINT('',(-0.6,0.545,1.21));
#364 = LINE('',#365,#366);
#365 = CARTESIAN_POINT('',(-0.6,-0.585,1.21));
#366 = VECTOR('',#367,1.);
#367 = DIRECTION('',(0.,1.,0.));
#368 = ORIENTED_EDGE('',*,*,#369,.F.);
#369 = EDGE_CURVE('',#370,#362,#372,.T.);
#370 = VERTEX_POINT('',#371);
#371 = CARTESIAN_POINT('',(-0.6,0.585,1.17));
#372 = CIRCLE('',#373,4.E-02);
#373 = AXIS2_PLACEMENT_3D('',#374,#375,#376);
#374 = CARTESIAN_POINT('',(-0.6,0.545,1.17));
#375 = DIRECTION('',(1.,0.,-0.));
#376 = DIRECTION('',(0.,0.,1.));
#377 = ORIENTED_EDGE('',*,*,#378,.F.);
#378 = EDGE_CURVE('',#379,#370,#381,.T.);
#379 = VERTEX_POINT('',#380);
#380 = CARTESIAN_POINT('',(-0.6,0.585,8.E-02));
#381 = LINE('',#382,#383);
#382 = CARTESIAN_POINT('',(-0.6,0.585,4.E-02));
#383 = VECTOR('',#384,1.);
#384 = DIRECTION('',(0.,0.,1.));
#385 = ORIENTED_EDGE('',*,*,#386,.T.);
#386 = EDGE_CURVE('',#379,#387,#389,.T.);
#387 = VERTEX_POINT('',#388);
#388 = CARTESIAN_POINT('',(-0.6,0.545,4.E-02));
#389 = CIRCLE('',#390,4.E-02);
#390 = AXIS2_PLACEMENT_3D('',#391,#392,#393);
#391 = CARTESIAN_POINT('',(-0.6,0.545,8.E-02));
#392 = DIRECTION('',(-1.,0.,0.));
#393 = DIRECTION('',(0.,0.,1.));
#394 = ORIENTED_EDGE('',*,*,#395,.F.);
#395 = EDGE_CURVE('',#336,#387,#396,.T.);
#396 = LINE('',#397,#398);
#397 = CARTESIAN_POINT('',(-0.6,-0.585,4.E-02));
#398 = VECTOR('',#399,1.);
#399 = DIRECTION('',(0.,1.,0.));
#400 = PLANE('',#401);
#401 = AXIS2_PLACEMENT_3D('',#402,#403,#404);
#402 = CARTESIAN_POINT('',(-0.6,-0.625,0.));
#403 = DIRECTION('',(1.,0.,0.));
#404 = DIRECTION('',(0.,0.,1.));
#405 = ADVANCED_FACE('',(#406),#432,.T.);
#406 = FACE_BOUND('',#407,.T.);
#407 = EDGE_LOOP('',(#408,#409,#417,#426));
#408 = ORIENTED_EDGE('',*,*,#333,.T.);
#409 = ORIENTED_EDGE('',*,*,#410,.T.);
#410 = EDGE_CURVE('',#336,#411,#413,.T.);
#411 = VERTEX_POINT('',#412);
#412 = CARTESIAN_POINT('',(0.6,-0.545,4.E-02));
#413 = LINE('',#414,#415);
#414 = CARTESIAN_POINT('',(-0.6,-0.545,4.E-02));
#415 = VECTOR('',#416,1.);
#416 = DIRECTION('',(1.,0.,0.));
#417 = ORIENTED_EDGE('',*,*,#418,.F.);
#418 = EDGE_CURVE('',#419,#411,#421,.T.);
#419 = VERTEX_POINT('',#420);
#420 = CARTESIAN_POINT('',(0.6,-0.585,8.E-02));
#421 = CIRCLE('',#422,4.E-02);
#422 = AXIS2_PLACEMENT_3D('',#423,#424,#425);
#423 = CARTESIAN_POINT('',(0.6,-0.545,8.E-02));
#424 = DIRECTION('',(1.,0.,-0.));
#425 = DIRECTION('',(0.,0.,1.));
#426 = ORIENTED_EDGE('',*,*,#427,.F.);
#427 = EDGE_CURVE('',#334,#419,#428,.T.);
#428 = LINE('',#429,#430);
#429 = CARTESIAN_POINT('',(-0.6,-0.585,8.E-02));
#430 = VECTOR('',#431,1.);
#431 = DIRECTION('',(1.,0.,0.));
#432 = CYLINDRICAL_SURFACE('',#433,4.E-02);
#433 = AXIS2_PLACEMENT_3D('',#434,#435,#436);
#434 = CARTESIAN_POINT('',(-0.6,-0.545,8.E-02));
#435 = DIRECTION('',(1.,0.,0.));
#436 = DIRECTION('',(0.,-1.,0.));
#437 = ADVANCED_FACE('',(#438),#456,.F.);
#438 = FACE_BOUND('',#439,.F.);
#439 = EDGE_LOOP('',(#440,#441,#442,#450));
#440 = ORIENTED_EDGE('',*,*,#395,.F.);
#441 = ORIENTED_EDGE('',*,*,#410,.T.);
#442 = ORIENTED_EDGE('',*,*,#443,.T.);
#443 = EDGE_CURVE('',#411,#444,#446,.T.);
#444 = VERTEX_POINT('',#445);
#445 = CARTESIAN_POINT('',(0.6,0.545,4.E-02));
#446 = LINE('',#447,#448);
#447 = CARTESIAN_POINT('',(0.6,-0.585,4.E-02));
#448 = VECTOR('',#449,1.);
#449 = DIRECTION('',(0.,1.,0.));
#450 = ORIENTED_EDGE('',*,*,#451,.F.);
#451 = EDGE_CURVE('',#387,#444,#452,.T.);
#452 = LINE('',#453,#454);
#453 = CARTESIAN_POINT('',(-0.6,0.545,4.E-02));
#454 = VECTOR('',#455,1.);
#455 = DIRECTION('',(1.,0.,0.));
#456 = PLANE('',#457);
#457 = AXIS2_PLACEMENT_3D('',#458,#459,#460);
#458 = CARTESIAN_POINT('',(-0.6,-0.585,4.E-02));
#459 = DIRECTION('',(0.,0.,1.));
#460 = DIRECTION('',(1.,0.,-0.));
#461 = ADVANCED_FACE('',(#462),#481,.T.);
#462 = FACE_BOUND('',#463,.T.);
#463 = EDGE_LOOP('',(#464,#472,#479,#480));
#464 = ORIENTED_EDGE('',*,*,#465,.T.);
#465 = EDGE_CURVE('',#379,#466,#468,.T.);
#466 = VERTEX_POINT('',#467);
#467 = CARTESIAN_POINT('',(0.6,0.585,8.E-02));
#468 = LINE('',#469,#470);
#469 = CARTESIAN_POINT('',(-0.6,0.585,8.E-02));
#470 = VECTOR('',#471,1.);
#471 = DIRECTION('',(1.,0.,0.));
#472 = ORIENTED_EDGE('',*,*,#473,.T.);
#473 = EDGE_CURVE('',#466,#444,#474,.T.);
#474 = CIRCLE('',#475,4.E-02);
#475 = AXIS2_PLACEMENT_3D('',#476,#477,#478);
#476 = CARTESIAN_POINT('',(0.6,0.545,8.E-02));
#477 = DIRECTION('',(-1.,0.,0.));
#478 = DIRECTION('',(0.,0.,1.));
#479 = ORIENTED_EDGE('',*,*,#451,.F.);
#480 = ORIENTED_EDGE('',*,*,#386,.F.);
#481 = CYLINDRICAL_SURFACE('',#482,4.E-02);
#482 = AXIS2_PLACEMENT_3D('',#483,#484,#485);
#483 = CARTESIAN_POINT('',(-0.6,0.545,8.E-02));
#484 = DIRECTION('',(1.,0.,0.));
#485 = DIRECTION('',(-0.,1.,0.));
#486 = ADVANCED_FACE('',(#487),#505,.T.);
#487 = FACE_BOUND('',#488,.T.);
#488 = EDGE_LOOP('',(#489,#497,#498,#499));
#489 = ORIENTED_EDGE('',*,*,#490,.F.);
#490 = EDGE_CURVE('',#466,#491,#493,.T.);
#491 = VERTEX_POINT('',#492);
#492 = CARTESIAN_POINT('',(0.6,0.585,1.17));
#493 = LINE('',#494,#495);
#494 = CARTESIAN_POINT('',(0.6,0.585,4.E-02));
#495 = VECTOR('',#496,1.);
#496 = DIRECTION('',(0.,0.,1.));
#497 = ORIENTED_EDGE('',*,*,#465,.F.);
#498 = ORIENTED_EDGE('',*,*,#378,.T.);
#499 = ORIENTED_EDGE('',*,*,#500,.T.);
#500 = EDGE_CURVE('',#370,#491,#501,.T.);
#501 = LINE('',#502,#503);
#502 = CARTESIAN_POINT('',(-0.6,0.585,1.17));
#503 = VECTOR('',#504,1.);
#504 = DIRECTION('',(1.,0.,0.));
#505 = PLANE('',#506);
#506 = AXIS2_PLACEMENT_3D('',#507,#508,#509);
#507 = CARTESIAN_POINT('',(-0.6,0.585,4.E-02));
#508 = DIRECTION('',(0.,1.,0.));
#509 = DIRECTION('',(0.,-0.,1.));
#510 = ADVANCED_FACE('',(#511),#530,.T.);
#511 = FACE_BOUND('',#512,.T.);
#512 = EDGE_LOOP('',(#513,#514,#522,#529));
#513 = ORIENTED_EDGE('',*,*,#369,.T.);
#514 = ORIENTED_EDGE('',*,*,#515,.T.);
#515 = EDGE_CURVE('',#362,#516,#518,.T.);
#516 = VERTEX_POINT('',#517);
#517 = CARTESIAN_POINT('',(0.6,0.545,1.21));
#518 = LINE('',#519,#520);
#519 = CARTESIAN_POINT('',(-0.6,0.545,1.21));
#520 = VECTOR('',#521,1.);
#521 = DIRECTION('',(1.,0.,0.));
#522 = ORIENTED_EDGE('',*,*,#523,.F.);
#523 = EDGE_CURVE('',#491,#516,#524,.T.);
#524 = CIRCLE('',#525,4.E-02);
#525 = AXIS2_PLACEMENT_3D('',#526,#527,#528);
#526 = CARTESIAN_POINT('',(0.6,0.545,1.17));
#527 = DIRECTION('',(1.,0.,-0.));
#528 = DIRECTION('',(0.,0.,1.));
#529 = ORIENTED_EDGE('',*,*,#500,.F.);
#530 = CYLINDRICAL_SURFACE('',#531,4.E-02);
#531 = AXIS2_PLACEMENT_3D('',#532,#533,#534);
#532 = CARTESIAN_POINT('',(-0.6,0.545,1.17));
#533 = DIRECTION('',(1.,0.,0.));
#534 = DIRECTION('',(-0.,1.,0.));
#535 = ADVANCED_FACE('',(#536),#554,.T.);
#536 = FACE_BOUND('',#537,.T.);
#537 = EDGE_LOOP('',(#538,#539,#547,#553));
#538 = ORIENTED_EDGE('',*,*,#361,.F.);
#539 = ORIENTED_EDGE('',*,*,#540,.T.);
#540 = EDGE_CURVE('',#353,#541,#543,.T.);
#541 = VERTEX_POINT('',#542);
#542 = CARTESIAN_POINT('',(0.6,-0.545,1.21));
#543 = LINE('',#544,#545);
#544 = CARTESIAN_POINT('',(-0.6,-0.545,1.21));
#545 = VECTOR('',#546,1.);
#546 = DIRECTION('',(1.,0.,0.));
#547 = ORIENTED_EDGE('',*,*,#548,.T.);
#548 = EDGE_CURVE('',#541,#516,#549,.T.);
#549 = LINE('',#550,#551);
#550 = CARTESIAN_POINT('',(0.6,-0.585,1.21));
#551 = VECTOR('',#552,1.);
#552 = DIRECTION('',(0.,1.,0.));
#553 = ORIENTED_EDGE('',*,*,#515,.F.);
#554 = PLANE('',#555);
#555 = AXIS2_PLACEMENT_3D('',#556,#557,#558);
#556 = CARTESIAN_POINT('',(-0.6,-0.585,1.21));
#557 = DIRECTION('',(0.,0.,1.));
#558 = DIRECTION('',(1.,0.,-0.));
#559 = ADVANCED_FACE('',(#560),#579,.T.);
#560 = FACE_BOUND('',#561,.T.);
#561 = EDGE_LOOP('',(#562,#570,#577,#578));
#562 = ORIENTED_EDGE('',*,*,#563,.T.);
#563 = EDGE_CURVE('',#345,#564,#566,.T.);
#564 = VERTEX_POINT('',#565);
#565 = CARTESIAN_POINT('',(0.6,-0.585,1.17));
#566 = LINE('',#567,#568);
#567 = CARTESIAN_POINT('',(-0.6,-0.585,1.17));
#568 = VECTOR('',#569,1.);
#569 = DIRECTION('',(1.,0.,0.));
#570 = ORIENTED_EDGE('',*,*,#571,.T.);
#571 = EDGE_CURVE('',#564,#541,#572,.T.);
#572 = CIRCLE('',#573,4.E-02);
#573 = AXIS2_PLACEMENT_3D('',#574,#575,#576);
#574 = CARTESIAN_POINT('',(0.6,-0.545,1.17));
#575 = DIRECTION('',(-1.,0.,0.));
#576 = DIRECTION('',(0.,0.,1.));
#577 = ORIENTED_EDGE('',*,*,#540,.F.);
#578 = ORIENTED_EDGE('',*,*,#352,.F.);
#579 = CYLINDRICAL_SURFACE('',#580,4.E-02);
#580 = AXIS2_PLACEMENT_3D('',#581,#582,#583);
#581 = CARTESIAN_POINT('',(-0.6,-0.545,1.17));
#582 = DIRECTION('',(1.,0.,0.));
#583 = DIRECTION('',(0.,-1.,0.));
#584 = ADVANCED_FACE('',(#585),#596,.F.);
#585 = FACE_BOUND('',#586,.F.);
#586 = EDGE_LOOP('',(#587,#593,#594,#595));
#587 = ORIENTED_EDGE('',*,*,#588,.F.);
#588 = EDGE_CURVE('',#419,#564,#589,.T.);
#589 = LINE('',#590,#591);
#590 = CARTESIAN_POINT('',(0.6,-0.585,4.E-02));
#591 = VECTOR('',#592,1.);
#592 = DIRECTION('',(0.,0.,1.));
#593 = ORIENTED_EDGE('',*,*,#427,.F.);
#594 = ORIENTED_EDGE('',*,*,#344,.T.);
#595 = ORIENTED_EDGE('',*,*,#563,.T.);
#596 = PLANE('',#597);
#597 = AXIS2_PLACEMENT_3D('',#598,#599,#600);
#598 = CARTESIAN_POINT('',(-0.6,-0.585,4.E-02));
#599 = DIRECTION('',(0.,1.,0.));
#600 = DIRECTION('',(0.,-0.,1.));
#601 = ADVANCED_FACE('',(#602,#672),#682,.F.);
#602 = FACE_BOUND('',#603,.F.);
#603 = EDGE_LOOP('',(#604,#614,#623,#631,#640,#648,#657,#665));
#604 = ORIENTED_EDGE('',*,*,#605,.F.);
#605 = EDGE_CURVE('',#606,#608,#610,.T.);
#606 = VERTEX_POINT('',#607);
#607 = CARTESIAN_POINT('',(0.6,-0.625,4.E-02));
#608 = VERTEX_POINT('',#609);
#609 = CARTESIAN_POINT('',(0.6,-0.625,1.21));
#610 = LINE('',#611,#612);
#611 = CARTESIAN_POINT('',(0.6,-0.625,0.));
#612 = VECTOR('',#613,1.);
#613 = DIRECTION('',(0.,0.,1.));
#614 = ORIENTED_EDGE('',*,*,#615,.T.);
#615 = EDGE_CURVE('',#606,#616,#618,.T.);
#616 = VERTEX_POINT('',#617);
#617 = CARTESIAN_POINT('',(0.6,-0.585,0.));
#618 = CIRCLE('',#619,4.E-02);
#619 = AXIS2_PLACEMENT_3D('',#620,#621,#622);
#620 = CARTESIAN_POINT('',(0.6,-0.585,4.E-02));
#621 = DIRECTION('',(1.,0.,-0.));
#622 = DIRECTION('',(0.,0.,1.));
#623 = ORIENTED_EDGE('',*,*,#624,.T.);
#624 = EDGE_CURVE('',#616,#625,#627,.T.);
#625 = VERTEX_POINT('',#626);
#626 = CARTESIAN_POINT('',(0.6,0.585,0.));
#627 = LINE('',#628,#629);
#628 = CARTESIAN_POINT('',(0.6,-0.625,0.));
#629 = VECTOR('',#630,1.);
#630 = DIRECTION('',(0.,1.,0.));
#631 = ORIENTED_EDGE('',*,*,#632,.F.);
#632 = EDGE_CURVE('',#633,#625,#635,.T.);
#633 = VERTEX_POINT('',#634);
#634 = CARTESIAN_POINT('',(0.6,0.625,4.E-02));
#635 = CIRCLE('',#636,4.E-02);
#636 = AXIS2_PLACEMENT_3D('',#637,#638,#639);
#637 = CARTESIAN_POINT('',(0.6,0.585,4.E-02));
#638 = DIRECTION('',(-1.,0.,0.));
#639 = DIRECTION('',(0.,0.,1.));
#640 = ORIENTED_EDGE('',*,*,#641,.T.);
#641 = EDGE_CURVE('',#633,#642,#644,.T.);
#642 = VERTEX_POINT('',#643);
#643 = CARTESIAN_POINT('',(0.6,0.625,1.21));
#644 = LINE('',#645,#646);
#645 = CARTESIAN_POINT('',(0.6,0.625,0.));
#646 = VECTOR('',#647,1.);
#647 = DIRECTION('',(0.,0.,1.));
#648 = ORIENTED_EDGE('',*,*,#649,.T.);
#649 = EDGE_CURVE('',#642,#650,#652,.T.);
#650 = VERTEX_POINT('',#651);
#651 = CARTESIAN_POINT('',(0.6,0.585,1.25));
#652 = CIRCLE('',#653,4.E-02);
#653 = AXIS2_PLACEMENT_3D('',#654,#655,#656);
#654 = CARTESIAN_POINT('',(0.6,0.585,1.21));
#655 = DIRECTION('',(1.,0.,-0.));
#656 = DIRECTION('',(0.,0.,1.));
#657 = ORIENTED_EDGE('',*,*,#658,.F.);
#658 = EDGE_CURVE('',#659,#650,#661,.T.);
#659 = VERTEX_POINT('',#660);
#660 = CARTESIAN_POINT('',(0.6,-0.585,1.25));
#661 = LINE('',#662,#663);
#662 = CARTESIAN_POINT('',(0.6,-0.625,1.25));
#663 = VECTOR('',#664,1.);
#664 = DIRECTION('',(0.,1.,0.));
#665 = ORIENTED_EDGE('',*,*,#666,.F.);
#666 = EDGE_CURVE('',#608,#659,#667,.T.);
#667 = CIRCLE('',#668,4.E-02);
#668 = AXIS2_PLACEMENT_3D('',#669,#670,#671);
#669 = CARTESIAN_POINT('',(0.6,-0.585,1.21));
#670 = DIRECTION('',(-1.,0.,0.));
#671 = DIRECTION('',(0.,0.,1.));
#672 = FACE_BOUND('',#673,.F.);
#673 = EDGE_LOOP('',(#674,#675,#676,#677,#678,#679,#680,#681));
#674 = ORIENTED_EDGE('',*,*,#418,.F.);
#675 = ORIENTED_EDGE('',*,*,#588,.T.);
#676 = ORIENTED_EDGE('',*,*,#571,.T.);
#677 = ORIENTED_EDGE('',*,*,#548,.T.);
#678 = ORIENTED_EDGE('',*,*,#523,.F.);
#679 = ORIENTED_EDGE('',*,*,#490,.F.);
#680 = ORIENTED_EDGE('',*,*,#473,.T.);
#681 = ORIENTED_EDGE('',*,*,#443,.F.);
#682 = PLANE('',#683);
#683 = AXIS2_PLACEMENT_3D('',#684,#685,#686);
#684 = CARTESIAN_POINT('',(0.6,-0.625,0.));
#685 = DIRECTION('',(1.,0.,0.));
#686 = DIRECTION('',(0.,0.,1.));
#687 = ADVANCED_FACE('',(#688),#713,.F.);
#688 = FACE_BOUND('',#689,.F.);
#689 = EDGE_LOOP('',(#690,#700,#706,#707));
#690 = ORIENTED_EDGE('',*,*,#691,.F.);
#691 = EDGE_CURVE('',#692,#694,#696,.T.);
#692 = VERTEX_POINT('',#693);
#693 = CARTESIAN_POINT('',(1.,-0.625,4.E-02));
#694 = VERTEX_POINT('',#695);
#695 = CARTESIAN_POINT('',(1.,-0.625,1.21));
#696 = LINE('',#697,#698);
#697 = CARTESIAN_POINT('',(1.,-0.625,0.));
#698 = VECTOR('',#699,1.);
#699 = DIRECTION('',(0.,0.,1.));
#700 = ORIENTED_EDGE('',*,*,#701,.F.);
#701 = EDGE_CURVE('',#606,#692,#702,.T.);
#702 = LINE('',#703,#704);
#703 = CARTESIAN_POINT('',(0.6,-0.625,4.E-02));
#704 = VECTOR('',#705,1.);
#705 = DIRECTION('',(1.,0.,0.));
#706 = ORIENTED_EDGE('',*,*,#605,.T.);
#707 = ORIENTED_EDGE('',*,*,#708,.T.);
#708 = EDGE_CURVE('',#608,#694,#709,.T.);
#709 = LINE('',#710,#711);
#710 = CARTESIAN_POINT('',(0.6,-0.625,1.21));
#711 = VECTOR('',#712,1.);
#712 = DIRECTION('',(1.,0.,0.));
#713 = PLANE('',#714);
#714 = AXIS2_PLACEMENT_3D('',#715,#716,#717);
#715 = CARTESIAN_POINT('',(0.6,-0.625,0.));
#716 = DIRECTION('',(0.,1.,0.));
#717 = DIRECTION('',(0.,-0.,1.));
#718 = ADVANCED_FACE('',(#719),#738,.T.);
#719 = FACE_BOUND('',#720,.T.);
#720 = EDGE_LOOP('',(#721,#722,#730,#737));
#721 = ORIENTED_EDGE('',*,*,#615,.T.);
#722 = ORIENTED_EDGE('',*,*,#723,.T.);
#723 = EDGE_CURVE('',#616,#724,#726,.T.);
#724 = VERTEX_POINT('',#725);
#725 = CARTESIAN_POINT('',(1.,-0.585,0.));
#726 = LINE('',#727,#728);
#727 = CARTESIAN_POINT('',(0.6,-0.585,0.));
#728 = VECTOR('',#729,1.);
#729 = DIRECTION('',(1.,0.,0.));
#730 = ORIENTED_EDGE('',*,*,#731,.F.);
#731 = EDGE_CURVE('',#692,#724,#732,.T.);
#732 = CIRCLE('',#733,4.E-02);
#733 = AXIS2_PLACEMENT_3D('',#734,#735,#736);
#734 = CARTESIAN_POINT('',(1.,-0.585,4.E-02));
#735 = DIRECTION('',(1.,0.,-0.));
#736 = DIRECTION('',(0.,0.,1.));
#737 = ORIENTED_EDGE('',*,*,#701,.F.);
#738 = CYLINDRICAL_SURFACE('',#739,4.E-02);
#739 = AXIS2_PLACEMENT_3D('',#740,#741,#742);
#740 = CARTESIAN_POINT('',(0.6,-0.585,4.E-02));
#741 = DIRECTION('',(1.,0.,0.));
#742 = DIRECTION('',(0.,-1.,0.));
#743 = ADVANCED_FACE('',(#744),#763,.T.);
#744 = FACE_BOUND('',#745,.T.);
#745 = EDGE_LOOP('',(#746,#747,#756,#762));
#746 = ORIENTED_EDGE('',*,*,#708,.T.);
#747 = ORIENTED_EDGE('',*,*,#748,.T.);
#748 = EDGE_CURVE('',#694,#749,#751,.T.);
#749 = VERTEX_POINT('',#750);
#750 = CARTESIAN_POINT('',(1.,-0.585,1.25));
#751 = CIRCLE('',#752,4.E-02);
#752 = AXIS2_PLACEMENT_3D('',#753,#754,#755);
#753 = CARTESIAN_POINT('',(1.,-0.585,1.21));
#754 = DIRECTION('',(-1.,0.,0.));
#755 = DIRECTION('',(0.,0.,1.));
#756 = ORIENTED_EDGE('',*,*,#757,.F.);
#757 = EDGE_CURVE('',#659,#749,#758,.T.);
#758 = LINE('',#759,#760);
#759 = CARTESIAN_POINT('',(0.6,-0.585,1.25));
#760 = VECTOR('',#761,1.);
#761 = DIRECTION('',(1.,0.,0.));
#762 = ORIENTED_EDGE('',*,*,#666,.F.);
#763 = CYLINDRICAL_SURFACE('',#764,4.E-02);
#764 = AXIS2_PLACEMENT_3D('',#765,#766,#767);
#765 = CARTESIAN_POINT('',(0.6,-0.585,1.21));
#766 = DIRECTION('',(1.,0.,0.));
#767 = DIRECTION('',(0.,-1.,0.));
#768 = ADVANCED_FACE('',(#769),#787,.F.);
#769 = FACE_BOUND('',#770,.F.);
#770 = EDGE_LOOP('',(#771,#772,#773,#781));
#771 = ORIENTED_EDGE('',*,*,#624,.F.);
#772 = ORIENTED_EDGE('',*,*,#723,.T.);
#773 = ORIENTED_EDGE('',*,*,#774,.T.);
#774 = EDGE_CURVE('',#724,#775,#777,.T.);
#775 = VERTEX_POINT('',#776);
#776 = CARTESIAN_POINT('',(1.,0.585,0.));
#777 = LINE('',#778,#779);
#778 = CARTESIAN_POINT('',(1.,-0.625,0.));
#779 = VECTOR('',#780,1.);
#780 = DIRECTION('',(0.,1.,0.));
#781 = ORIENTED_EDGE('',*,*,#782,.F.);
#782 = EDGE_CURVE('',#625,#775,#783,.T.);
#783 = LINE('',#784,#785);
#784 = CARTESIAN_POINT('',(0.6,0.585,0.));
#785 = VECTOR('',#786,1.);
#786 = DIRECTION('',(1.,0.,0.));
#787 = PLANE('',#788);
#788 = AXIS2_PLACEMENT_3D('',#789,#790,#791);
#789 = CARTESIAN_POINT('',(0.6,-0.625,0.));
#790 = DIRECTION('',(0.,0.,1.));
#791 = DIRECTION('',(1.,0.,-0.));
#792 = ADVANCED_FACE('',(#793),#811,.T.);
#793 = FACE_BOUND('',#794,.T.);
#794 = EDGE_LOOP('',(#795,#796,#797,#805));
#795 = ORIENTED_EDGE('',*,*,#658,.F.);
#796 = ORIENTED_EDGE('',*,*,#757,.T.);
#797 = ORIENTED_EDGE('',*,*,#798,.T.);
#798 = EDGE_CURVE('',#749,#799,#801,.T.);
#799 = VERTEX_POINT('',#800);
#800 = CARTESIAN_POINT('',(1.,0.585,1.25));
#801 = LINE('',#802,#803);
#802 = CARTESIAN_POINT('',(1.,-0.625,1.25));
#803 = VECTOR('',#804,1.);
#804 = DIRECTION('',(0.,1.,0.));
#805 = ORIENTED_EDGE('',*,*,#806,.F.);
#806 = EDGE_CURVE('',#650,#799,#807,.T.);
#807 = LINE('',#808,#809);
#808 = CARTESIAN_POINT('',(0.6,0.585,1.25));
#809 = VECTOR('',#810,1.);
#810 = DIRECTION('',(1.,0.,0.));
#811 = PLANE('',#812);
#812 = AXIS2_PLACEMENT_3D('',#813,#814,#815);
#813 = CARTESIAN_POINT('',(0.6,-0.625,1.25));
#814 = DIRECTION('',(0.,0.,1.));
#815 = DIRECTION('',(1.,0.,-0.));
#816 = ADVANCED_FACE('',(#817),#836,.T.);
#817 = FACE_BOUND('',#818,.T.);
#818 = EDGE_LOOP('',(#819,#827,#834,#835));
#819 = ORIENTED_EDGE('',*,*,#820,.T.);
#820 = EDGE_CURVE('',#633,#821,#823,.T.);
#821 = VERTEX_POINT('',#822);
#822 = CARTESIAN_POINT('',(1.,0.625,4.E-02));
#823 = LINE('',#824,#825);
#824 = CARTESIAN_POINT('',(0.6,0.625,4.E-02));
#825 = VECTOR('',#826,1.);
#826 = DIRECTION('',(1.,0.,0.));
#827 = ORIENTED_EDGE('',*,*,#828,.T.);
#828 = EDGE_CURVE('',#821,#775,#829,.T.);
#829 = CIRCLE('',#830,4.E-02);
#830 = AXIS2_PLACEMENT_3D('',#831,#832,#833);
#831 = CARTESIAN_POINT('',(1.,0.585,4.E-02));
#832 = DIRECTION('',(-1.,0.,0.));
#833 = DIRECTION('',(0.,0.,1.));
#834 = ORIENTED_EDGE('',*,*,#782,.F.);
#835 = ORIENTED_EDGE('',*,*,#632,.F.);
#836 = CYLINDRICAL_SURFACE('',#837,4.E-02);
#837 = AXIS2_PLACEMENT_3D('',#838,#839,#840);
#838 = CARTESIAN_POINT('',(0.6,0.585,4.E-02));
#839 = DIRECTION('',(1.,0.,0.));
#840 = DIRECTION('',(-0.,1.,0.));
#841 = ADVANCED_FACE('',(#842),#861,.T.);
#842 = FACE_BOUND('',#843,.T.);
#843 = EDGE_LOOP('',(#844,#845,#846,#855));
#844 = ORIENTED_EDGE('',*,*,#649,.T.);
#845 = ORIENTED_EDGE('',*,*,#806,.T.);
#846 = ORIENTED_EDGE('',*,*,#847,.F.);
#847 = EDGE_CURVE('',#848,#799,#850,.T.);
#848 = VERTEX_POINT('',#849);
#849 = CARTESIAN_POINT('',(1.,0.625,1.21));
#850 = CIRCLE('',#851,4.E-02);
#851 = AXIS2_PLACEMENT_3D('',#852,#853,#854);
#852 = CARTESIAN_POINT('',(1.,0.585,1.21));
#853 = DIRECTION('',(1.,0.,-0.));
#854 = DIRECTION('',(0.,0.,1.));
#855 = ORIENTED_EDGE('',*,*,#856,.F.);
#856 = EDGE_CURVE('',#642,#848,#857,.T.);
#857 = LINE('',#858,#859);
#858 = CARTESIAN_POINT('',(0.6,0.625,1.21));
#859 = VECTOR('',#860,1.);
#860 = DIRECTION('',(1.,0.,0.));
#861 = CYLINDRICAL_SURFACE('',#862,4.E-02);
#862 = AXIS2_PLACEMENT_3D('',#863,#864,#865);
#863 = CARTESIAN_POINT('',(0.6,0.585,1.21));
#864 = DIRECTION('',(1.,0.,0.));
#865 = DIRECTION('',(-0.,1.,0.));
#866 = ADVANCED_FACE('',(#867),#878,.T.);
#867 = FACE_BOUND('',#868,.T.);
#868 = EDGE_LOOP('',(#869,#875,#876,#877));
#869 = ORIENTED_EDGE('',*,*,#870,.F.);
#870 = EDGE_CURVE('',#821,#848,#871,.T.);
#871 = LINE('',#872,#873);
#872 = CARTESIAN_POINT('',(1.,0.625,0.));
#873 = VECTOR('',#874,1.);
#874 = DIRECTION('',(0.,0.,1.));
#875 = ORIENTED_EDGE('',*,*,#820,.F.);
#876 = ORIENTED_EDGE('',*,*,#641,.T.);
#877 = ORIENTED_EDGE('',*,*,#856,.T.);
#878 = PLANE('',#879);
#879 = AXIS2_PLACEMENT_3D('',#880,#881,#882);
#880 = CARTESIAN_POINT('',(0.6,0.625,0.));
#881 = DIRECTION('',(0.,1.,0.));
#882 = DIRECTION('',(0.,-0.,1.));
#883 = ADVANCED_FACE('',(#884),#894,.T.);
#884 = FACE_BOUND('',#885,.T.);
#885 = EDGE_LOOP('',(#886,#887,#888,#889,#890,#891,#892,#893));
#886 = ORIENTED_EDGE('',*,*,#691,.F.);
#887 = ORIENTED_EDGE('',*,*,#731,.T.);
#888 = ORIENTED_EDGE('',*,*,#774,.T.);
#889 = ORIENTED_EDGE('',*,*,#828,.F.);
#890 = ORIENTED_EDGE('',*,*,#870,.T.);
#891 = ORIENTED_EDGE('',*,*,#847,.T.);
#892 = ORIENTED_EDGE('',*,*,#798,.F.);
#893 = ORIENTED_EDGE('',*,*,#748,.F.);
#894 = PLANE('',#895);
#895 = AXIS2_PLACEMENT_3D('',#896,#897,#898);
#896 = CARTESIAN_POINT('',(1.,-0.625,0.));
#897 = DIRECTION('',(1.,0.,0.));
#898 = DIRECTION('',(0.,0.,1.));
#899 = ( GEOMETRIC_REPRESENTATION_CONTEXT(3) 
GLOBAL_UNCERTAINTY_ASSIGNED_CONTEXT((#903)) GLOBAL_UNIT_ASSIGNED_CONTEXT
((#900,#901,#902)) REPRESENTATION_CONTEXT('Context #1',
  '3D Context with UNIT and UNCERTAINTY') );
#900 = ( LENGTH_UNIT() NAMED_UNIT(*) SI_UNIT(.MILLI.,.METRE.) );
#901 = ( NAMED_UNIT(*) PLANE_ANGLE_UNIT() SI_UNIT($,.RADIAN.) );
#902 = ( NAMED_UNIT(*) SI_UNIT($,.STERADIAN.) SOLID_ANGLE_UNIT() );
#903 = UNCERTAINTY_MEASURE_WITH_UNIT(LENGTH_MEASURE(1.E-07),#900,
  'distance_accuracy_value','confusion accuracy');
#904 = CONTEXT_DEPENDENT_SHAPE_REPRESENTATION(#905,#907);
#905 = ( REPRESENTATION_RELATIONSHIP('','',#44,#10) 
REPRESENTATION_RELATIONSHIP_WITH_TRANSFORMATION(#906) 
SHAPE_REPRESENTATION_RELATIONSHIP() );
#906 = ITEM_DEFINED_TRANSFORMATION('','',#11,#15);
#907 = PRODUCT_DEFINITION_SHAPE('Placement','Placement of an item',#908
  );
#908 = NEXT_ASSEMBLY_USAGE_OCCURRENCE('1','C2','',#5,#39,$);
#909 = PRODUCT_RELATED_PRODUCT_CATEGORY('part',$,(#41));
#910 = CONTEXT_DEPENDENT_SHAPE_REPRESENTATION(#911,#913);
#911 = ( REPRESENTATION_RELATIONSHIP('','',#44,#10) 
REPRESENTATION_RELATIONSHIP_WITH_TRANSFORMATION(#912) 
SHAPE_REPRESENTATION_RELATIONSHIP() );
#912 = ITEM_DEFINED_TRANSFORMATION('','',#11,#19);
#913 = PRODUCT_DEFINITION_SHAPE('Placement','Placement of an item',#914
  );
#914 = NEXT_ASSEMBLY_USAGE_OCCURRENCE('2','C3','',#5,#39,$);
#915 = CONTEXT_DEPENDENT_SHAPE_REPRESENTATION(#916,#918);
#916 = ( REPRESENTATION_RELATIONSHIP('','',#44,#10) 
REPRESENTATION_RELATIONSHIP_WITH_TRANSFORMATION(#917) 
SHAPE_REPRESENTATION_RELATIONSHIP() );
#917 = ITEM_DEFINED_TRANSFORMATION('','',#11,#23);
#918 = PRODUCT_DEFINITION_SHAPE('Placement','Placement of an item',#919
  );
#919 = NEXT_ASSEMBLY_USAGE_OCCURRENCE('3','C1','',#5,#39,$);
#920 = SHAPE_DEFINITION_REPRESENTATION(#921,#927);
#921 = PRODUCT_DEFINITION_SHAPE('','',#922);
#922 = PRODUCT_DEFINITION('design','',#923,#926);
#923 = PRODUCT_DEFINITION_FORMATION('','',#924);
#924 = PRODUCT('expression faders_PCB','expression faders_PCB','',(#925)
  );
#925 = PRODUCT_CONTEXT('',#2,'mechanical');
#926 = PRODUCT_DEFINITION_CONTEXT('part definition',#2,'design');
#927 = ADVANCED_BREP_SHAPE_REPRESENTATION('',(#11,#928),#3240);
#928 = MANIFOLD_SOLID_BREP('',#929);
#929 = CLOSED_SHELL('',(#930,#972,#1003,#1034,#1638,#2242,#2259,#2276,
    #2293,#2310,#2327,#2344,#2361,#2378,#2390,#2407,#2424,#2441,#2458,
    #2475,#2492,#2509,#2526,#2543,#2560,#2582,#2599,#2616,#2628,#2645,
    #2662,#2684,#2701,#2718,#2730,#2747,#2764,#2781,#2798,#2820,#2837,
    #2854,#2866,#2883,#2900,#2922,#2939,#2956,#2968,#2985,#3002,#3019,
    #3036,#3053,#3070,#3087,#3104,#3121,#3138,#3155,#3172,#3189,#3206,
    #3223));
#930 = ADVANCED_FACE('',(#931),#967,.T.);
#931 = FACE_BOUND('',#932,.T.);
#932 = EDGE_LOOP('',(#933,#943,#952,#960));
#933 = ORIENTED_EDGE('',*,*,#934,.T.);
#934 = EDGE_CURVE('',#935,#937,#939,.T.);
#935 = VERTEX_POINT('',#936);
#936 = CARTESIAN_POINT('',(194.,-28.5,0.));
#937 = VERTEX_POINT('',#938);
#938 = CARTESIAN_POINT('',(194.,-28.5,1.51));
#939 = LINE('',#940,#941);
#940 = CARTESIAN_POINT('',(194.,-28.5,0.));
#941 = VECTOR('',#942,1.);
#942 = DIRECTION('',(0.,0.,1.));
#943 = ORIENTED_EDGE('',*,*,#944,.T.);
#944 = EDGE_CURVE('',#937,#945,#947,.T.);
#945 = VERTEX_POINT('',#946);
#946 = CARTESIAN_POINT('',(195.5,-30.,1.51));
#947 = CIRCLE('',#948,1.500000586493);
#948 = AXIS2_PLACEMENT_3D('',#949,#950,#951);
#949 = CARTESIAN_POINT('',(193.9999994135,-30.00000058649,1.51));
#950 = DIRECTION('',(0.,0.,-1.));
#951 = DIRECTION('',(3.909953521326E-07,1.,0.));
#952 = ORIENTED_EDGE('',*,*,#953,.F.);
#953 = EDGE_CURVE('',#954,#945,#956,.T.);
#954 = VERTEX_POINT('',#955);
#955 = CARTESIAN_POINT('',(195.5,-30.,0.));
#956 = LINE('',#957,#958);
#957 = CARTESIAN_POINT('',(195.5,-30.,0.));
#958 = VECTOR('',#959,1.);
#959 = DIRECTION('',(0.,0.,1.));
#960 = ORIENTED_EDGE('',*,*,#961,.F.);
#961 = EDGE_CURVE('',#935,#954,#962,.T.);
#962 = CIRCLE('',#963,1.500000586493);
#963 = AXIS2_PLACEMENT_3D('',#964,#965,#966);
#964 = CARTESIAN_POINT('',(193.9999994135,-30.00000058649,0.));
#965 = DIRECTION('',(0.,0.,-1.));
#966 = DIRECTION('',(3.909953521326E-07,1.,0.));
#967 = CYLINDRICAL_SURFACE('',#968,1.500000586493);
#968 = AXIS2_PLACEMENT_3D('',#969,#970,#971);
#969 = CARTESIAN_POINT('',(193.9999994135,-30.00000058649,0.));
#970 = DIRECTION('',(0.,0.,-1.));
#971 = DIRECTION('',(3.909953521326E-07,1.,0.));
#972 = ADVANCED_FACE('',(#973),#998,.T.);
#973 = FACE_BOUND('',#974,.T.);
#974 = EDGE_LOOP('',(#975,#985,#991,#992));
#975 = ORIENTED_EDGE('',*,*,#976,.T.);
#976 = EDGE_CURVE('',#977,#979,#981,.T.);
#977 = VERTEX_POINT('',#978);
#978 = CARTESIAN_POINT('',(125.,-28.5,0.));
#979 = VERTEX_POINT('',#980);
#980 = CARTESIAN_POINT('',(125.,-28.5,1.51));
#981 = LINE('',#982,#983);
#982 = CARTESIAN_POINT('',(125.,-28.5,0.));
#983 = VECTOR('',#984,1.);
#984 = DIRECTION('',(0.,0.,1.));
#985 = ORIENTED_EDGE('',*,*,#986,.T.);
#986 = EDGE_CURVE('',#979,#937,#987,.T.);
#987 = LINE('',#988,#989);
#988 = CARTESIAN_POINT('',(125.,-28.5,1.51));
#989 = VECTOR('',#990,1.);
#990 = DIRECTION('',(1.,0.,0.));
#991 = ORIENTED_EDGE('',*,*,#934,.F.);
#992 = ORIENTED_EDGE('',*,*,#993,.F.);
#993 = EDGE_CURVE('',#977,#935,#994,.T.);
#994 = LINE('',#995,#996);
#995 = CARTESIAN_POINT('',(125.,-28.5,0.));
#996 = VECTOR('',#997,1.);
#997 = DIRECTION('',(1.,0.,0.));
#998 = PLANE('',#999);
#999 = AXIS2_PLACEMENT_3D('',#1000,#1001,#1002);
#1000 = CARTESIAN_POINT('',(125.,-28.5,0.));
#1001 = DIRECTION('',(0.,1.,0.));
#1002 = DIRECTION('',(1.,0.,0.));
#1003 = ADVANCED_FACE('',(#1004),#1029,.T.);
#1004 = FACE_BOUND('',#1005,.T.);
#1005 = EDGE_LOOP('',(#1006,#1007,#1015,#1023));
#1006 = ORIENTED_EDGE('',*,*,#953,.T.);
#1007 = ORIENTED_EDGE('',*,*,#1008,.T.);
#1008 = EDGE_CURVE('',#945,#1009,#1011,.T.);
#1009 = VERTEX_POINT('',#1010);
#1010 = CARTESIAN_POINT('',(195.5,-49.,1.51));
#1011 = LINE('',#1012,#1013);
#1012 = CARTESIAN_POINT('',(195.5,-30.,1.51));
#1013 = VECTOR('',#1014,1.);
#1014 = DIRECTION('',(0.,-1.,0.));
#1015 = ORIENTED_EDGE('',*,*,#1016,.F.);
#1016 = EDGE_CURVE('',#1017,#1009,#1019,.T.);
#1017 = VERTEX_POINT('',#1018);
#1018 = CARTESIAN_POINT('',(195.5,-49.,0.));
#1019 = LINE('',#1020,#1021);
#1020 = CARTESIAN_POINT('',(195.5,-49.,0.));
#1021 = VECTOR('',#1022,1.);
#1022 = DIRECTION('',(0.,0.,1.));
#1023 = ORIENTED_EDGE('',*,*,#1024,.F.);
#1024 = EDGE_CURVE('',#954,#1017,#1025,.T.);
#1025 = LINE('',#1026,#1027);
#1026 = CARTESIAN_POINT('',(195.5,-30.,0.));
#1027 = VECTOR('',#1028,1.);
#1028 = DIRECTION('',(0.,-1.,0.));
#1029 = PLANE('',#1030);
#1030 = AXIS2_PLACEMENT_3D('',#1031,#1032,#1033);
#1031 = CARTESIAN_POINT('',(195.5,-30.,0.));
#1032 = DIRECTION('',(1.,0.,-0.));
#1033 = DIRECTION('',(0.,-1.,0.));
#1034 = ADVANCED_FACE('',(#1035,#1115,#1126,#1137,#1148,#1159,#1170,
    #1181,#1192,#1203,#1214,#1225,#1261,#1272,#1283,#1319,#1330,#1341,
    #1352,#1363,#1399,#1410,#1421,#1457,#1468,#1479,#1490,#1501,#1512,
    #1523,#1534,#1545,#1556,#1567,#1578,#1589,#1600,#1611,#1622),#1633,
  .F.);
#1035 = FACE_BOUND('',#1036,.F.);
#1036 = EDGE_LOOP('',(#1037,#1038,#1039,#1048,#1056,#1065,#1073,#1082,
    #1090,#1099,#1107,#1114));
#1037 = ORIENTED_EDGE('',*,*,#961,.F.);
#1038 = ORIENTED_EDGE('',*,*,#993,.F.);
#1039 = ORIENTED_EDGE('',*,*,#1040,.F.);
#1040 = EDGE_CURVE('',#1041,#977,#1043,.T.);
#1041 = VERTEX_POINT('',#1042);
#1042 = CARTESIAN_POINT('',(124.,-29.5,0.));
#1043 = CIRCLE('',#1044,0.999999252925);
#1044 = AXIS2_PLACEMENT_3D('',#1045,#1046,#1047);
#1045 = CARTESIAN_POINT('',(124.99999925292,-29.49999925292,0.));
#1046 = DIRECTION('',(0.,0.,-1.));
#1047 = DIRECTION('',(-1.,-7.470757314012E-07,-0.));
#1048 = ORIENTED_EDGE('',*,*,#1049,.F.);
#1049 = EDGE_CURVE('',#1050,#1041,#1052,.T.);
#1050 = VERTEX_POINT('',#1051);
#1051 = CARTESIAN_POINT('',(124.,-176.5,0.));
#1052 = LINE('',#1053,#1054);
#1053 = CARTESIAN_POINT('',(124.,-176.5,0.));
#1054 = VECTOR('',#1055,1.);
#1055 = DIRECTION('',(0.,1.,0.));
#1056 = ORIENTED_EDGE('',*,*,#1057,.F.);
#1057 = EDGE_CURVE('',#1058,#1050,#1060,.T.);
#1058 = VERTEX_POINT('',#1059);
#1059 = CARTESIAN_POINT('',(125.5,-178.,0.));
#1060 = CIRCLE('',#1061,1.500000586493);
#1061 = AXIS2_PLACEMENT_3D('',#1062,#1063,#1064);
#1062 = CARTESIAN_POINT('',(125.50000058649,-176.4999994135,0.));
#1063 = DIRECTION('',(0.,0.,-1.));
#1064 = DIRECTION('',(-3.909953521326E-07,-1.,-0.));
#1065 = ORIENTED_EDGE('',*,*,#1066,.F.);
#1066 = EDGE_CURVE('',#1067,#1058,#1069,.T.);
#1067 = VERTEX_POINT('',#1068);
#1068 = CARTESIAN_POINT('',(167.,-178.,0.));
#1069 = LINE('',#1070,#1071);
#1070 = CARTESIAN_POINT('',(167.,-178.,0.));
#1071 = VECTOR('',#1072,1.);
#1072 = DIRECTION('',(-1.,0.,0.));
#1073 = ORIENTED_EDGE('',*,*,#1074,.F.);
#1074 = EDGE_CURVE('',#1075,#1067,#1077,.T.);
#1075 = VERTEX_POINT('',#1076);
#1076 = CARTESIAN_POINT('',(168.5,-176.5,0.));
#1077 = CIRCLE('',#1078,1.500000586493);
#1078 = AXIS2_PLACEMENT_3D('',#1079,#1080,#1081);
#1079 = CARTESIAN_POINT('',(166.9999994135,-176.4999994135,0.));
#1080 = DIRECTION('',(0.,0.,-1.));
#1081 = DIRECTION('',(1.,-3.909953331848E-07,0.));
#1082 = ORIENTED_EDGE('',*,*,#1083,.F.);
#1083 = EDGE_CURVE('',#1084,#1075,#1086,.T.);
#1084 = VERTEX_POINT('',#1085);
#1085 = CARTESIAN_POINT('',(168.5,-52.5,0.));
#1086 = LINE('',#1087,#1088);
#1087 = CARTESIAN_POINT('',(168.5,-52.5,0.));
#1088 = VECTOR('',#1089,1.);
#1089 = DIRECTION('',(0.,-1.,0.));
#1090 = ORIENTED_EDGE('',*,*,#1091,.F.);
#1091 = EDGE_CURVE('',#1092,#1084,#1094,.T.);
#1092 = VERTEX_POINT('',#1093);
#1093 = CARTESIAN_POINT('',(170.5,-50.5,0.));
#1094 = CIRCLE('',#1095,1.99999850585);
#1095 = AXIS2_PLACEMENT_3D('',#1096,#1097,#1098);
#1096 = CARTESIAN_POINT('',(170.49999850585,-52.49999850585,0.));
#1097 = DIRECTION('',(0.,0.,1.));
#1098 = DIRECTION('',(7.470757349539E-07,1.,-0.));
#1099 = ORIENTED_EDGE('',*,*,#1100,.F.);
#1100 = EDGE_CURVE('',#1101,#1092,#1103,.T.);
#1101 = VERTEX_POINT('',#1102);
#1102 = CARTESIAN_POINT('',(194.,-50.5,0.));
#1103 = LINE('',#1104,#1105);
#1104 = CARTESIAN_POINT('',(194.,-50.5,0.));
#1105 = VECTOR('',#1106,1.);
#1106 = DIRECTION('',(-1.,0.,0.));
#1107 = ORIENTED_EDGE('',*,*,#1108,.F.);
#1108 = EDGE_CURVE('',#1017,#1101,#1109,.T.);
#1109 = CIRCLE('',#1110,1.500000586493);
#1110 = AXIS2_PLACEMENT_3D('',#1111,#1112,#1113);
#1111 = CARTESIAN_POINT('',(193.9999994135,-48.9999994135,0.));
#1112 = DIRECTION('',(0.,0.,-1.));
#1113 = DIRECTION('',(1.,-3.909953473956E-07,0.));
#1114 = ORIENTED_EDGE('',*,*,#1024,.F.);
#1115 = FACE_BOUND('',#1116,.F.);
#1116 = EDGE_LOOP('',(#1117));
#1117 = ORIENTED_EDGE('',*,*,#1118,.T.);
#1118 = EDGE_CURVE('',#1119,#1119,#1121,.T.);
#1119 = VERTEX_POINT('',#1120);
#1120 = CARTESIAN_POINT('',(129.,-176.,0.));
#1121 = CIRCLE('',#1122,0.75);
#1122 = AXIS2_PLACEMENT_3D('',#1123,#1124,#1125);
#1123 = CARTESIAN_POINT('',(129.,-175.25,0.));
#1124 = DIRECTION('',(-0.,0.,-1.));
#1125 = DIRECTION('',(-0.,-1.,0.));
#1126 = FACE_BOUND('',#1127,.F.);
#1127 = EDGE_LOOP('',(#1128));
#1128 = ORIENTED_EDGE('',*,*,#1129,.T.);
#1129 = EDGE_CURVE('',#1130,#1130,#1132,.T.);
#1130 = VERTEX_POINT('',#1131);
#1131 = CARTESIAN_POINT('',(132.8,-176.,0.));
#1132 = CIRCLE('',#1133,0.75);
#1133 = AXIS2_PLACEMENT_3D('',#1134,#1135,#1136);
#1134 = CARTESIAN_POINT('',(132.8,-175.25,0.));
#1135 = DIRECTION('',(-0.,0.,-1.));
#1136 = DIRECTION('',(-0.,-1.,0.));
#1137 = FACE_BOUND('',#1138,.F.);
#1138 = EDGE_LOOP('',(#1139));
#1139 = ORIENTED_EDGE('',*,*,#1140,.T.);
#1140 = EDGE_CURVE('',#1141,#1141,#1143,.T.);
#1141 = VERTEX_POINT('',#1142);
#1142 = CARTESIAN_POINT('',(133.75,-156.2,0.));
#1143 = CIRCLE('',#1144,1.);
#1144 = AXIS2_PLACEMENT_3D('',#1145,#1146,#1147);
#1145 = CARTESIAN_POINT('',(133.75,-155.2,0.));
#1146 = DIRECTION('',(-0.,0.,-1.));
#1147 = DIRECTION('',(-0.,-1.,0.));
#1148 = FACE_BOUND('',#1149,.F.);
#1149 = EDGE_LOOP('',(#1150));
#1150 = ORIENTED_EDGE('',*,*,#1151,.T.);
#1151 = EDGE_CURVE('',#1152,#1152,#1154,.T.);
#1152 = VERTEX_POINT('',#1153);
#1153 = CARTESIAN_POINT('',(154.,-176.,0.));
#1154 = CIRCLE('',#1155,0.75);
#1155 = AXIS2_PLACEMENT_3D('',#1156,#1157,#1158);
#1156 = CARTESIAN_POINT('',(154.,-175.25,0.));
#1157 = DIRECTION('',(-0.,0.,-1.));
#1158 = DIRECTION('',(-0.,-1.,0.));
#1159 = FACE_BOUND('',#1160,.F.);
#1160 = EDGE_LOOP('',(#1161));
#1161 = ORIENTED_EDGE('',*,*,#1162,.T.);
#1162 = EDGE_CURVE('',#1163,#1163,#1165,.T.);
#1163 = VERTEX_POINT('',#1164);
#1164 = CARTESIAN_POINT('',(157.8,-176.,0.));
#1165 = CIRCLE('',#1166,0.75);
#1166 = AXIS2_PLACEMENT_3D('',#1167,#1168,#1169);
#1167 = CARTESIAN_POINT('',(157.8,-175.25,0.));
#1168 = DIRECTION('',(-0.,0.,-1.));
#1169 = DIRECTION('',(-0.,-1.,0.));
#1170 = FACE_BOUND('',#1171,.F.);
#1171 = EDGE_LOOP('',(#1172));
#1172 = ORIENTED_EDGE('',*,*,#1173,.T.);
#1173 = EDGE_CURVE('',#1174,#1174,#1176,.T.);
#1174 = VERTEX_POINT('',#1175);
#1175 = CARTESIAN_POINT('',(158.75,-156.2,0.));
#1176 = CIRCLE('',#1177,1.);
#1177 = AXIS2_PLACEMENT_3D('',#1178,#1179,#1180);
#1178 = CARTESIAN_POINT('',(158.75,-155.2,0.));
#1179 = DIRECTION('',(-0.,0.,-1.));
#1180 = DIRECTION('',(-0.,-1.,0.));
#1181 = FACE_BOUND('',#1182,.F.);
#1182 = EDGE_LOOP('',(#1183));
#1183 = ORIENTED_EDGE('',*,*,#1184,.T.);
#1184 = EDGE_CURVE('',#1185,#1185,#1187,.T.);
#1185 = VERTEX_POINT('',#1186);
#1186 = CARTESIAN_POINT('',(133.75,-73.7,0.));
#1187 = CIRCLE('',#1188,1.);
#1188 = AXIS2_PLACEMENT_3D('',#1189,#1190,#1191);
#1189 = CARTESIAN_POINT('',(133.75,-72.7,0.));
#1190 = DIRECTION('',(-0.,0.,-1.));
#1191 = DIRECTION('',(-0.,-1.,0.));
#1192 = FACE_BOUND('',#1193,.F.);
#1193 = EDGE_LOOP('',(#1194));
#1194 = ORIENTED_EDGE('',*,*,#1195,.T.);
#1195 = EDGE_CURVE('',#1196,#1196,#1198,.T.);
#1196 = VERTEX_POINT('',#1197);
#1197 = CARTESIAN_POINT('',(158.75,-73.7,0.));
#1198 = CIRCLE('',#1199,1.);
#1199 = AXIS2_PLACEMENT_3D('',#1200,#1201,#1202);
#1200 = CARTESIAN_POINT('',(158.75,-72.7,0.));
#1201 = DIRECTION('',(-0.,0.,-1.));
#1202 = DIRECTION('',(-0.,-1.,0.));
#1203 = FACE_BOUND('',#1204,.F.);
#1204 = EDGE_LOOP('',(#1205));
#1205 = ORIENTED_EDGE('',*,*,#1206,.T.);
#1206 = EDGE_CURVE('',#1207,#1207,#1209,.T.);
#1207 = VERTEX_POINT('',#1208);
#1208 = CARTESIAN_POINT('',(126.3,-41.5,0.));
#1209 = CIRCLE('',#1210,0.5);
#1210 = AXIS2_PLACEMENT_3D('',#1211,#1212,#1213);
#1211 = CARTESIAN_POINT('',(126.3,-41.,0.));
#1212 = DIRECTION('',(-0.,0.,-1.));
#1213 = DIRECTION('',(-0.,-1.,0.));
#1214 = FACE_BOUND('',#1215,.F.);
#1215 = EDGE_LOOP('',(#1216));
#1216 = ORIENTED_EDGE('',*,*,#1217,.T.);
#1217 = EDGE_CURVE('',#1218,#1218,#1220,.T.);
#1218 = VERTEX_POINT('',#1219);
#1219 = CARTESIAN_POINT('',(132.8,-48.5,0.));
#1220 = CIRCLE('',#1221,0.75);
#1221 = AXIS2_PLACEMENT_3D('',#1222,#1223,#1224);
#1222 = CARTESIAN_POINT('',(132.8,-47.75,0.));
#1223 = DIRECTION('',(-0.,0.,-1.));
#1224 = DIRECTION('',(-0.,-1.,0.));
#1225 = FACE_BOUND('',#1226,.F.);
#1226 = EDGE_LOOP('',(#1227,#1238,#1246,#1255));
#1227 = ORIENTED_EDGE('',*,*,#1228,.T.);
#1228 = EDGE_CURVE('',#1229,#1231,#1233,.T.);
#1229 = VERTEX_POINT('',#1230);
#1230 = CARTESIAN_POINT('',(134.45,-43.35,0.));
#1231 = VERTEX_POINT('',#1232);
#1232 = CARTESIAN_POINT('',(134.45,-44.85,0.));
#1233 = CIRCLE('',#1234,0.75);
#1234 = AXIS2_PLACEMENT_3D('',#1235,#1236,#1237);
#1235 = CARTESIAN_POINT('',(134.45,-44.1,0.));
#1236 = DIRECTION('',(-0.,0.,-1.));
#1237 = DIRECTION('',(-0.,-1.,0.));
#1238 = ORIENTED_EDGE('',*,*,#1239,.T.);
#1239 = EDGE_CURVE('',#1231,#1240,#1242,.T.);
#1240 = VERTEX_POINT('',#1241);
#1241 = CARTESIAN_POINT('',(133.15,-44.85,0.));
#1242 = LINE('',#1243,#1244);
#1243 = CARTESIAN_POINT('',(66.575,-44.85,0.));
#1244 = VECTOR('',#1245,1.);
#1245 = DIRECTION('',(-1.,0.,0.));
#1246 = ORIENTED_EDGE('',*,*,#1247,.T.);
#1247 = EDGE_CURVE('',#1240,#1248,#1250,.T.);
#1248 = VERTEX_POINT('',#1249);
#1249 = CARTESIAN_POINT('',(133.15,-43.35,0.));
#1250 = CIRCLE('',#1251,0.75);
#1251 = AXIS2_PLACEMENT_3D('',#1252,#1253,#1254);
#1252 = CARTESIAN_POINT('',(133.15,-44.1,0.));
#1253 = DIRECTION('',(-0.,0.,-1.));
#1254 = DIRECTION('',(0.,1.,0.));
#1255 = ORIENTED_EDGE('',*,*,#1256,.T.);
#1256 = EDGE_CURVE('',#1248,#1229,#1257,.T.);
#1257 = LINE('',#1258,#1259);
#1258 = CARTESIAN_POINT('',(67.225,-43.35,0.));
#1259 = VECTOR('',#1260,1.);
#1260 = DIRECTION('',(1.,0.,-0.));
#1261 = FACE_BOUND('',#1262,.F.);
#1262 = EDGE_LOOP('',(#1263));
#1263 = ORIENTED_EDGE('',*,*,#1264,.T.);
#1264 = EDGE_CURVE('',#1265,#1265,#1267,.T.);
#1265 = VERTEX_POINT('',#1266);
#1266 = CARTESIAN_POINT('',(126.3,-39.,0.));
#1267 = CIRCLE('',#1268,0.5);
#1268 = AXIS2_PLACEMENT_3D('',#1269,#1270,#1271);
#1269 = CARTESIAN_POINT('',(126.3,-38.5,0.));
#1270 = DIRECTION('',(-0.,0.,-1.));
#1271 = DIRECTION('',(-0.,-1.,0.));
#1272 = FACE_BOUND('',#1273,.F.);
#1273 = EDGE_LOOP('',(#1274));
#1274 = ORIENTED_EDGE('',*,*,#1275,.T.);
#1275 = EDGE_CURVE('',#1276,#1276,#1278,.T.);
#1276 = VERTEX_POINT('',#1277);
#1277 = CARTESIAN_POINT('',(126.3,-36.5,0.));
#1278 = CIRCLE('',#1279,0.5);
#1279 = AXIS2_PLACEMENT_3D('',#1280,#1281,#1282);
#1280 = CARTESIAN_POINT('',(126.3,-36.,0.));
#1281 = DIRECTION('',(-0.,0.,-1.));
#1282 = DIRECTION('',(-0.,-1.,0.));
#1283 = FACE_BOUND('',#1284,.F.);
#1284 = EDGE_LOOP('',(#1285,#1296,#1304,#1313));
#1285 = ORIENTED_EDGE('',*,*,#1286,.T.);
#1286 = EDGE_CURVE('',#1287,#1289,#1291,.T.);
#1287 = VERTEX_POINT('',#1288);
#1288 = CARTESIAN_POINT('',(134.45,-32.15,0.));
#1289 = VERTEX_POINT('',#1290);
#1290 = CARTESIAN_POINT('',(134.45,-33.65,0.));
#1291 = CIRCLE('',#1292,0.75);
#1292 = AXIS2_PLACEMENT_3D('',#1293,#1294,#1295);
#1293 = CARTESIAN_POINT('',(134.45,-32.9,0.));
#1294 = DIRECTION('',(-0.,0.,-1.));
#1295 = DIRECTION('',(-0.,-1.,0.));
#1296 = ORIENTED_EDGE('',*,*,#1297,.T.);
#1297 = EDGE_CURVE('',#1289,#1298,#1300,.T.);
#1298 = VERTEX_POINT('',#1299);
#1299 = CARTESIAN_POINT('',(133.15,-33.65,0.));
#1300 = LINE('',#1301,#1302);
#1301 = CARTESIAN_POINT('',(66.575,-33.65,0.));
#1302 = VECTOR('',#1303,1.);
#1303 = DIRECTION('',(-1.,0.,0.));
#1304 = ORIENTED_EDGE('',*,*,#1305,.T.);
#1305 = EDGE_CURVE('',#1298,#1306,#1308,.T.);
#1306 = VERTEX_POINT('',#1307);
#1307 = CARTESIAN_POINT('',(133.15,-32.15,0.));
#1308 = CIRCLE('',#1309,0.75);
#1309 = AXIS2_PLACEMENT_3D('',#1310,#1311,#1312);
#1310 = CARTESIAN_POINT('',(133.15,-32.9,0.));
#1311 = DIRECTION('',(-0.,0.,-1.));
#1312 = DIRECTION('',(0.,1.,0.));
#1313 = ORIENTED_EDGE('',*,*,#1314,.T.);
#1314 = EDGE_CURVE('',#1306,#1287,#1315,.T.);
#1315 = LINE('',#1316,#1317);
#1316 = CARTESIAN_POINT('',(67.225,-32.15,0.));
#1317 = VECTOR('',#1318,1.);
#1318 = DIRECTION('',(1.,0.,-0.));
#1319 = FACE_BOUND('',#1320,.F.);
#1320 = EDGE_LOOP('',(#1321));
#1321 = ORIENTED_EDGE('',*,*,#1322,.T.);
#1322 = EDGE_CURVE('',#1323,#1323,#1325,.T.);
#1323 = VERTEX_POINT('',#1324);
#1324 = CARTESIAN_POINT('',(140.8,-41.5,0.));
#1325 = CIRCLE('',#1326,0.5);
#1326 = AXIS2_PLACEMENT_3D('',#1327,#1328,#1329);
#1327 = CARTESIAN_POINT('',(140.8,-41.,0.));
#1328 = DIRECTION('',(-0.,0.,-1.));
#1329 = DIRECTION('',(-0.,-1.,0.));
#1330 = FACE_BOUND('',#1331,.F.);
#1331 = EDGE_LOOP('',(#1332));
#1332 = ORIENTED_EDGE('',*,*,#1333,.T.);
#1333 = EDGE_CURVE('',#1334,#1334,#1336,.T.);
#1334 = VERTEX_POINT('',#1335);
#1335 = CARTESIAN_POINT('',(140.8,-36.5,0.));
#1336 = CIRCLE('',#1337,0.5);
#1337 = AXIS2_PLACEMENT_3D('',#1338,#1339,#1340);
#1338 = CARTESIAN_POINT('',(140.8,-36.,0.));
#1339 = DIRECTION('',(-0.,0.,-1.));
#1340 = DIRECTION('',(-0.,-1.,0.));
#1341 = FACE_BOUND('',#1342,.F.);
#1342 = EDGE_LOOP('',(#1343));
#1343 = ORIENTED_EDGE('',*,*,#1344,.T.);
#1344 = EDGE_CURVE('',#1345,#1345,#1347,.T.);
#1345 = VERTEX_POINT('',#1346);
#1346 = CARTESIAN_POINT('',(151.3,-41.5,0.));
#1347 = CIRCLE('',#1348,0.5);
#1348 = AXIS2_PLACEMENT_3D('',#1349,#1350,#1351);
#1349 = CARTESIAN_POINT('',(151.3,-41.,0.));
#1350 = DIRECTION('',(-0.,0.,-1.));
#1351 = DIRECTION('',(-0.,-1.,0.));
#1352 = FACE_BOUND('',#1353,.F.);
#1353 = EDGE_LOOP('',(#1354));
#1354 = ORIENTED_EDGE('',*,*,#1355,.T.);
#1355 = EDGE_CURVE('',#1356,#1356,#1358,.T.);
#1356 = VERTEX_POINT('',#1357);
#1357 = CARTESIAN_POINT('',(157.8,-48.5,0.));
#1358 = CIRCLE('',#1359,0.75);
#1359 = AXIS2_PLACEMENT_3D('',#1360,#1361,#1362);
#1360 = CARTESIAN_POINT('',(157.8,-47.75,0.));
#1361 = DIRECTION('',(-0.,0.,-1.));
#1362 = DIRECTION('',(-0.,-1.,0.));
#1363 = FACE_BOUND('',#1364,.F.);
#1364 = EDGE_LOOP('',(#1365,#1376,#1384,#1393));
#1365 = ORIENTED_EDGE('',*,*,#1366,.T.);
#1366 = EDGE_CURVE('',#1367,#1369,#1371,.T.);
#1367 = VERTEX_POINT('',#1368);
#1368 = CARTESIAN_POINT('',(159.45,-43.35,0.));
#1369 = VERTEX_POINT('',#1370);
#1370 = CARTESIAN_POINT('',(159.45,-44.85,0.));
#1371 = CIRCLE('',#1372,0.75);
#1372 = AXIS2_PLACEMENT_3D('',#1373,#1374,#1375);
#1373 = CARTESIAN_POINT('',(159.45,-44.1,0.));
#1374 = DIRECTION('',(-0.,0.,-1.));
#1375 = DIRECTION('',(-0.,-1.,0.));
#1376 = ORIENTED_EDGE('',*,*,#1377,.T.);
#1377 = EDGE_CURVE('',#1369,#1378,#1380,.T.);
#1378 = VERTEX_POINT('',#1379);
#1379 = CARTESIAN_POINT('',(158.15,-44.85,0.));
#1380 = LINE('',#1381,#1382);
#1381 = CARTESIAN_POINT('',(79.075,-44.85,0.));
#1382 = VECTOR('',#1383,1.);
#1383 = DIRECTION('',(-1.,0.,0.));
#1384 = ORIENTED_EDGE('',*,*,#1385,.T.);
#1385 = EDGE_CURVE('',#1378,#1386,#1388,.T.);
#1386 = VERTEX_POINT('',#1387);
#1387 = CARTESIAN_POINT('',(158.15,-43.35,0.));
#1388 = CIRCLE('',#1389,0.75);
#1389 = AXIS2_PLACEMENT_3D('',#1390,#1391,#1392);
#1390 = CARTESIAN_POINT('',(158.15,-44.1,0.));
#1391 = DIRECTION('',(-0.,0.,-1.));
#1392 = DIRECTION('',(0.,1.,0.));
#1393 = ORIENTED_EDGE('',*,*,#1394,.T.);
#1394 = EDGE_CURVE('',#1386,#1367,#1395,.T.);
#1395 = LINE('',#1396,#1397);
#1396 = CARTESIAN_POINT('',(79.725,-43.35,0.));
#1397 = VECTOR('',#1398,1.);
#1398 = DIRECTION('',(1.,0.,-0.));
#1399 = FACE_BOUND('',#1400,.F.);
#1400 = EDGE_LOOP('',(#1401));
#1401 = ORIENTED_EDGE('',*,*,#1402,.T.);
#1402 = EDGE_CURVE('',#1403,#1403,#1405,.T.);
#1403 = VERTEX_POINT('',#1404);
#1404 = CARTESIAN_POINT('',(151.3,-39.,0.));
#1405 = CIRCLE('',#1406,0.5);
#1406 = AXIS2_PLACEMENT_3D('',#1407,#1408,#1409);
#1407 = CARTESIAN_POINT('',(151.3,-38.5,0.));
#1408 = DIRECTION('',(-0.,0.,-1.));
#1409 = DIRECTION('',(-0.,-1.,0.));
#1410 = FACE_BOUND('',#1411,.F.);
#1411 = EDGE_LOOP('',(#1412));
#1412 = ORIENTED_EDGE('',*,*,#1413,.T.);
#1413 = EDGE_CURVE('',#1414,#1414,#1416,.T.);
#1414 = VERTEX_POINT('',#1415);
#1415 = CARTESIAN_POINT('',(151.3,-36.5,0.));
#1416 = CIRCLE('',#1417,0.5);
#1417 = AXIS2_PLACEMENT_3D('',#1418,#1419,#1420);
#1418 = CARTESIAN_POINT('',(151.3,-36.,0.));
#1419 = DIRECTION('',(-0.,0.,-1.));
#1420 = DIRECTION('',(-0.,-1.,0.));
#1421 = FACE_BOUND('',#1422,.F.);
#1422 = EDGE_LOOP('',(#1423,#1434,#1442,#1451));
#1423 = ORIENTED_EDGE('',*,*,#1424,.T.);
#1424 = EDGE_CURVE('',#1425,#1427,#1429,.T.);
#1425 = VERTEX_POINT('',#1426);
#1426 = CARTESIAN_POINT('',(159.45,-32.15,0.));
#1427 = VERTEX_POINT('',#1428);
#1428 = CARTESIAN_POINT('',(159.45,-33.65,0.));
#1429 = CIRCLE('',#1430,0.75);
#1430 = AXIS2_PLACEMENT_3D('',#1431,#1432,#1433);
#1431 = CARTESIAN_POINT('',(159.45,-32.9,0.));
#1432 = DIRECTION('',(-0.,0.,-1.));
#1433 = DIRECTION('',(-0.,-1.,0.));
#1434 = ORIENTED_EDGE('',*,*,#1435,.T.);
#1435 = EDGE_CURVE('',#1427,#1436,#1438,.T.);
#1436 = VERTEX_POINT('',#1437);
#1437 = CARTESIAN_POINT('',(158.15,-33.65,0.));
#1438 = LINE('',#1439,#1440);
#1439 = CARTESIAN_POINT('',(79.075,-33.65,0.));
#1440 = VECTOR('',#1441,1.);
#1441 = DIRECTION('',(-1.,0.,0.));
#1442 = ORIENTED_EDGE('',*,*,#1443,.T.);
#1443 = EDGE_CURVE('',#1436,#1444,#1446,.T.);
#1444 = VERTEX_POINT('',#1445);
#1445 = CARTESIAN_POINT('',(158.15,-32.15,0.));
#1446 = CIRCLE('',#1447,0.75);
#1447 = AXIS2_PLACEMENT_3D('',#1448,#1449,#1450);
#1448 = CARTESIAN_POINT('',(158.15,-32.9,0.));
#1449 = DIRECTION('',(-0.,0.,-1.));
#1450 = DIRECTION('',(0.,1.,0.));
#1451 = ORIENTED_EDGE('',*,*,#1452,.T.);
#1452 = EDGE_CURVE('',#1444,#1425,#1453,.T.);
#1453 = LINE('',#1454,#1455);
#1454 = CARTESIAN_POINT('',(79.725,-32.15,0.));
#1455 = VECTOR('',#1456,1.);
#1456 = DIRECTION('',(1.,0.,-0.));
#1457 = FACE_BOUND('',#1458,.F.);
#1458 = EDGE_LOOP('',(#1459));
#1459 = ORIENTED_EDGE('',*,*,#1460,.T.);
#1460 = EDGE_CURVE('',#1461,#1461,#1463,.T.);
#1461 = VERTEX_POINT('',#1462);
#1462 = CARTESIAN_POINT('',(165.8,-41.5,0.));
#1463 = CIRCLE('',#1464,0.5);
#1464 = AXIS2_PLACEMENT_3D('',#1465,#1466,#1467);
#1465 = CARTESIAN_POINT('',(165.8,-41.,0.));
#1466 = DIRECTION('',(-0.,0.,-1.));
#1467 = DIRECTION('',(-0.,-1.,0.));
#1468 = FACE_BOUND('',#1469,.F.);
#1469 = EDGE_LOOP('',(#1470));
#1470 = ORIENTED_EDGE('',*,*,#1471,.T.);
#1471 = EDGE_CURVE('',#1472,#1472,#1474,.T.);
#1472 = VERTEX_POINT('',#1473);
#1473 = CARTESIAN_POINT('',(165.8,-36.5,0.));
#1474 = CIRCLE('',#1475,0.5);
#1475 = AXIS2_PLACEMENT_3D('',#1476,#1477,#1478);
#1476 = CARTESIAN_POINT('',(165.8,-36.,0.));
#1477 = DIRECTION('',(-0.,0.,-1.));
#1478 = DIRECTION('',(-0.,-1.,0.));
#1479 = FACE_BOUND('',#1480,.F.);
#1480 = EDGE_LOOP('',(#1481));
#1481 = ORIENTED_EDGE('',*,*,#1482,.T.);
#1482 = EDGE_CURVE('',#1483,#1483,#1485,.T.);
#1483 = VERTEX_POINT('',#1484);
#1484 = CARTESIAN_POINT('',(176.125,-47.37,0.));
#1485 = CIRCLE('',#1486,0.5);
#1486 = AXIS2_PLACEMENT_3D('',#1487,#1488,#1489);
#1487 = CARTESIAN_POINT('',(176.125,-46.87,0.));
#1488 = DIRECTION('',(-0.,0.,-1.));
#1489 = DIRECTION('',(-0.,-1.,0.));
#1490 = FACE_BOUND('',#1491,.F.);
#1491 = EDGE_LOOP('',(#1492));
#1492 = ORIENTED_EDGE('',*,*,#1493,.T.);
#1493 = EDGE_CURVE('',#1494,#1494,#1496,.T.);
#1494 = VERTEX_POINT('',#1495);
#1495 = CARTESIAN_POINT('',(176.125,-44.83,0.));
#1496 = CIRCLE('',#1497,0.5);
#1497 = AXIS2_PLACEMENT_3D('',#1498,#1499,#1500);
#1498 = CARTESIAN_POINT('',(176.125,-44.33,0.));
#1499 = DIRECTION('',(-0.,0.,-1.));
#1500 = DIRECTION('',(-0.,-1.,0.));
#1501 = FACE_BOUND('',#1502,.F.);
#1502 = EDGE_LOOP('',(#1503));
#1503 = ORIENTED_EDGE('',*,*,#1504,.T.);
#1504 = EDGE_CURVE('',#1505,#1505,#1507,.T.);
#1505 = VERTEX_POINT('',#1506);
#1506 = CARTESIAN_POINT('',(176.125,-42.29,0.));
#1507 = CIRCLE('',#1508,0.5);
#1508 = AXIS2_PLACEMENT_3D('',#1509,#1510,#1511);
#1509 = CARTESIAN_POINT('',(176.125,-41.79,0.));
#1510 = DIRECTION('',(-0.,0.,-1.));
#1511 = DIRECTION('',(-0.,-1.,0.));
#1512 = FACE_BOUND('',#1513,.F.);
#1513 = EDGE_LOOP('',(#1514));
#1514 = ORIENTED_EDGE('',*,*,#1515,.T.);
#1515 = EDGE_CURVE('',#1516,#1516,#1518,.T.);
#1516 = VERTEX_POINT('',#1517);
#1517 = CARTESIAN_POINT('',(176.125,-39.75,0.));
#1518 = CIRCLE('',#1519,0.5);
#1519 = AXIS2_PLACEMENT_3D('',#1520,#1521,#1522);
#1520 = CARTESIAN_POINT('',(176.125,-39.25,0.));
#1521 = DIRECTION('',(-0.,0.,-1.));
#1522 = DIRECTION('',(-0.,-1.,0.));
#1523 = FACE_BOUND('',#1524,.F.);
#1524 = EDGE_LOOP('',(#1525));
#1525 = ORIENTED_EDGE('',*,*,#1526,.T.);
#1526 = EDGE_CURVE('',#1527,#1527,#1529,.T.);
#1527 = VERTEX_POINT('',#1528);
#1528 = CARTESIAN_POINT('',(176.125,-37.21,0.));
#1529 = CIRCLE('',#1530,0.5);
#1530 = AXIS2_PLACEMENT_3D('',#1531,#1532,#1533);
#1531 = CARTESIAN_POINT('',(176.125,-36.71,0.));
#1532 = DIRECTION('',(-0.,0.,-1.));
#1533 = DIRECTION('',(-0.,-1.,0.));
#1534 = FACE_BOUND('',#1535,.F.);
#1535 = EDGE_LOOP('',(#1536));
#1536 = ORIENTED_EDGE('',*,*,#1537,.T.);
#1537 = EDGE_CURVE('',#1538,#1538,#1540,.T.);
#1538 = VERTEX_POINT('',#1539);
#1539 = CARTESIAN_POINT('',(176.125,-34.67,0.));
#1540 = CIRCLE('',#1541,0.5);
#1541 = AXIS2_PLACEMENT_3D('',#1542,#1543,#1544);
#1542 = CARTESIAN_POINT('',(176.125,-34.17,0.));
#1543 = DIRECTION('',(-0.,0.,-1.));
#1544 = DIRECTION('',(-0.,-1.,0.));
#1545 = FACE_BOUND('',#1546,.F.);
#1546 = EDGE_LOOP('',(#1547));
#1547 = ORIENTED_EDGE('',*,*,#1548,.T.);
#1548 = EDGE_CURVE('',#1549,#1549,#1551,.T.);
#1549 = VERTEX_POINT('',#1550);
#1550 = CARTESIAN_POINT('',(176.125,-32.13,0.));
#1551 = CIRCLE('',#1552,0.5);
#1552 = AXIS2_PLACEMENT_3D('',#1553,#1554,#1555);
#1553 = CARTESIAN_POINT('',(176.125,-31.63,0.));
#1554 = DIRECTION('',(-0.,0.,-1.));
#1555 = DIRECTION('',(-0.,-1.,0.));
#1556 = FACE_BOUND('',#1557,.F.);
#1557 = EDGE_LOOP('',(#1558));
#1558 = ORIENTED_EDGE('',*,*,#1559,.T.);
#1559 = EDGE_CURVE('',#1560,#1560,#1562,.T.);
#1560 = VERTEX_POINT('',#1561);
#1561 = CARTESIAN_POINT('',(191.375,-47.37,0.));
#1562 = CIRCLE('',#1563,0.5);
#1563 = AXIS2_PLACEMENT_3D('',#1564,#1565,#1566);
#1564 = CARTESIAN_POINT('',(191.375,-46.87,0.));
#1565 = DIRECTION('',(-0.,0.,-1.));
#1566 = DIRECTION('',(-0.,-1.,0.));
#1567 = FACE_BOUND('',#1568,.F.);
#1568 = EDGE_LOOP('',(#1569));
#1569 = ORIENTED_EDGE('',*,*,#1570,.T.);
#1570 = EDGE_CURVE('',#1571,#1571,#1573,.T.);
#1571 = VERTEX_POINT('',#1572);
#1572 = CARTESIAN_POINT('',(191.375,-44.83,0.));
#1573 = CIRCLE('',#1574,0.5);
#1574 = AXIS2_PLACEMENT_3D('',#1575,#1576,#1577);
#1575 = CARTESIAN_POINT('',(191.375,-44.33,0.));
#1576 = DIRECTION('',(-0.,0.,-1.));
#1577 = DIRECTION('',(-0.,-1.,0.));
#1578 = FACE_BOUND('',#1579,.F.);
#1579 = EDGE_LOOP('',(#1580));
#1580 = ORIENTED_EDGE('',*,*,#1581,.T.);
#1581 = EDGE_CURVE('',#1582,#1582,#1584,.T.);
#1582 = VERTEX_POINT('',#1583);
#1583 = CARTESIAN_POINT('',(191.375,-42.29,0.));
#1584 = CIRCLE('',#1585,0.5);
#1585 = AXIS2_PLACEMENT_3D('',#1586,#1587,#1588);
#1586 = CARTESIAN_POINT('',(191.375,-41.79,0.));
#1587 = DIRECTION('',(-0.,0.,-1.));
#1588 = DIRECTION('',(-0.,-1.,0.));
#1589 = FACE_BOUND('',#1590,.F.);
#1590 = EDGE_LOOP('',(#1591));
#1591 = ORIENTED_EDGE('',*,*,#1592,.T.);
#1592 = EDGE_CURVE('',#1593,#1593,#1595,.T.);
#1593 = VERTEX_POINT('',#1594);
#1594 = CARTESIAN_POINT('',(191.375,-39.75,0.));
#1595 = CIRCLE('',#1596,0.5);
#1596 = AXIS2_PLACEMENT_3D('',#1597,#1598,#1599);
#1597 = CARTESIAN_POINT('',(191.375,-39.25,0.));
#1598 = DIRECTION('',(-0.,0.,-1.));
#1599 = DIRECTION('',(-0.,-1.,0.));
#1600 = FACE_BOUND('',#1601,.F.);
#1601 = EDGE_LOOP('',(#1602));
#1602 = ORIENTED_EDGE('',*,*,#1603,.T.);
#1603 = EDGE_CURVE('',#1604,#1604,#1606,.T.);
#1604 = VERTEX_POINT('',#1605);
#1605 = CARTESIAN_POINT('',(191.375,-37.21,0.));
#1606 = CIRCLE('',#1607,0.5);
#1607 = AXIS2_PLACEMENT_3D('',#1608,#1609,#1610);
#1608 = CARTESIAN_POINT('',(191.375,-36.71,0.));
#1609 = DIRECTION('',(-0.,0.,-1.));
#1610 = DIRECTION('',(-0.,-1.,0.));
#1611 = FACE_BOUND('',#1612,.F.);
#1612 = EDGE_LOOP('',(#1613));
#1613 = ORIENTED_EDGE('',*,*,#1614,.T.);
#1614 = EDGE_CURVE('',#1615,#1615,#1617,.T.);
#1615 = VERTEX_POINT('',#1616);
#1616 = CARTESIAN_POINT('',(191.375,-34.67,0.));
#1617 = CIRCLE('',#1618,0.5);
#1618 = AXIS2_PLACEMENT_3D('',#1619,#1620,#1621);
#1619 = CARTESIAN_POINT('',(191.375,-34.17,0.));
#1620 = DIRECTION('',(-0.,0.,-1.));
#1621 = DIRECTION('',(-0.,-1.,0.));
#1622 = FACE_BOUND('',#1623,.F.);
#1623 = EDGE_LOOP('',(#1624));
#1624 = ORIENTED_EDGE('',*,*,#1625,.T.);
#1625 = EDGE_CURVE('',#1626,#1626,#1628,.T.);
#1626 = VERTEX_POINT('',#1627);
#1627 = CARTESIAN_POINT('',(191.375,-32.13,0.));
#1628 = CIRCLE('',#1629,0.5);
#1629 = AXIS2_PLACEMENT_3D('',#1630,#1631,#1632);
#1630 = CARTESIAN_POINT('',(191.375,-31.63,0.));
#1631 = DIRECTION('',(-0.,0.,-1.));
#1632 = DIRECTION('',(-0.,-1.,0.));
#1633 = PLANE('',#1634);
#1634 = AXIS2_PLACEMENT_3D('',#1635,#1636,#1637);
#1635 = CARTESIAN_POINT('',(0.,0.,0.));
#1636 = DIRECTION('',(0.,0.,1.));
#1637 = DIRECTION('',(1.,0.,-0.));
#1638 = ADVANCED_FACE('',(#1639,#1719,#1730,#1741,#1752,#1763,#1774,
    #1785,#1796,#1807,#1818,#1829,#1865,#1876,#1887,#1923,#1934,#1945,
    #1956,#1967,#2003,#2014,#2025,#2061,#2072,#2083,#2094,#2105,#2116,
    #2127,#2138,#2149,#2160,#2171,#2182,#2193,#2204,#2215,#2226),#2237,
  .T.);
#1639 = FACE_BOUND('',#1640,.T.);
#1640 = EDGE_LOOP('',(#1641,#1642,#1643,#1652,#1660,#1669,#1677,#1686,
    #1694,#1703,#1711,#1718));
#1641 = ORIENTED_EDGE('',*,*,#944,.F.);
#1642 = ORIENTED_EDGE('',*,*,#986,.F.);
#1643 = ORIENTED_EDGE('',*,*,#1644,.F.);
#1644 = EDGE_CURVE('',#1645,#979,#1647,.T.);
#1645 = VERTEX_POINT('',#1646);
#1646 = CARTESIAN_POINT('',(124.,-29.5,1.51));
#1647 = CIRCLE('',#1648,0.999999252925);
#1648 = AXIS2_PLACEMENT_3D('',#1649,#1650,#1651);
#1649 = CARTESIAN_POINT('',(124.99999925292,-29.49999925292,1.51));
#1650 = DIRECTION('',(0.,0.,-1.));
#1651 = DIRECTION('',(-1.,-7.470757314012E-07,-0.));
#1652 = ORIENTED_EDGE('',*,*,#1653,.F.);
#1653 = EDGE_CURVE('',#1654,#1645,#1656,.T.);
#1654 = VERTEX_POINT('',#1655);
#1655 = CARTESIAN_POINT('',(124.,-176.5,1.51));
#1656 = LINE('',#1657,#1658);
#1657 = CARTESIAN_POINT('',(124.,-176.5,1.51));
#1658 = VECTOR('',#1659,1.);
#1659 = DIRECTION('',(0.,1.,0.));
#1660 = ORIENTED_EDGE('',*,*,#1661,.F.);
#1661 = EDGE_CURVE('',#1662,#1654,#1664,.T.);
#1662 = VERTEX_POINT('',#1663);
#1663 = CARTESIAN_POINT('',(125.5,-178.,1.51));
#1664 = CIRCLE('',#1665,1.500000586493);
#1665 = AXIS2_PLACEMENT_3D('',#1666,#1667,#1668);
#1666 = CARTESIAN_POINT('',(125.50000058649,-176.4999994135,1.51));
#1667 = DIRECTION('',(0.,0.,-1.));
#1668 = DIRECTION('',(-3.909953521326E-07,-1.,-0.));
#1669 = ORIENTED_EDGE('',*,*,#1670,.F.);
#1670 = EDGE_CURVE('',#1671,#1662,#1673,.T.);
#1671 = VERTEX_POINT('',#1672);
#1672 = CARTESIAN_POINT('',(167.,-178.,1.51));
#1673 = LINE('',#1674,#1675);
#1674 = CARTESIAN_POINT('',(167.,-178.,1.51));
#1675 = VECTOR('',#1676,1.);
#1676 = DIRECTION('',(-1.,0.,0.));
#1677 = ORIENTED_EDGE('',*,*,#1678,.F.);
#1678 = EDGE_CURVE('',#1679,#1671,#1681,.T.);
#1679 = VERTEX_POINT('',#1680);
#1680 = CARTESIAN_POINT('',(168.5,-176.5,1.51));
#1681 = CIRCLE('',#1682,1.500000586493);
#1682 = AXIS2_PLACEMENT_3D('',#1683,#1684,#1685);
#1683 = CARTESIAN_POINT('',(166.9999994135,-176.4999994135,1.51));
#1684 = DIRECTION('',(0.,0.,-1.));
#1685 = DIRECTION('',(1.,-3.909953331848E-07,0.));
#1686 = ORIENTED_EDGE('',*,*,#1687,.F.);
#1687 = EDGE_CURVE('',#1688,#1679,#1690,.T.);
#1688 = VERTEX_POINT('',#1689);
#1689 = CARTESIAN_POINT('',(168.5,-52.5,1.51));
#1690 = LINE('',#1691,#1692);
#1691 = CARTESIAN_POINT('',(168.5,-52.5,1.51));
#1692 = VECTOR('',#1693,1.);
#1693 = DIRECTION('',(0.,-1.,0.));
#1694 = ORIENTED_EDGE('',*,*,#1695,.F.);
#1695 = EDGE_CURVE('',#1696,#1688,#1698,.T.);
#1696 = VERTEX_POINT('',#1697);
#1697 = CARTESIAN_POINT('',(170.5,-50.5,1.51));
#1698 = CIRCLE('',#1699,1.99999850585);
#1699 = AXIS2_PLACEMENT_3D('',#1700,#1701,#1702);
#1700 = CARTESIAN_POINT('',(170.49999850585,-52.49999850585,1.51));
#1701 = DIRECTION('',(0.,0.,1.));
#1702 = DIRECTION('',(7.470757349539E-07,1.,-0.));
#1703 = ORIENTED_EDGE('',*,*,#1704,.F.);
#1704 = EDGE_CURVE('',#1705,#1696,#1707,.T.);
#1705 = VERTEX_POINT('',#1706);
#1706 = CARTESIAN_POINT('',(194.,-50.5,1.51));
#1707 = LINE('',#1708,#1709);
#1708 = CARTESIAN_POINT('',(194.,-50.5,1.51));
#1709 = VECTOR('',#1710,1.);
#1710 = DIRECTION('',(-1.,0.,0.));
#1711 = ORIENTED_EDGE('',*,*,#1712,.F.);
#1712 = EDGE_CURVE('',#1009,#1705,#1713,.T.);
#1713 = CIRCLE('',#1714,1.500000586493);
#1714 = AXIS2_PLACEMENT_3D('',#1715,#1716,#1717);
#1715 = CARTESIAN_POINT('',(193.9999994135,-48.9999994135,1.51));
#1716 = DIRECTION('',(0.,0.,-1.));
#1717 = DIRECTION('',(1.,-3.909953473956E-07,0.));
#1718 = ORIENTED_EDGE('',*,*,#1008,.F.);
#1719 = FACE_BOUND('',#1720,.T.);
#1720 = EDGE_LOOP('',(#1721));
#1721 = ORIENTED_EDGE('',*,*,#1722,.T.);
#1722 = EDGE_CURVE('',#1723,#1723,#1725,.T.);
#1723 = VERTEX_POINT('',#1724);
#1724 = CARTESIAN_POINT('',(129.,-176.,1.51));
#1725 = CIRCLE('',#1726,0.75);
#1726 = AXIS2_PLACEMENT_3D('',#1727,#1728,#1729);
#1727 = CARTESIAN_POINT('',(129.,-175.25,1.51));
#1728 = DIRECTION('',(-0.,0.,-1.));
#1729 = DIRECTION('',(-0.,-1.,0.));
#1730 = FACE_BOUND('',#1731,.T.);
#1731 = EDGE_LOOP('',(#1732));
#1732 = ORIENTED_EDGE('',*,*,#1733,.T.);
#1733 = EDGE_CURVE('',#1734,#1734,#1736,.T.);
#1734 = VERTEX_POINT('',#1735);
#1735 = CARTESIAN_POINT('',(132.8,-176.,1.51));
#1736 = CIRCLE('',#1737,0.75);
#1737 = AXIS2_PLACEMENT_3D('',#1738,#1739,#1740);
#1738 = CARTESIAN_POINT('',(132.8,-175.25,1.51));
#1739 = DIRECTION('',(-0.,0.,-1.));
#1740 = DIRECTION('',(-0.,-1.,0.));
#1741 = FACE_BOUND('',#1742,.T.);
#1742 = EDGE_LOOP('',(#1743));
#1743 = ORIENTED_EDGE('',*,*,#1744,.T.);
#1744 = EDGE_CURVE('',#1745,#1745,#1747,.T.);
#1745 = VERTEX_POINT('',#1746);
#1746 = CARTESIAN_POINT('',(133.75,-156.2,1.51));
#1747 = CIRCLE('',#1748,1.);
#1748 = AXIS2_PLACEMENT_3D('',#1749,#1750,#1751);
#1749 = CARTESIAN_POINT('',(133.75,-155.2,1.51));
#1750 = DIRECTION('',(-0.,0.,-1.));
#1751 = DIRECTION('',(-0.,-1.,0.));
#1752 = FACE_BOUND('',#1753,.T.);
#1753 = EDGE_LOOP('',(#1754));
#1754 = ORIENTED_EDGE('',*,*,#1755,.T.);
#1755 = EDGE_CURVE('',#1756,#1756,#1758,.T.);
#1756 = VERTEX_POINT('',#1757);
#1757 = CARTESIAN_POINT('',(154.,-176.,1.51));
#1758 = CIRCLE('',#1759,0.75);
#1759 = AXIS2_PLACEMENT_3D('',#1760,#1761,#1762);
#1760 = CARTESIAN_POINT('',(154.,-175.25,1.51));
#1761 = DIRECTION('',(-0.,0.,-1.));
#1762 = DIRECTION('',(-0.,-1.,0.));
#1763 = FACE_BOUND('',#1764,.T.);
#1764 = EDGE_LOOP('',(#1765));
#1765 = ORIENTED_EDGE('',*,*,#1766,.T.);
#1766 = EDGE_CURVE('',#1767,#1767,#1769,.T.);
#1767 = VERTEX_POINT('',#1768);
#1768 = CARTESIAN_POINT('',(157.8,-176.,1.51));
#1769 = CIRCLE('',#1770,0.75);
#1770 = AXIS2_PLACEMENT_3D('',#1771,#1772,#1773);
#1771 = CARTESIAN_POINT('',(157.8,-175.25,1.51));
#1772 = DIRECTION('',(-0.,0.,-1.));
#1773 = DIRECTION('',(-0.,-1.,0.));
#1774 = FACE_BOUND('',#1775,.T.);
#1775 = EDGE_LOOP('',(#1776));
#1776 = ORIENTED_EDGE('',*,*,#1777,.T.);
#1777 = EDGE_CURVE('',#1778,#1778,#1780,.T.);
#1778 = VERTEX_POINT('',#1779);
#1779 = CARTESIAN_POINT('',(158.75,-156.2,1.51));
#1780 = CIRCLE('',#1781,1.);
#1781 = AXIS2_PLACEMENT_3D('',#1782,#1783,#1784);
#1782 = CARTESIAN_POINT('',(158.75,-155.2,1.51));
#1783 = DIRECTION('',(-0.,0.,-1.));
#1784 = DIRECTION('',(-0.,-1.,0.));
#1785 = FACE_BOUND('',#1786,.T.);
#1786 = EDGE_LOOP('',(#1787));
#1787 = ORIENTED_EDGE('',*,*,#1788,.T.);
#1788 = EDGE_CURVE('',#1789,#1789,#1791,.T.);
#1789 = VERTEX_POINT('',#1790);
#1790 = CARTESIAN_POINT('',(133.75,-73.7,1.51));
#1791 = CIRCLE('',#1792,1.);
#1792 = AXIS2_PLACEMENT_3D('',#1793,#1794,#1795);
#1793 = CARTESIAN_POINT('',(133.75,-72.7,1.51));
#1794 = DIRECTION('',(-0.,0.,-1.));
#1795 = DIRECTION('',(-0.,-1.,0.));
#1796 = FACE_BOUND('',#1797,.T.);
#1797 = EDGE_LOOP('',(#1798));
#1798 = ORIENTED_EDGE('',*,*,#1799,.T.);
#1799 = EDGE_CURVE('',#1800,#1800,#1802,.T.);
#1800 = VERTEX_POINT('',#1801);
#1801 = CARTESIAN_POINT('',(158.75,-73.7,1.51));
#1802 = CIRCLE('',#1803,1.);
#1803 = AXIS2_PLACEMENT_3D('',#1804,#1805,#1806);
#1804 = CARTESIAN_POINT('',(158.75,-72.7,1.51));
#1805 = DIRECTION('',(-0.,0.,-1.));
#1806 = DIRECTION('',(-0.,-1.,0.));
#1807 = FACE_BOUND('',#1808,.T.);
#1808 = EDGE_LOOP('',(#1809));
#1809 = ORIENTED_EDGE('',*,*,#1810,.T.);
#1810 = EDGE_CURVE('',#1811,#1811,#1813,.T.);
#1811 = VERTEX_POINT('',#1812);
#1812 = CARTESIAN_POINT('',(126.3,-41.5,1.51));
#1813 = CIRCLE('',#1814,0.5);
#1814 = AXIS2_PLACEMENT_3D('',#1815,#1816,#1817);
#1815 = CARTESIAN_POINT('',(126.3,-41.,1.51));
#1816 = DIRECTION('',(-0.,0.,-1.));
#1817 = DIRECTION('',(-0.,-1.,0.));
#1818 = FACE_BOUND('',#1819,.T.);
#1819 = EDGE_LOOP('',(#1820));
#1820 = ORIENTED_EDGE('',*,*,#1821,.T.);
#1821 = EDGE_CURVE('',#1822,#1822,#1824,.T.);
#1822 = VERTEX_POINT('',#1823);
#1823 = CARTESIAN_POINT('',(132.8,-48.5,1.51));
#1824 = CIRCLE('',#1825,0.75);
#1825 = AXIS2_PLACEMENT_3D('',#1826,#1827,#1828);
#1826 = CARTESIAN_POINT('',(132.8,-47.75,1.51));
#1827 = DIRECTION('',(-0.,0.,-1.));
#1828 = DIRECTION('',(-0.,-1.,0.));
#1829 = FACE_BOUND('',#1830,.T.);
#1830 = EDGE_LOOP('',(#1831,#1842,#1850,#1859));
#1831 = ORIENTED_EDGE('',*,*,#1832,.T.);
#1832 = EDGE_CURVE('',#1833,#1835,#1837,.T.);
#1833 = VERTEX_POINT('',#1834);
#1834 = CARTESIAN_POINT('',(134.45,-43.35,1.51));
#1835 = VERTEX_POINT('',#1836);
#1836 = CARTESIAN_POINT('',(134.45,-44.85,1.51));
#1837 = CIRCLE('',#1838,0.75);
#1838 = AXIS2_PLACEMENT_3D('',#1839,#1840,#1841);
#1839 = CARTESIAN_POINT('',(134.45,-44.1,1.51));
#1840 = DIRECTION('',(-0.,0.,-1.));
#1841 = DIRECTION('',(-0.,-1.,0.));
#1842 = ORIENTED_EDGE('',*,*,#1843,.T.);
#1843 = EDGE_CURVE('',#1835,#1844,#1846,.T.);
#1844 = VERTEX_POINT('',#1845);
#1845 = CARTESIAN_POINT('',(133.15,-44.85,1.51));
#1846 = LINE('',#1847,#1848);
#1847 = CARTESIAN_POINT('',(66.575,-44.85,1.51));
#1848 = VECTOR('',#1849,1.);
#1849 = DIRECTION('',(-1.,0.,0.));
#1850 = ORIENTED_EDGE('',*,*,#1851,.T.);
#1851 = EDGE_CURVE('',#1844,#1852,#1854,.T.);
#1852 = VERTEX_POINT('',#1853);
#1853 = CARTESIAN_POINT('',(133.15,-43.35,1.51));
#1854 = CIRCLE('',#1855,0.75);
#1855 = AXIS2_PLACEMENT_3D('',#1856,#1857,#1858);
#1856 = CARTESIAN_POINT('',(133.15,-44.1,1.51));
#1857 = DIRECTION('',(-0.,0.,-1.));
#1858 = DIRECTION('',(0.,1.,0.));
#1859 = ORIENTED_EDGE('',*,*,#1860,.T.);
#1860 = EDGE_CURVE('',#1852,#1833,#1861,.T.);
#1861 = LINE('',#1862,#1863);
#1862 = CARTESIAN_POINT('',(67.225,-43.35,1.51));
#1863 = VECTOR('',#1864,1.);
#1864 = DIRECTION('',(1.,0.,-0.));
#1865 = FACE_BOUND('',#1866,.T.);
#1866 = EDGE_LOOP('',(#1867));
#1867 = ORIENTED_EDGE('',*,*,#1868,.T.);
#1868 = EDGE_CURVE('',#1869,#1869,#1871,.T.);
#1869 = VERTEX_POINT('',#1870);
#1870 = CARTESIAN_POINT('',(126.3,-39.,1.51));
#1871 = CIRCLE('',#1872,0.5);
#1872 = AXIS2_PLACEMENT_3D('',#1873,#1874,#1875);
#1873 = CARTESIAN_POINT('',(126.3,-38.5,1.51));
#1874 = DIRECTION('',(-0.,0.,-1.));
#1875 = DIRECTION('',(-0.,-1.,0.));
#1876 = FACE_BOUND('',#1877,.T.);
#1877 = EDGE_LOOP('',(#1878));
#1878 = ORIENTED_EDGE('',*,*,#1879,.T.);
#1879 = EDGE_CURVE('',#1880,#1880,#1882,.T.);
#1880 = VERTEX_POINT('',#1881);
#1881 = CARTESIAN_POINT('',(126.3,-36.5,1.51));
#1882 = CIRCLE('',#1883,0.5);
#1883 = AXIS2_PLACEMENT_3D('',#1884,#1885,#1886);
#1884 = CARTESIAN_POINT('',(126.3,-36.,1.51));
#1885 = DIRECTION('',(-0.,0.,-1.));
#1886 = DIRECTION('',(-0.,-1.,0.));
#1887 = FACE_BOUND('',#1888,.T.);
#1888 = EDGE_LOOP('',(#1889,#1900,#1908,#1917));
#1889 = ORIENTED_EDGE('',*,*,#1890,.T.);
#1890 = EDGE_CURVE('',#1891,#1893,#1895,.T.);
#1891 = VERTEX_POINT('',#1892);
#1892 = CARTESIAN_POINT('',(134.45,-32.15,1.51));
#1893 = VERTEX_POINT('',#1894);
#1894 = CARTESIAN_POINT('',(134.45,-33.65,1.51));
#1895 = CIRCLE('',#1896,0.75);
#1896 = AXIS2_PLACEMENT_3D('',#1897,#1898,#1899);
#1897 = CARTESIAN_POINT('',(134.45,-32.9,1.51));
#1898 = DIRECTION('',(-0.,0.,-1.));
#1899 = DIRECTION('',(-0.,-1.,0.));
#1900 = ORIENTED_EDGE('',*,*,#1901,.T.);
#1901 = EDGE_CURVE('',#1893,#1902,#1904,.T.);
#1902 = VERTEX_POINT('',#1903);
#1903 = CARTESIAN_POINT('',(133.15,-33.65,1.51));
#1904 = LINE('',#1905,#1906);
#1905 = CARTESIAN_POINT('',(66.575,-33.65,1.51));
#1906 = VECTOR('',#1907,1.);
#1907 = DIRECTION('',(-1.,0.,0.));
#1908 = ORIENTED_EDGE('',*,*,#1909,.T.);
#1909 = EDGE_CURVE('',#1902,#1910,#1912,.T.);
#1910 = VERTEX_POINT('',#1911);
#1911 = CARTESIAN_POINT('',(133.15,-32.15,1.51));
#1912 = CIRCLE('',#1913,0.75);
#1913 = AXIS2_PLACEMENT_3D('',#1914,#1915,#1916);
#1914 = CARTESIAN_POINT('',(133.15,-32.9,1.51));
#1915 = DIRECTION('',(-0.,0.,-1.));
#1916 = DIRECTION('',(0.,1.,0.));
#1917 = ORIENTED_EDGE('',*,*,#1918,.T.);
#1918 = EDGE_CURVE('',#1910,#1891,#1919,.T.);
#1919 = LINE('',#1920,#1921);
#1920 = CARTESIAN_POINT('',(67.225,-32.15,1.51));
#1921 = VECTOR('',#1922,1.);
#1922 = DIRECTION('',(1.,0.,-0.));
#1923 = FACE_BOUND('',#1924,.T.);
#1924 = EDGE_LOOP('',(#1925));
#1925 = ORIENTED_EDGE('',*,*,#1926,.T.);
#1926 = EDGE_CURVE('',#1927,#1927,#1929,.T.);
#1927 = VERTEX_POINT('',#1928);
#1928 = CARTESIAN_POINT('',(140.8,-41.5,1.51));
#1929 = CIRCLE('',#1930,0.5);
#1930 = AXIS2_PLACEMENT_3D('',#1931,#1932,#1933);
#1931 = CARTESIAN_POINT('',(140.8,-41.,1.51));
#1932 = DIRECTION('',(-0.,0.,-1.));
#1933 = DIRECTION('',(-0.,-1.,0.));
#1934 = FACE_BOUND('',#1935,.T.);
#1935 = EDGE_LOOP('',(#1936));
#1936 = ORIENTED_EDGE('',*,*,#1937,.T.);
#1937 = EDGE_CURVE('',#1938,#1938,#1940,.T.);
#1938 = VERTEX_POINT('',#1939);
#1939 = CARTESIAN_POINT('',(140.8,-36.5,1.51));
#1940 = CIRCLE('',#1941,0.5);
#1941 = AXIS2_PLACEMENT_3D('',#1942,#1943,#1944);
#1942 = CARTESIAN_POINT('',(140.8,-36.,1.51));
#1943 = DIRECTION('',(-0.,0.,-1.));
#1944 = DIRECTION('',(-0.,-1.,0.));
#1945 = FACE_BOUND('',#1946,.T.);
#1946 = EDGE_LOOP('',(#1947));
#1947 = ORIENTED_EDGE('',*,*,#1948,.T.);
#1948 = EDGE_CURVE('',#1949,#1949,#1951,.T.);
#1949 = VERTEX_POINT('',#1950);
#1950 = CARTESIAN_POINT('',(151.3,-41.5,1.51));
#1951 = CIRCLE('',#1952,0.5);
#1952 = AXIS2_PLACEMENT_3D('',#1953,#1954,#1955);
#1953 = CARTESIAN_POINT('',(151.3,-41.,1.51));
#1954 = DIRECTION('',(-0.,0.,-1.));
#1955 = DIRECTION('',(-0.,-1.,0.));
#1956 = FACE_BOUND('',#1957,.T.);
#1957 = EDGE_LOOP('',(#1958));
#1958 = ORIENTED_EDGE('',*,*,#1959,.T.);
#1959 = EDGE_CURVE('',#1960,#1960,#1962,.T.);
#1960 = VERTEX_POINT('',#1961);
#1961 = CARTESIAN_POINT('',(157.8,-48.5,1.51));
#1962 = CIRCLE('',#1963,0.75);
#1963 = AXIS2_PLACEMENT_3D('',#1964,#1965,#1966);
#1964 = CARTESIAN_POINT('',(157.8,-47.75,1.51));
#1965 = DIRECTION('',(-0.,0.,-1.));
#1966 = DIRECTION('',(-0.,-1.,0.));
#1967 = FACE_BOUND('',#1968,.T.);
#1968 = EDGE_LOOP('',(#1969,#1980,#1988,#1997));
#1969 = ORIENTED_EDGE('',*,*,#1970,.T.);
#1970 = EDGE_CURVE('',#1971,#1973,#1975,.T.);
#1971 = VERTEX_POINT('',#1972);
#1972 = CARTESIAN_POINT('',(159.45,-43.35,1.51));
#1973 = VERTEX_POINT('',#1974);
#1974 = CARTESIAN_POINT('',(159.45,-44.85,1.51));
#1975 = CIRCLE('',#1976,0.75);
#1976 = AXIS2_PLACEMENT_3D('',#1977,#1978,#1979);
#1977 = CARTESIAN_POINT('',(159.45,-44.1,1.51));
#1978 = DIRECTION('',(-0.,0.,-1.));
#1979 = DIRECTION('',(-0.,-1.,0.));
#1980 = ORIENTED_EDGE('',*,*,#1981,.T.);
#1981 = EDGE_CURVE('',#1973,#1982,#1984,.T.);
#1982 = VERTEX_POINT('',#1983);
#1983 = CARTESIAN_POINT('',(158.15,-44.85,1.51));
#1984 = LINE('',#1985,#1986);
#1985 = CARTESIAN_POINT('',(79.075,-44.85,1.51));
#1986 = VECTOR('',#1987,1.);
#1987 = DIRECTION('',(-1.,0.,0.));
#1988 = ORIENTED_EDGE('',*,*,#1989,.T.);
#1989 = EDGE_CURVE('',#1982,#1990,#1992,.T.);
#1990 = VERTEX_POINT('',#1991);
#1991 = CARTESIAN_POINT('',(158.15,-43.35,1.51));
#1992 = CIRCLE('',#1993,0.75);
#1993 = AXIS2_PLACEMENT_3D('',#1994,#1995,#1996);
#1994 = CARTESIAN_POINT('',(158.15,-44.1,1.51));
#1995 = DIRECTION('',(-0.,0.,-1.));
#1996 = DIRECTION('',(0.,1.,0.));
#1997 = ORIENTED_EDGE('',*,*,#1998,.T.);
#1998 = EDGE_CURVE('',#1990,#1971,#1999,.T.);
#1999 = LINE('',#2000,#2001);
#2000 = CARTESIAN_POINT('',(79.725,-43.35,1.51));
#2001 = VECTOR('',#2002,1.);
#2002 = DIRECTION('',(1.,0.,-0.));
#2003 = FACE_BOUND('',#2004,.T.);
#2004 = EDGE_LOOP('',(#2005));
#2005 = ORIENTED_EDGE('',*,*,#2006,.T.);
#2006 = EDGE_CURVE('',#2007,#2007,#2009,.T.);
#2007 = VERTEX_POINT('',#2008);
#2008 = CARTESIAN_POINT('',(151.3,-39.,1.51));
#2009 = CIRCLE('',#2010,0.5);
#2010 = AXIS2_PLACEMENT_3D('',#2011,#2012,#2013);
#2011 = CARTESIAN_POINT('',(151.3,-38.5,1.51));
#2012 = DIRECTION('',(-0.,0.,-1.));
#2013 = DIRECTION('',(-0.,-1.,0.));
#2014 = FACE_BOUND('',#2015,.T.);
#2015 = EDGE_LOOP('',(#2016));
#2016 = ORIENTED_EDGE('',*,*,#2017,.T.);
#2017 = EDGE_CURVE('',#2018,#2018,#2020,.T.);
#2018 = VERTEX_POINT('',#2019);
#2019 = CARTESIAN_POINT('',(151.3,-36.5,1.51));
#2020 = CIRCLE('',#2021,0.5);
#2021 = AXIS2_PLACEMENT_3D('',#2022,#2023,#2024);
#2022 = CARTESIAN_POINT('',(151.3,-36.,1.51));
#2023 = DIRECTION('',(-0.,0.,-1.));
#2024 = DIRECTION('',(-0.,-1.,0.));
#2025 = FACE_BOUND('',#2026,.T.);
#2026 = EDGE_LOOP('',(#2027,#2038,#2046,#2055));
#2027 = ORIENTED_EDGE('',*,*,#2028,.T.);
#2028 = EDGE_CURVE('',#2029,#2031,#2033,.T.);
#2029 = VERTEX_POINT('',#2030);
#2030 = CARTESIAN_POINT('',(159.45,-32.15,1.51));
#2031 = VERTEX_POINT('',#2032);
#2032 = CARTESIAN_POINT('',(159.45,-33.65,1.51));
#2033 = CIRCLE('',#2034,0.75);
#2034 = AXIS2_PLACEMENT_3D('',#2035,#2036,#2037);
#2035 = CARTESIAN_POINT('',(159.45,-32.9,1.51));
#2036 = DIRECTION('',(-0.,0.,-1.));
#2037 = DIRECTION('',(-0.,-1.,0.));
#2038 = ORIENTED_EDGE('',*,*,#2039,.T.);
#2039 = EDGE_CURVE('',#2031,#2040,#2042,.T.);
#2040 = VERTEX_POINT('',#2041);
#2041 = CARTESIAN_POINT('',(158.15,-33.65,1.51));
#2042 = LINE('',#2043,#2044);
#2043 = CARTESIAN_POINT('',(79.075,-33.65,1.51));
#2044 = VECTOR('',#2045,1.);
#2045 = DIRECTION('',(-1.,0.,0.));
#2046 = ORIENTED_EDGE('',*,*,#2047,.T.);
#2047 = EDGE_CURVE('',#2040,#2048,#2050,.T.);
#2048 = VERTEX_POINT('',#2049);
#2049 = CARTESIAN_POINT('',(158.15,-32.15,1.51));
#2050 = CIRCLE('',#2051,0.75);
#2051 = AXIS2_PLACEMENT_3D('',#2052,#2053,#2054);
#2052 = CARTESIAN_POINT('',(158.15,-32.9,1.51));
#2053 = DIRECTION('',(-0.,0.,-1.));
#2054 = DIRECTION('',(0.,1.,0.));
#2055 = ORIENTED_EDGE('',*,*,#2056,.T.);
#2056 = EDGE_CURVE('',#2048,#2029,#2057,.T.);
#2057 = LINE('',#2058,#2059);
#2058 = CARTESIAN_POINT('',(79.725,-32.15,1.51));
#2059 = VECTOR('',#2060,1.);
#2060 = DIRECTION('',(1.,0.,-0.));
#2061 = FACE_BOUND('',#2062,.T.);
#2062 = EDGE_LOOP('',(#2063));
#2063 = ORIENTED_EDGE('',*,*,#2064,.T.);
#2064 = EDGE_CURVE('',#2065,#2065,#2067,.T.);
#2065 = VERTEX_POINT('',#2066);
#2066 = CARTESIAN_POINT('',(165.8,-41.5,1.51));
#2067 = CIRCLE('',#2068,0.5);
#2068 = AXIS2_PLACEMENT_3D('',#2069,#2070,#2071);
#2069 = CARTESIAN_POINT('',(165.8,-41.,1.51));
#2070 = DIRECTION('',(-0.,0.,-1.));
#2071 = DIRECTION('',(-0.,-1.,0.));
#2072 = FACE_BOUND('',#2073,.T.);
#2073 = EDGE_LOOP('',(#2074));
#2074 = ORIENTED_EDGE('',*,*,#2075,.T.);
#2075 = EDGE_CURVE('',#2076,#2076,#2078,.T.);
#2076 = VERTEX_POINT('',#2077);
#2077 = CARTESIAN_POINT('',(165.8,-36.5,1.51));
#2078 = CIRCLE('',#2079,0.5);
#2079 = AXIS2_PLACEMENT_3D('',#2080,#2081,#2082);
#2080 = CARTESIAN_POINT('',(165.8,-36.,1.51));
#2081 = DIRECTION('',(-0.,0.,-1.));
#2082 = DIRECTION('',(-0.,-1.,0.));
#2083 = FACE_BOUND('',#2084,.T.);
#2084 = EDGE_LOOP('',(#2085));
#2085 = ORIENTED_EDGE('',*,*,#2086,.T.);
#2086 = EDGE_CURVE('',#2087,#2087,#2089,.T.);
#2087 = VERTEX_POINT('',#2088);
#2088 = CARTESIAN_POINT('',(176.125,-47.37,1.51));
#2089 = CIRCLE('',#2090,0.5);
#2090 = AXIS2_PLACEMENT_3D('',#2091,#2092,#2093);
#2091 = CARTESIAN_POINT('',(176.125,-46.87,1.51));
#2092 = DIRECTION('',(-0.,0.,-1.));
#2093 = DIRECTION('',(-0.,-1.,0.));
#2094 = FACE_BOUND('',#2095,.T.);
#2095 = EDGE_LOOP('',(#2096));
#2096 = ORIENTED_EDGE('',*,*,#2097,.T.);
#2097 = EDGE_CURVE('',#2098,#2098,#2100,.T.);
#2098 = VERTEX_POINT('',#2099);
#2099 = CARTESIAN_POINT('',(176.125,-44.83,1.51));
#2100 = CIRCLE('',#2101,0.5);
#2101 = AXIS2_PLACEMENT_3D('',#2102,#2103,#2104);
#2102 = CARTESIAN_POINT('',(176.125,-44.33,1.51));
#2103 = DIRECTION('',(-0.,0.,-1.));
#2104 = DIRECTION('',(-0.,-1.,0.));
#2105 = FACE_BOUND('',#2106,.T.);
#2106 = EDGE_LOOP('',(#2107));
#2107 = ORIENTED_EDGE('',*,*,#2108,.T.);
#2108 = EDGE_CURVE('',#2109,#2109,#2111,.T.);
#2109 = VERTEX_POINT('',#2110);
#2110 = CARTESIAN_POINT('',(176.125,-42.29,1.51));
#2111 = CIRCLE('',#2112,0.5);
#2112 = AXIS2_PLACEMENT_3D('',#2113,#2114,#2115);
#2113 = CARTESIAN_POINT('',(176.125,-41.79,1.51));
#2114 = DIRECTION('',(-0.,0.,-1.));
#2115 = DIRECTION('',(-0.,-1.,0.));
#2116 = FACE_BOUND('',#2117,.T.);
#2117 = EDGE_LOOP('',(#2118));
#2118 = ORIENTED_EDGE('',*,*,#2119,.T.);
#2119 = EDGE_CURVE('',#2120,#2120,#2122,.T.);
#2120 = VERTEX_POINT('',#2121);
#2121 = CARTESIAN_POINT('',(176.125,-39.75,1.51));
#2122 = CIRCLE('',#2123,0.5);
#2123 = AXIS2_PLACEMENT_3D('',#2124,#2125,#2126);
#2124 = CARTESIAN_POINT('',(176.125,-39.25,1.51));
#2125 = DIRECTION('',(-0.,0.,-1.));
#2126 = DIRECTION('',(-0.,-1.,0.));
#2127 = FACE_BOUND('',#2128,.T.);
#2128 = EDGE_LOOP('',(#2129));
#2129 = ORIENTED_EDGE('',*,*,#2130,.T.);
#2130 = EDGE_CURVE('',#2131,#2131,#2133,.T.);
#2131 = VERTEX_POINT('',#2132);
#2132 = CARTESIAN_POINT('',(176.125,-37.21,1.51));
#2133 = CIRCLE('',#2134,0.5);
#2134 = AXIS2_PLACEMENT_3D('',#2135,#2136,#2137);
#2135 = CARTESIAN_POINT('',(176.125,-36.71,1.51));
#2136 = DIRECTION('',(-0.,0.,-1.));
#2137 = DIRECTION('',(-0.,-1.,0.));
#2138 = FACE_BOUND('',#2139,.T.);
#2139 = EDGE_LOOP('',(#2140));
#2140 = ORIENTED_EDGE('',*,*,#2141,.T.);
#2141 = EDGE_CURVE('',#2142,#2142,#2144,.T.);
#2142 = VERTEX_POINT('',#2143);
#2143 = CARTESIAN_POINT('',(176.125,-34.67,1.51));
#2144 = CIRCLE('',#2145,0.5);
#2145 = AXIS2_PLACEMENT_3D('',#2146,#2147,#2148);
#2146 = CARTESIAN_POINT('',(176.125,-34.17,1.51));
#2147 = DIRECTION('',(-0.,0.,-1.));
#2148 = DIRECTION('',(-0.,-1.,0.));
#2149 = FACE_BOUND('',#2150,.T.);
#2150 = EDGE_LOOP('',(#2151));
#2151 = ORIENTED_EDGE('',*,*,#2152,.T.);
#2152 = EDGE_CURVE('',#2153,#2153,#2155,.T.);
#2153 = VERTEX_POINT('',#2154);
#2154 = CARTESIAN_POINT('',(176.125,-32.13,1.51));
#2155 = CIRCLE('',#2156,0.5);
#2156 = AXIS2_PLACEMENT_3D('',#2157,#2158,#2159);
#2157 = CARTESIAN_POINT('',(176.125,-31.63,1.51));
#2158 = DIRECTION('',(-0.,0.,-1.));
#2159 = DIRECTION('',(-0.,-1.,0.));
#2160 = FACE_BOUND('',#2161,.T.);
#2161 = EDGE_LOOP('',(#2162));
#2162 = ORIENTED_EDGE('',*,*,#2163,.T.);
#2163 = EDGE_CURVE('',#2164,#2164,#2166,.T.);
#2164 = VERTEX_POINT('',#2165);
#2165 = CARTESIAN_POINT('',(191.375,-47.37,1.51));
#2166 = CIRCLE('',#2167,0.5);
#2167 = AXIS2_PLACEMENT_3D('',#2168,#2169,#2170);
#2168 = CARTESIAN_POINT('',(191.375,-46.87,1.51));
#2169 = DIRECTION('',(-0.,0.,-1.));
#2170 = DIRECTION('',(-0.,-1.,0.));
#2171 = FACE_BOUND('',#2172,.T.);
#2172 = EDGE_LOOP('',(#2173));
#2173 = ORIENTED_EDGE('',*,*,#2174,.T.);
#2174 = EDGE_CURVE('',#2175,#2175,#2177,.T.);
#2175 = VERTEX_POINT('',#2176);
#2176 = CARTESIAN_POINT('',(191.375,-44.83,1.51));
#2177 = CIRCLE('',#2178,0.5);
#2178 = AXIS2_PLACEMENT_3D('',#2179,#2180,#2181);
#2179 = CARTESIAN_POINT('',(191.375,-44.33,1.51));
#2180 = DIRECTION('',(-0.,0.,-1.));
#2181 = DIRECTION('',(-0.,-1.,0.));
#2182 = FACE_BOUND('',#2183,.T.);
#2183 = EDGE_LOOP('',(#2184));
#2184 = ORIENTED_EDGE('',*,*,#2185,.T.);
#2185 = EDGE_CURVE('',#2186,#2186,#2188,.T.);
#2186 = VERTEX_POINT('',#2187);
#2187 = CARTESIAN_POINT('',(191.375,-42.29,1.51));
#2188 = CIRCLE('',#2189,0.5);
#2189 = AXIS2_PLACEMENT_3D('',#2190,#2191,#2192);
#2190 = CARTESIAN_POINT('',(191.375,-41.79,1.51));
#2191 = DIRECTION('',(-0.,0.,-1.));
#2192 = DIRECTION('',(-0.,-1.,0.));
#2193 = FACE_BOUND('',#2194,.T.);
#2194 = EDGE_LOOP('',(#2195));
#2195 = ORIENTED_EDGE('',*,*,#2196,.T.);
#2196 = EDGE_CURVE('',#2197,#2197,#2199,.T.);
#2197 = VERTEX_POINT('',#2198);
#2198 = CARTESIAN_POINT('',(191.375,-39.75,1.51));
#2199 = CIRCLE('',#2200,0.5);
#2200 = AXIS2_PLACEMENT_3D('',#2201,#2202,#2203);
#2201 = CARTESIAN_POINT('',(191.375,-39.25,1.51));
#2202 = DIRECTION('',(-0.,0.,-1.));
#2203 = DIRECTION('',(-0.,-1.,0.));
#2204 = FACE_BOUND('',#2205,.T.);
#2205 = EDGE_LOOP('',(#2206));
#2206 = ORIENTED_EDGE('',*,*,#2207,.T.);
#2207 = EDGE_CURVE('',#2208,#2208,#2210,.T.);
#2208 = VERTEX_POINT('',#2209);
#2209 = CARTESIAN_POINT('',(191.375,-37.21,1.51));
#2210 = CIRCLE('',#2211,0.5);
#2211 = AXIS2_PLACEMENT_3D('',#2212,#2213,#2214);
#2212 = CARTESIAN_POINT('',(191.375,-36.71,1.51));
#2213 = DIRECTION('',(-0.,0.,-1.));
#2214 = DIRECTION('',(-0.,-1.,0.));
#2215 = FACE_BOUND('',#2216,.T.);
#2216 = EDGE_LOOP('',(#2217));
#2217 = ORIENTED_EDGE('',*,*,#2218,.T.);
#2218 = EDGE_CURVE('',#2219,#2219,#2221,.T.);
#2219 = VERTEX_POINT('',#2220);
#2220 = CARTESIAN_POINT('',(191.375,-34.67,1.51));
#2221 = CIRCLE('',#2222,0.5);
#2222 = AXIS2_PLACEMENT_3D('',#2223,#2224,#2225);
#2223 = CARTESIAN_POINT('',(191.375,-34.17,1.51));
#2224 = DIRECTION('',(-0.,0.,-1.));
#2225 = DIRECTION('',(-0.,-1.,0.));
#2226 = FACE_BOUND('',#2227,.T.);
#2227 = EDGE_LOOP('',(#2228));
#2228 = ORIENTED_EDGE('',*,*,#2229,.T.);
#2229 = EDGE_CURVE('',#2230,#2230,#2232,.T.);
#2230 = VERTEX_POINT('',#2231);
#2231 = CARTESIAN_POINT('',(191.375,-32.13,1.51));
#2232 = CIRCLE('',#2233,0.5);
#2233 = AXIS2_PLACEMENT_3D('',#2234,#2235,#2236);
#2234 = CARTESIAN_POINT('',(191.375,-31.63,1.51));
#2235 = DIRECTION('',(-0.,0.,-1.));
#2236 = DIRECTION('',(-0.,-1.,0.));
#2237 = PLANE('',#2238);
#2238 = AXIS2_PLACEMENT_3D('',#2239,#2240,#2241);
#2239 = CARTESIAN_POINT('',(0.,0.,1.51));
#2240 = DIRECTION('',(0.,0.,1.));
#2241 = DIRECTION('',(1.,0.,-0.));
#2242 = ADVANCED_FACE('',(#2243),#2254,.T.);
#2243 = FACE_BOUND('',#2244,.T.);
#2244 = EDGE_LOOP('',(#2245,#2251,#2252,#2253));
#2245 = ORIENTED_EDGE('',*,*,#2246,.T.);
#2246 = EDGE_CURVE('',#1041,#1645,#2247,.T.);
#2247 = LINE('',#2248,#2249);
#2248 = CARTESIAN_POINT('',(124.,-29.5,0.));
#2249 = VECTOR('',#2250,1.);
#2250 = DIRECTION('',(0.,0.,1.));
#2251 = ORIENTED_EDGE('',*,*,#1644,.T.);
#2252 = ORIENTED_EDGE('',*,*,#976,.F.);
#2253 = ORIENTED_EDGE('',*,*,#1040,.F.);
#2254 = CYLINDRICAL_SURFACE('',#2255,0.999999252925);
#2255 = AXIS2_PLACEMENT_3D('',#2256,#2257,#2258);
#2256 = CARTESIAN_POINT('',(124.99999925292,-29.49999925292,0.));
#2257 = DIRECTION('',(0.,0.,-1.));
#2258 = DIRECTION('',(-1.,-7.470757314012E-07,-0.));
#2259 = ADVANCED_FACE('',(#2260),#2271,.T.);
#2260 = FACE_BOUND('',#2261,.T.);
#2261 = EDGE_LOOP('',(#2262,#2263,#2264,#2270));
#2262 = ORIENTED_EDGE('',*,*,#1016,.T.);
#2263 = ORIENTED_EDGE('',*,*,#1712,.T.);
#2264 = ORIENTED_EDGE('',*,*,#2265,.F.);
#2265 = EDGE_CURVE('',#1101,#1705,#2266,.T.);
#2266 = LINE('',#2267,#2268);
#2267 = CARTESIAN_POINT('',(194.,-50.5,0.));
#2268 = VECTOR('',#2269,1.);
#2269 = DIRECTION('',(0.,0.,1.));
#2270 = ORIENTED_EDGE('',*,*,#1108,.F.);
#2271 = CYLINDRICAL_SURFACE('',#2272,1.500000586493);
#2272 = AXIS2_PLACEMENT_3D('',#2273,#2274,#2275);
#2273 = CARTESIAN_POINT('',(193.9999994135,-48.9999994135,0.));
#2274 = DIRECTION('',(0.,0.,-1.));
#2275 = DIRECTION('',(1.,-3.909953473956E-07,0.));
#2276 = ADVANCED_FACE('',(#2277),#2288,.T.);
#2277 = FACE_BOUND('',#2278,.T.);
#2278 = EDGE_LOOP('',(#2279,#2285,#2286,#2287));
#2279 = ORIENTED_EDGE('',*,*,#2280,.T.);
#2280 = EDGE_CURVE('',#1050,#1654,#2281,.T.);
#2281 = LINE('',#2282,#2283);
#2282 = CARTESIAN_POINT('',(124.,-176.5,0.));
#2283 = VECTOR('',#2284,1.);
#2284 = DIRECTION('',(0.,0.,1.));
#2285 = ORIENTED_EDGE('',*,*,#1653,.T.);
#2286 = ORIENTED_EDGE('',*,*,#2246,.F.);
#2287 = ORIENTED_EDGE('',*,*,#1049,.F.);
#2288 = PLANE('',#2289);
#2289 = AXIS2_PLACEMENT_3D('',#2290,#2291,#2292);
#2290 = CARTESIAN_POINT('',(124.,-176.5,0.));
#2291 = DIRECTION('',(-1.,0.,0.));
#2292 = DIRECTION('',(0.,1.,0.));
#2293 = ADVANCED_FACE('',(#2294),#2305,.T.);
#2294 = FACE_BOUND('',#2295,.T.);
#2295 = EDGE_LOOP('',(#2296,#2297,#2298,#2304));
#2296 = ORIENTED_EDGE('',*,*,#2265,.T.);
#2297 = ORIENTED_EDGE('',*,*,#1704,.T.);
#2298 = ORIENTED_EDGE('',*,*,#2299,.F.);
#2299 = EDGE_CURVE('',#1092,#1696,#2300,.T.);
#2300 = LINE('',#2301,#2302);
#2301 = CARTESIAN_POINT('',(170.5,-50.5,0.));
#2302 = VECTOR('',#2303,1.);
#2303 = DIRECTION('',(0.,0.,1.));
#2304 = ORIENTED_EDGE('',*,*,#1100,.F.);
#2305 = PLANE('',#2306);
#2306 = AXIS2_PLACEMENT_3D('',#2307,#2308,#2309);
#2307 = CARTESIAN_POINT('',(194.,-50.5,0.));
#2308 = DIRECTION('',(0.,-1.,0.));
#2309 = DIRECTION('',(-1.,0.,0.));
#2310 = ADVANCED_FACE('',(#2311),#2322,.T.);
#2311 = FACE_BOUND('',#2312,.T.);
#2312 = EDGE_LOOP('',(#2313,#2319,#2320,#2321));
#2313 = ORIENTED_EDGE('',*,*,#2314,.T.);
#2314 = EDGE_CURVE('',#1058,#1662,#2315,.T.);
#2315 = LINE('',#2316,#2317);
#2316 = CARTESIAN_POINT('',(125.5,-178.,0.));
#2317 = VECTOR('',#2318,1.);
#2318 = DIRECTION('',(0.,0.,1.));
#2319 = ORIENTED_EDGE('',*,*,#1661,.T.);
#2320 = ORIENTED_EDGE('',*,*,#2280,.F.);
#2321 = ORIENTED_EDGE('',*,*,#1057,.F.);
#2322 = CYLINDRICAL_SURFACE('',#2323,1.500000586493);
#2323 = AXIS2_PLACEMENT_3D('',#2324,#2325,#2326);
#2324 = CARTESIAN_POINT('',(125.50000058649,-176.4999994135,0.));
#2325 = DIRECTION('',(0.,0.,-1.));
#2326 = DIRECTION('',(-3.909953521326E-07,-1.,-0.));
#2327 = ADVANCED_FACE('',(#2328),#2339,.F.);
#2328 = FACE_BOUND('',#2329,.T.);
#2329 = EDGE_LOOP('',(#2330,#2331,#2332,#2338));
#2330 = ORIENTED_EDGE('',*,*,#2299,.T.);
#2331 = ORIENTED_EDGE('',*,*,#1695,.T.);
#2332 = ORIENTED_EDGE('',*,*,#2333,.F.);
#2333 = EDGE_CURVE('',#1084,#1688,#2334,.T.);
#2334 = LINE('',#2335,#2336);
#2335 = CARTESIAN_POINT('',(168.5,-52.5,0.));
#2336 = VECTOR('',#2337,1.);
#2337 = DIRECTION('',(0.,0.,1.));
#2338 = ORIENTED_EDGE('',*,*,#1091,.F.);
#2339 = CYLINDRICAL_SURFACE('',#2340,1.99999850585);
#2340 = AXIS2_PLACEMENT_3D('',#2341,#2342,#2343);
#2341 = CARTESIAN_POINT('',(170.49999850585,-52.49999850585,0.));
#2342 = DIRECTION('',(-0.,-0.,-1.));
#2343 = DIRECTION('',(7.470757349539E-07,1.,-0.));
#2344 = ADVANCED_FACE('',(#2345),#2356,.T.);
#2345 = FACE_BOUND('',#2346,.T.);
#2346 = EDGE_LOOP('',(#2347,#2353,#2354,#2355));
#2347 = ORIENTED_EDGE('',*,*,#2348,.T.);
#2348 = EDGE_CURVE('',#1067,#1671,#2349,.T.);
#2349 = LINE('',#2350,#2351);
#2350 = CARTESIAN_POINT('',(167.,-178.,0.));
#2351 = VECTOR('',#2352,1.);
#2352 = DIRECTION('',(0.,0.,1.));
#2353 = ORIENTED_EDGE('',*,*,#1670,.T.);
#2354 = ORIENTED_EDGE('',*,*,#2314,.F.);
#2355 = ORIENTED_EDGE('',*,*,#1066,.F.);
#2356 = PLANE('',#2357);
#2357 = AXIS2_PLACEMENT_3D('',#2358,#2359,#2360);
#2358 = CARTESIAN_POINT('',(167.,-178.,0.));
#2359 = DIRECTION('',(0.,-1.,0.));
#2360 = DIRECTION('',(-1.,0.,0.));
#2361 = ADVANCED_FACE('',(#2362),#2373,.T.);
#2362 = FACE_BOUND('',#2363,.T.);
#2363 = EDGE_LOOP('',(#2364,#2365,#2366,#2372));
#2364 = ORIENTED_EDGE('',*,*,#2333,.T.);
#2365 = ORIENTED_EDGE('',*,*,#1687,.T.);
#2366 = ORIENTED_EDGE('',*,*,#2367,.F.);
#2367 = EDGE_CURVE('',#1075,#1679,#2368,.T.);
#2368 = LINE('',#2369,#2370);
#2369 = CARTESIAN_POINT('',(168.5,-176.5,0.));
#2370 = VECTOR('',#2371,1.);
#2371 = DIRECTION('',(0.,0.,1.));
#2372 = ORIENTED_EDGE('',*,*,#1083,.F.);
#2373 = PLANE('',#2374);
#2374 = AXIS2_PLACEMENT_3D('',#2375,#2376,#2377);
#2375 = CARTESIAN_POINT('',(168.5,-52.5,0.));
#2376 = DIRECTION('',(1.,0.,-0.));
#2377 = DIRECTION('',(0.,-1.,0.));
#2378 = ADVANCED_FACE('',(#2379),#2385,.T.);
#2379 = FACE_BOUND('',#2380,.T.);
#2380 = EDGE_LOOP('',(#2381,#2382,#2383,#2384));
#2381 = ORIENTED_EDGE('',*,*,#2367,.T.);
#2382 = ORIENTED_EDGE('',*,*,#1678,.T.);
#2383 = ORIENTED_EDGE('',*,*,#2348,.F.);
#2384 = ORIENTED_EDGE('',*,*,#1074,.F.);
#2385 = CYLINDRICAL_SURFACE('',#2386,1.500000586493);
#2386 = AXIS2_PLACEMENT_3D('',#2387,#2388,#2389);
#2387 = CARTESIAN_POINT('',(166.9999994135,-176.4999994135,0.));
#2388 = DIRECTION('',(0.,0.,-1.));
#2389 = DIRECTION('',(1.,-3.909953331848E-07,0.));
#2390 = ADVANCED_FACE('',(#2391),#2402,.F.);
#2391 = FACE_BOUND('',#2392,.T.);
#2392 = EDGE_LOOP('',(#2393,#2394,#2400,#2401));
#2393 = ORIENTED_EDGE('',*,*,#1118,.T.);
#2394 = ORIENTED_EDGE('',*,*,#2395,.T.);
#2395 = EDGE_CURVE('',#1119,#1723,#2396,.T.);
#2396 = LINE('',#2397,#2398);
#2397 = CARTESIAN_POINT('',(129.,-176.,-4.6E-02));
#2398 = VECTOR('',#2399,1.);
#2399 = DIRECTION('',(0.,0.,1.));
#2400 = ORIENTED_EDGE('',*,*,#1722,.F.);
#2401 = ORIENTED_EDGE('',*,*,#2395,.F.);
#2402 = CYLINDRICAL_SURFACE('',#2403,0.75);
#2403 = AXIS2_PLACEMENT_3D('',#2404,#2405,#2406);
#2404 = CARTESIAN_POINT('',(129.,-175.25,-4.6E-02));
#2405 = DIRECTION('',(-0.,-0.,-1.));
#2406 = DIRECTION('',(-0.,-1.,0.));
#2407 = ADVANCED_FACE('',(#2408),#2419,.F.);
#2408 = FACE_BOUND('',#2409,.T.);
#2409 = EDGE_LOOP('',(#2410,#2411,#2417,#2418));
#2410 = ORIENTED_EDGE('',*,*,#1129,.T.);
#2411 = ORIENTED_EDGE('',*,*,#2412,.T.);
#2412 = EDGE_CURVE('',#1130,#1734,#2413,.T.);
#2413 = LINE('',#2414,#2415);
#2414 = CARTESIAN_POINT('',(132.8,-176.,-4.6E-02));
#2415 = VECTOR('',#2416,1.);
#2416 = DIRECTION('',(0.,0.,1.));
#2417 = ORIENTED_EDGE('',*,*,#1733,.F.);
#2418 = ORIENTED_EDGE('',*,*,#2412,.F.);
#2419 = CYLINDRICAL_SURFACE('',#2420,0.75);
#2420 = AXIS2_PLACEMENT_3D('',#2421,#2422,#2423);
#2421 = CARTESIAN_POINT('',(132.8,-175.25,-4.6E-02));
#2422 = DIRECTION('',(-0.,-0.,-1.));
#2423 = DIRECTION('',(-0.,-1.,0.));
#2424 = ADVANCED_FACE('',(#2425),#2436,.F.);
#2425 = FACE_BOUND('',#2426,.T.);
#2426 = EDGE_LOOP('',(#2427,#2428,#2434,#2435));
#2427 = ORIENTED_EDGE('',*,*,#1140,.T.);
#2428 = ORIENTED_EDGE('',*,*,#2429,.T.);
#2429 = EDGE_CURVE('',#1141,#1745,#2430,.T.);
#2430 = LINE('',#2431,#2432);
#2431 = CARTESIAN_POINT('',(133.75,-156.2,-4.6E-02));
#2432 = VECTOR('',#2433,1.);
#2433 = DIRECTION('',(0.,0.,1.));
#2434 = ORIENTED_EDGE('',*,*,#1744,.F.);
#2435 = ORIENTED_EDGE('',*,*,#2429,.F.);
#2436 = CYLINDRICAL_SURFACE('',#2437,1.);
#2437 = AXIS2_PLACEMENT_3D('',#2438,#2439,#2440);
#2438 = CARTESIAN_POINT('',(133.75,-155.2,-4.6E-02));
#2439 = DIRECTION('',(-0.,-0.,-1.));
#2440 = DIRECTION('',(-0.,-1.,0.));
#2441 = ADVANCED_FACE('',(#2442),#2453,.F.);
#2442 = FACE_BOUND('',#2443,.T.);
#2443 = EDGE_LOOP('',(#2444,#2445,#2451,#2452));
#2444 = ORIENTED_EDGE('',*,*,#1151,.T.);
#2445 = ORIENTED_EDGE('',*,*,#2446,.T.);
#2446 = EDGE_CURVE('',#1152,#1756,#2447,.T.);
#2447 = LINE('',#2448,#2449);
#2448 = CARTESIAN_POINT('',(154.,-176.,-4.6E-02));
#2449 = VECTOR('',#2450,1.);
#2450 = DIRECTION('',(0.,0.,1.));
#2451 = ORIENTED_EDGE('',*,*,#1755,.F.);
#2452 = ORIENTED_EDGE('',*,*,#2446,.F.);
#2453 = CYLINDRICAL_SURFACE('',#2454,0.75);
#2454 = AXIS2_PLACEMENT_3D('',#2455,#2456,#2457);
#2455 = CARTESIAN_POINT('',(154.,-175.25,-4.6E-02));
#2456 = DIRECTION('',(-0.,-0.,-1.));
#2457 = DIRECTION('',(-0.,-1.,0.));
#2458 = ADVANCED_FACE('',(#2459),#2470,.F.);
#2459 = FACE_BOUND('',#2460,.T.);
#2460 = EDGE_LOOP('',(#2461,#2462,#2468,#2469));
#2461 = ORIENTED_EDGE('',*,*,#1162,.T.);
#2462 = ORIENTED_EDGE('',*,*,#2463,.T.);
#2463 = EDGE_CURVE('',#1163,#1767,#2464,.T.);
#2464 = LINE('',#2465,#2466);
#2465 = CARTESIAN_POINT('',(157.8,-176.,-4.6E-02));
#2466 = VECTOR('',#2467,1.);
#2467 = DIRECTION('',(0.,0.,1.));
#2468 = ORIENTED_EDGE('',*,*,#1766,.F.);
#2469 = ORIENTED_EDGE('',*,*,#2463,.F.);
#2470 = CYLINDRICAL_SURFACE('',#2471,0.75);
#2471 = AXIS2_PLACEMENT_3D('',#2472,#2473,#2474);
#2472 = CARTESIAN_POINT('',(157.8,-175.25,-4.6E-02));
#2473 = DIRECTION('',(-0.,-0.,-1.));
#2474 = DIRECTION('',(-0.,-1.,0.));
#2475 = ADVANCED_FACE('',(#2476),#2487,.F.);
#2476 = FACE_BOUND('',#2477,.T.);
#2477 = EDGE_LOOP('',(#2478,#2479,#2485,#2486));
#2478 = ORIENTED_EDGE('',*,*,#1173,.T.);
#2479 = ORIENTED_EDGE('',*,*,#2480,.T.);
#2480 = EDGE_CURVE('',#1174,#1778,#2481,.T.);
#2481 = LINE('',#2482,#2483);
#2482 = CARTESIAN_POINT('',(158.75,-156.2,-4.6E-02));
#2483 = VECTOR('',#2484,1.);
#2484 = DIRECTION('',(0.,0.,1.));
#2485 = ORIENTED_EDGE('',*,*,#1777,.F.);
#2486 = ORIENTED_EDGE('',*,*,#2480,.F.);
#2487 = CYLINDRICAL_SURFACE('',#2488,1.);
#2488 = AXIS2_PLACEMENT_3D('',#2489,#2490,#2491);
#2489 = CARTESIAN_POINT('',(158.75,-155.2,-4.6E-02));
#2490 = DIRECTION('',(-0.,-0.,-1.));
#2491 = DIRECTION('',(-0.,-1.,0.));
#2492 = ADVANCED_FACE('',(#2493),#2504,.F.);
#2493 = FACE_BOUND('',#2494,.T.);
#2494 = EDGE_LOOP('',(#2495,#2496,#2502,#2503));
#2495 = ORIENTED_EDGE('',*,*,#1184,.T.);
#2496 = ORIENTED_EDGE('',*,*,#2497,.T.);
#2497 = EDGE_CURVE('',#1185,#1789,#2498,.T.);
#2498 = LINE('',#2499,#2500);
#2499 = CARTESIAN_POINT('',(133.75,-73.7,-4.6E-02));
#2500 = VECTOR('',#2501,1.);
#2501 = DIRECTION('',(0.,0.,1.));
#2502 = ORIENTED_EDGE('',*,*,#1788,.F.);
#2503 = ORIENTED_EDGE('',*,*,#2497,.F.);
#2504 = CYLINDRICAL_SURFACE('',#2505,1.);
#2505 = AXIS2_PLACEMENT_3D('',#2506,#2507,#2508);
#2506 = CARTESIAN_POINT('',(133.75,-72.7,-4.6E-02));
#2507 = DIRECTION('',(-0.,-0.,-1.));
#2508 = DIRECTION('',(-0.,-1.,0.));
#2509 = ADVANCED_FACE('',(#2510),#2521,.F.);
#2510 = FACE_BOUND('',#2511,.T.);
#2511 = EDGE_LOOP('',(#2512,#2513,#2519,#2520));
#2512 = ORIENTED_EDGE('',*,*,#1195,.T.);
#2513 = ORIENTED_EDGE('',*,*,#2514,.T.);
#2514 = EDGE_CURVE('',#1196,#1800,#2515,.T.);
#2515 = LINE('',#2516,#2517);
#2516 = CARTESIAN_POINT('',(158.75,-73.7,-4.6E-02));
#2517 = VECTOR('',#2518,1.);
#2518 = DIRECTION('',(0.,0.,1.));
#2519 = ORIENTED_EDGE('',*,*,#1799,.F.);
#2520 = ORIENTED_EDGE('',*,*,#2514,.F.);
#2521 = CYLINDRICAL_SURFACE('',#2522,1.);
#2522 = AXIS2_PLACEMENT_3D('',#2523,#2524,#2525);
#2523 = CARTESIAN_POINT('',(158.75,-72.7,-4.6E-02));
#2524 = DIRECTION('',(-0.,-0.,-1.));
#2525 = DIRECTION('',(-0.,-1.,0.));
#2526 = ADVANCED_FACE('',(#2527),#2538,.F.);
#2527 = FACE_BOUND('',#2528,.T.);
#2528 = EDGE_LOOP('',(#2529,#2530,#2536,#2537));
#2529 = ORIENTED_EDGE('',*,*,#1206,.T.);
#2530 = ORIENTED_EDGE('',*,*,#2531,.T.);
#2531 = EDGE_CURVE('',#1207,#1811,#2532,.T.);
#2532 = LINE('',#2533,#2534);
#2533 = CARTESIAN_POINT('',(126.3,-41.5,-4.6E-02));
#2534 = VECTOR('',#2535,1.);
#2535 = DIRECTION('',(0.,0.,1.));
#2536 = ORIENTED_EDGE('',*,*,#1810,.F.);
#2537 = ORIENTED_EDGE('',*,*,#2531,.F.);
#2538 = CYLINDRICAL_SURFACE('',#2539,0.5);
#2539 = AXIS2_PLACEMENT_3D('',#2540,#2541,#2542);
#2540 = CARTESIAN_POINT('',(126.3,-41.,-4.6E-02));
#2541 = DIRECTION('',(-0.,-0.,-1.));
#2542 = DIRECTION('',(-0.,-1.,0.));
#2543 = ADVANCED_FACE('',(#2544),#2555,.F.);
#2544 = FACE_BOUND('',#2545,.T.);
#2545 = EDGE_LOOP('',(#2546,#2547,#2553,#2554));
#2546 = ORIENTED_EDGE('',*,*,#1217,.T.);
#2547 = ORIENTED_EDGE('',*,*,#2548,.T.);
#2548 = EDGE_CURVE('',#1218,#1822,#2549,.T.);
#2549 = LINE('',#2550,#2551);
#2550 = CARTESIAN_POINT('',(132.8,-48.5,-4.6E-02));
#2551 = VECTOR('',#2552,1.);
#2552 = DIRECTION('',(0.,0.,1.));
#2553 = ORIENTED_EDGE('',*,*,#1821,.F.);
#2554 = ORIENTED_EDGE('',*,*,#2548,.F.);
#2555 = CYLINDRICAL_SURFACE('',#2556,0.75);
#2556 = AXIS2_PLACEMENT_3D('',#2557,#2558,#2559);
#2557 = CARTESIAN_POINT('',(132.8,-47.75,-4.6E-02));
#2558 = DIRECTION('',(-0.,-0.,-1.));
#2559 = DIRECTION('',(-0.,-1.,0.));
#2560 = ADVANCED_FACE('',(#2561),#2577,.F.);
#2561 = FACE_BOUND('',#2562,.T.);
#2562 = EDGE_LOOP('',(#2563,#2564,#2570,#2571));
#2563 = ORIENTED_EDGE('',*,*,#1228,.T.);
#2564 = ORIENTED_EDGE('',*,*,#2565,.T.);
#2565 = EDGE_CURVE('',#1231,#1835,#2566,.T.);
#2566 = LINE('',#2567,#2568);
#2567 = CARTESIAN_POINT('',(134.45,-44.85,-4.6E-02));
#2568 = VECTOR('',#2569,1.);
#2569 = DIRECTION('',(0.,0.,1.));
#2570 = ORIENTED_EDGE('',*,*,#1832,.F.);
#2571 = ORIENTED_EDGE('',*,*,#2572,.F.);
#2572 = EDGE_CURVE('',#1229,#1833,#2573,.T.);
#2573 = LINE('',#2574,#2575);
#2574 = CARTESIAN_POINT('',(134.45,-43.35,-4.6E-02));
#2575 = VECTOR('',#2576,1.);
#2576 = DIRECTION('',(0.,0.,1.));
#2577 = CYLINDRICAL_SURFACE('',#2578,0.75);
#2578 = AXIS2_PLACEMENT_3D('',#2579,#2580,#2581);
#2579 = CARTESIAN_POINT('',(134.45,-44.1,-4.6E-02));
#2580 = DIRECTION('',(-0.,-0.,-1.));
#2581 = DIRECTION('',(-0.,-1.,0.));
#2582 = ADVANCED_FACE('',(#2583),#2594,.T.);
#2583 = FACE_BOUND('',#2584,.T.);
#2584 = EDGE_LOOP('',(#2585,#2586,#2587,#2588));
#2585 = ORIENTED_EDGE('',*,*,#1256,.T.);
#2586 = ORIENTED_EDGE('',*,*,#2572,.T.);
#2587 = ORIENTED_EDGE('',*,*,#1860,.F.);
#2588 = ORIENTED_EDGE('',*,*,#2589,.F.);
#2589 = EDGE_CURVE('',#1248,#1852,#2590,.T.);
#2590 = LINE('',#2591,#2592);
#2591 = CARTESIAN_POINT('',(133.15,-43.35,-4.6E-02));
#2592 = VECTOR('',#2593,1.);
#2593 = DIRECTION('',(0.,0.,1.));
#2594 = PLANE('',#2595);
#2595 = AXIS2_PLACEMENT_3D('',#2596,#2597,#2598);
#2596 = CARTESIAN_POINT('',(134.45,-43.35,-4.6E-02));
#2597 = DIRECTION('',(0.,-1.,0.));
#2598 = DIRECTION('',(-1.,0.,0.));
#2599 = ADVANCED_FACE('',(#2600),#2611,.F.);
#2600 = FACE_BOUND('',#2601,.T.);
#2601 = EDGE_LOOP('',(#2602,#2603,#2604,#2605));
#2602 = ORIENTED_EDGE('',*,*,#1247,.T.);
#2603 = ORIENTED_EDGE('',*,*,#2589,.T.);
#2604 = ORIENTED_EDGE('',*,*,#1851,.F.);
#2605 = ORIENTED_EDGE('',*,*,#2606,.F.);
#2606 = EDGE_CURVE('',#1240,#1844,#2607,.T.);
#2607 = LINE('',#2608,#2609);
#2608 = CARTESIAN_POINT('',(133.15,-44.85,-4.6E-02));
#2609 = VECTOR('',#2610,1.);
#2610 = DIRECTION('',(0.,0.,1.));
#2611 = CYLINDRICAL_SURFACE('',#2612,0.75);
#2612 = AXIS2_PLACEMENT_3D('',#2613,#2614,#2615);
#2613 = CARTESIAN_POINT('',(133.15,-44.1,-4.6E-02));
#2614 = DIRECTION('',(-0.,0.,-1.));
#2615 = DIRECTION('',(0.,1.,0.));
#2616 = ADVANCED_FACE('',(#2617),#2623,.T.);
#2617 = FACE_BOUND('',#2618,.T.);
#2618 = EDGE_LOOP('',(#2619,#2620,#2621,#2622));
#2619 = ORIENTED_EDGE('',*,*,#1239,.T.);
#2620 = ORIENTED_EDGE('',*,*,#2606,.T.);
#2621 = ORIENTED_EDGE('',*,*,#1843,.F.);
#2622 = ORIENTED_EDGE('',*,*,#2565,.F.);
#2623 = PLANE('',#2624);
#2624 = AXIS2_PLACEMENT_3D('',#2625,#2626,#2627);
#2625 = CARTESIAN_POINT('',(133.15,-44.85,-4.6E-02));
#2626 = DIRECTION('',(0.,1.,0.));
#2627 = DIRECTION('',(1.,0.,0.));
#2628 = ADVANCED_FACE('',(#2629),#2640,.F.);
#2629 = FACE_BOUND('',#2630,.T.);
#2630 = EDGE_LOOP('',(#2631,#2632,#2638,#2639));
#2631 = ORIENTED_EDGE('',*,*,#1264,.T.);
#2632 = ORIENTED_EDGE('',*,*,#2633,.T.);
#2633 = EDGE_CURVE('',#1265,#1869,#2634,.T.);
#2634 = LINE('',#2635,#2636);
#2635 = CARTESIAN_POINT('',(126.3,-39.,-4.6E-02));
#2636 = VECTOR('',#2637,1.);
#2637 = DIRECTION('',(0.,0.,1.));
#2638 = ORIENTED_EDGE('',*,*,#1868,.F.);
#2639 = ORIENTED_EDGE('',*,*,#2633,.F.);
#2640 = CYLINDRICAL_SURFACE('',#2641,0.5);
#2641 = AXIS2_PLACEMENT_3D('',#2642,#2643,#2644);
#2642 = CARTESIAN_POINT('',(126.3,-38.5,-4.6E-02));
#2643 = DIRECTION('',(-0.,-0.,-1.));
#2644 = DIRECTION('',(-0.,-1.,0.));
#2645 = ADVANCED_FACE('',(#2646),#2657,.F.);
#2646 = FACE_BOUND('',#2647,.T.);
#2647 = EDGE_LOOP('',(#2648,#2649,#2655,#2656));
#2648 = ORIENTED_EDGE('',*,*,#1275,.T.);
#2649 = ORIENTED_EDGE('',*,*,#2650,.T.);
#2650 = EDGE_CURVE('',#1276,#1880,#2651,.T.);
#2651 = LINE('',#2652,#2653);
#2652 = CARTESIAN_POINT('',(126.3,-36.5,-4.6E-02));
#2653 = VECTOR('',#2654,1.);
#2654 = DIRECTION('',(0.,0.,1.));
#2655 = ORIENTED_EDGE('',*,*,#1879,.F.);
#2656 = ORIENTED_EDGE('',*,*,#2650,.F.);
#2657 = CYLINDRICAL_SURFACE('',#2658,0.5);
#2658 = AXIS2_PLACEMENT_3D('',#2659,#2660,#2661);
#2659 = CARTESIAN_POINT('',(126.3,-36.,-4.6E-02));
#2660 = DIRECTION('',(-0.,-0.,-1.));
#2661 = DIRECTION('',(-0.,-1.,0.));
#2662 = ADVANCED_FACE('',(#2663),#2679,.F.);
#2663 = FACE_BOUND('',#2664,.T.);
#2664 = EDGE_LOOP('',(#2665,#2666,#2672,#2673));
#2665 = ORIENTED_EDGE('',*,*,#1286,.T.);
#2666 = ORIENTED_EDGE('',*,*,#2667,.T.);
#2667 = EDGE_CURVE('',#1289,#1893,#2668,.T.);
#2668 = LINE('',#2669,#2670);
#2669 = CARTESIAN_POINT('',(134.45,-33.65,-4.6E-02));
#2670 = VECTOR('',#2671,1.);
#2671 = DIRECTION('',(0.,0.,1.));
#2672 = ORIENTED_EDGE('',*,*,#1890,.F.);
#2673 = ORIENTED_EDGE('',*,*,#2674,.F.);
#2674 = EDGE_CURVE('',#1287,#1891,#2675,.T.);
#2675 = LINE('',#2676,#2677);
#2676 = CARTESIAN_POINT('',(134.45,-32.15,-4.6E-02));
#2677 = VECTOR('',#2678,1.);
#2678 = DIRECTION('',(0.,0.,1.));
#2679 = CYLINDRICAL_SURFACE('',#2680,0.75);
#2680 = AXIS2_PLACEMENT_3D('',#2681,#2682,#2683);
#2681 = CARTESIAN_POINT('',(134.45,-32.9,-4.6E-02));
#2682 = DIRECTION('',(-0.,-0.,-1.));
#2683 = DIRECTION('',(-0.,-1.,0.));
#2684 = ADVANCED_FACE('',(#2685),#2696,.T.);
#2685 = FACE_BOUND('',#2686,.T.);
#2686 = EDGE_LOOP('',(#2687,#2688,#2689,#2690));
#2687 = ORIENTED_EDGE('',*,*,#1314,.T.);
#2688 = ORIENTED_EDGE('',*,*,#2674,.T.);
#2689 = ORIENTED_EDGE('',*,*,#1918,.F.);
#2690 = ORIENTED_EDGE('',*,*,#2691,.F.);
#2691 = EDGE_CURVE('',#1306,#1910,#2692,.T.);
#2692 = LINE('',#2693,#2694);
#2693 = CARTESIAN_POINT('',(133.15,-32.15,-4.6E-02));
#2694 = VECTOR('',#2695,1.);
#2695 = DIRECTION('',(0.,0.,1.));
#2696 = PLANE('',#2697);
#2697 = AXIS2_PLACEMENT_3D('',#2698,#2699,#2700);
#2698 = CARTESIAN_POINT('',(134.45,-32.15,-4.6E-02));
#2699 = DIRECTION('',(0.,-1.,0.));
#2700 = DIRECTION('',(-1.,0.,0.));
#2701 = ADVANCED_FACE('',(#2702),#2713,.F.);
#2702 = FACE_BOUND('',#2703,.T.);
#2703 = EDGE_LOOP('',(#2704,#2705,#2706,#2707));
#2704 = ORIENTED_EDGE('',*,*,#1305,.T.);
#2705 = ORIENTED_EDGE('',*,*,#2691,.T.);
#2706 = ORIENTED_EDGE('',*,*,#1909,.F.);
#2707 = ORIENTED_EDGE('',*,*,#2708,.F.);
#2708 = EDGE_CURVE('',#1298,#1902,#2709,.T.);
#2709 = LINE('',#2710,#2711);
#2710 = CARTESIAN_POINT('',(133.15,-33.65,-4.6E-02));
#2711 = VECTOR('',#2712,1.);
#2712 = DIRECTION('',(0.,0.,1.));
#2713 = CYLINDRICAL_SURFACE('',#2714,0.75);
#2714 = AXIS2_PLACEMENT_3D('',#2715,#2716,#2717);
#2715 = CARTESIAN_POINT('',(133.15,-32.9,-4.6E-02));
#2716 = DIRECTION('',(-0.,0.,-1.));
#2717 = DIRECTION('',(0.,1.,0.));
#2718 = ADVANCED_FACE('',(#2719),#2725,.T.);
#2719 = FACE_BOUND('',#2720,.T.);
#2720 = EDGE_LOOP('',(#2721,#2722,#2723,#2724));
#2721 = ORIENTED_EDGE('',*,*,#1297,.T.);
#2722 = ORIENTED_EDGE('',*,*,#2708,.T.);
#2723 = ORIENTED_EDGE('',*,*,#1901,.F.);
#2724 = ORIENTED_EDGE('',*,*,#2667,.F.);
#2725 = PLANE('',#2726);
#2726 = AXIS2_PLACEMENT_3D('',#2727,#2728,#2729);
#2727 = CARTESIAN_POINT('',(133.15,-33.65,-4.6E-02));
#2728 = DIRECTION('',(0.,1.,0.));
#2729 = DIRECTION('',(1.,0.,0.));
#2730 = ADVANCED_FACE('',(#2731),#2742,.F.);
#2731 = FACE_BOUND('',#2732,.T.);
#2732 = EDGE_LOOP('',(#2733,#2734,#2740,#2741));
#2733 = ORIENTED_EDGE('',*,*,#1322,.T.);
#2734 = ORIENTED_EDGE('',*,*,#2735,.T.);
#2735 = EDGE_CURVE('',#1323,#1927,#2736,.T.);
#2736 = LINE('',#2737,#2738);
#2737 = CARTESIAN_POINT('',(140.8,-41.5,-4.6E-02));
#2738 = VECTOR('',#2739,1.);
#2739 = DIRECTION('',(0.,0.,1.));
#2740 = ORIENTED_EDGE('',*,*,#1926,.F.);
#2741 = ORIENTED_EDGE('',*,*,#2735,.F.);
#2742 = CYLINDRICAL_SURFACE('',#2743,0.5);
#2743 = AXIS2_PLACEMENT_3D('',#2744,#2745,#2746);
#2744 = CARTESIAN_POINT('',(140.8,-41.,-4.6E-02));
#2745 = DIRECTION('',(-0.,-0.,-1.));
#2746 = DIRECTION('',(-0.,-1.,0.));
#2747 = ADVANCED_FACE('',(#2748),#2759,.F.);
#2748 = FACE_BOUND('',#2749,.T.);
#2749 = EDGE_LOOP('',(#2750,#2751,#2757,#2758));
#2750 = ORIENTED_EDGE('',*,*,#1333,.T.);
#2751 = ORIENTED_EDGE('',*,*,#2752,.T.);
#2752 = EDGE_CURVE('',#1334,#1938,#2753,.T.);
#2753 = LINE('',#2754,#2755);
#2754 = CARTESIAN_POINT('',(140.8,-36.5,-4.6E-02));
#2755 = VECTOR('',#2756,1.);
#2756 = DIRECTION('',(0.,0.,1.));
#2757 = ORIENTED_EDGE('',*,*,#1937,.F.);
#2758 = ORIENTED_EDGE('',*,*,#2752,.F.);
#2759 = CYLINDRICAL_SURFACE('',#2760,0.5);
#2760 = AXIS2_PLACEMENT_3D('',#2761,#2762,#2763);
#2761 = CARTESIAN_POINT('',(140.8,-36.,-4.6E-02));
#2762 = DIRECTION('',(-0.,-0.,-1.));
#2763 = DIRECTION('',(-0.,-1.,0.));
#2764 = ADVANCED_FACE('',(#2765),#2776,.F.);
#2765 = FACE_BOUND('',#2766,.T.);
#2766 = EDGE_LOOP('',(#2767,#2768,#2774,#2775));
#2767 = ORIENTED_EDGE('',*,*,#1344,.T.);
#2768 = ORIENTED_EDGE('',*,*,#2769,.T.);
#2769 = EDGE_CURVE('',#1345,#1949,#2770,.T.);
#2770 = LINE('',#2771,#2772);
#2771 = CARTESIAN_POINT('',(151.3,-41.5,-4.6E-02));
#2772 = VECTOR('',#2773,1.);
#2773 = DIRECTION('',(0.,0.,1.));
#2774 = ORIENTED_EDGE('',*,*,#1948,.F.);
#2775 = ORIENTED_EDGE('',*,*,#2769,.F.);
#2776 = CYLINDRICAL_SURFACE('',#2777,0.5);
#2777 = AXIS2_PLACEMENT_3D('',#2778,#2779,#2780);
#2778 = CARTESIAN_POINT('',(151.3,-41.,-4.6E-02));
#2779 = DIRECTION('',(-0.,-0.,-1.));
#2780 = DIRECTION('',(-0.,-1.,0.));
#2781 = ADVANCED_FACE('',(#2782),#2793,.F.);
#2782 = FACE_BOUND('',#2783,.T.);
#2783 = EDGE_LOOP('',(#2784,#2785,#2791,#2792));
#2784 = ORIENTED_EDGE('',*,*,#1355,.T.);
#2785 = ORIENTED_EDGE('',*,*,#2786,.T.);
#2786 = EDGE_CURVE('',#1356,#1960,#2787,.T.);
#2787 = LINE('',#2788,#2789);
#2788 = CARTESIAN_POINT('',(157.8,-48.5,-4.6E-02));
#2789 = VECTOR('',#2790,1.);
#2790 = DIRECTION('',(0.,0.,1.));
#2791 = ORIENTED_EDGE('',*,*,#1959,.F.);
#2792 = ORIENTED_EDGE('',*,*,#2786,.F.);
#2793 = CYLINDRICAL_SURFACE('',#2794,0.75);
#2794 = AXIS2_PLACEMENT_3D('',#2795,#2796,#2797);
#2795 = CARTESIAN_POINT('',(157.8,-47.75,-4.6E-02));
#2796 = DIRECTION('',(-0.,-0.,-1.));
#2797 = DIRECTION('',(-0.,-1.,0.));
#2798 = ADVANCED_FACE('',(#2799),#2815,.F.);
#2799 = FACE_BOUND('',#2800,.T.);
#2800 = EDGE_LOOP('',(#2801,#2802,#2808,#2809));
#2801 = ORIENTED_EDGE('',*,*,#1366,.T.);
#2802 = ORIENTED_EDGE('',*,*,#2803,.T.);
#2803 = EDGE_CURVE('',#1369,#1973,#2804,.T.);
#2804 = LINE('',#2805,#2806);
#2805 = CARTESIAN_POINT('',(159.45,-44.85,-4.6E-02));
#2806 = VECTOR('',#2807,1.);
#2807 = DIRECTION('',(0.,0.,1.));
#2808 = ORIENTED_EDGE('',*,*,#1970,.F.);
#2809 = ORIENTED_EDGE('',*,*,#2810,.F.);
#2810 = EDGE_CURVE('',#1367,#1971,#2811,.T.);
#2811 = LINE('',#2812,#2813);
#2812 = CARTESIAN_POINT('',(159.45,-43.35,-4.6E-02));
#2813 = VECTOR('',#2814,1.);
#2814 = DIRECTION('',(0.,0.,1.));
#2815 = CYLINDRICAL_SURFACE('',#2816,0.75);
#2816 = AXIS2_PLACEMENT_3D('',#2817,#2818,#2819);
#2817 = CARTESIAN_POINT('',(159.45,-44.1,-4.6E-02));
#2818 = DIRECTION('',(-0.,-0.,-1.));
#2819 = DIRECTION('',(-0.,-1.,0.));
#2820 = ADVANCED_FACE('',(#2821),#2832,.T.);
#2821 = FACE_BOUND('',#2822,.T.);
#2822 = EDGE_LOOP('',(#2823,#2824,#2825,#2826));
#2823 = ORIENTED_EDGE('',*,*,#1394,.T.);
#2824 = ORIENTED_EDGE('',*,*,#2810,.T.);
#2825 = ORIENTED_EDGE('',*,*,#1998,.F.);
#2826 = ORIENTED_EDGE('',*,*,#2827,.F.);
#2827 = EDGE_CURVE('',#1386,#1990,#2828,.T.);
#2828 = LINE('',#2829,#2830);
#2829 = CARTESIAN_POINT('',(158.15,-43.35,-4.6E-02));
#2830 = VECTOR('',#2831,1.);
#2831 = DIRECTION('',(0.,0.,1.));
#2832 = PLANE('',#2833);
#2833 = AXIS2_PLACEMENT_3D('',#2834,#2835,#2836);
#2834 = CARTESIAN_POINT('',(159.45,-43.35,-4.6E-02));
#2835 = DIRECTION('',(0.,-1.,0.));
#2836 = DIRECTION('',(-1.,0.,0.));
#2837 = ADVANCED_FACE('',(#2838),#2849,.F.);
#2838 = FACE_BOUND('',#2839,.T.);
#2839 = EDGE_LOOP('',(#2840,#2841,#2842,#2843));
#2840 = ORIENTED_EDGE('',*,*,#1385,.T.);
#2841 = ORIENTED_EDGE('',*,*,#2827,.T.);
#2842 = ORIENTED_EDGE('',*,*,#1989,.F.);
#2843 = ORIENTED_EDGE('',*,*,#2844,.F.);
#2844 = EDGE_CURVE('',#1378,#1982,#2845,.T.);
#2845 = LINE('',#2846,#2847);
#2846 = CARTESIAN_POINT('',(158.15,-44.85,-4.6E-02));
#2847 = VECTOR('',#2848,1.);
#2848 = DIRECTION('',(0.,0.,1.));
#2849 = CYLINDRICAL_SURFACE('',#2850,0.75);
#2850 = AXIS2_PLACEMENT_3D('',#2851,#2852,#2853);
#2851 = CARTESIAN_POINT('',(158.15,-44.1,-4.6E-02));
#2852 = DIRECTION('',(-0.,0.,-1.));
#2853 = DIRECTION('',(0.,1.,0.));
#2854 = ADVANCED_FACE('',(#2855),#2861,.T.);
#2855 = FACE_BOUND('',#2856,.T.);
#2856 = EDGE_LOOP('',(#2857,#2858,#2859,#2860));
#2857 = ORIENTED_EDGE('',*,*,#1377,.T.);
#2858 = ORIENTED_EDGE('',*,*,#2844,.T.);
#2859 = ORIENTED_EDGE('',*,*,#1981,.F.);
#2860 = ORIENTED_EDGE('',*,*,#2803,.F.);
#2861 = PLANE('',#2862);
#2862 = AXIS2_PLACEMENT_3D('',#2863,#2864,#2865);
#2863 = CARTESIAN_POINT('',(158.15,-44.85,-4.6E-02));
#2864 = DIRECTION('',(0.,1.,0.));
#2865 = DIRECTION('',(1.,0.,0.));
#2866 = ADVANCED_FACE('',(#2867),#2878,.F.);
#2867 = FACE_BOUND('',#2868,.T.);
#2868 = EDGE_LOOP('',(#2869,#2870,#2876,#2877));
#2869 = ORIENTED_EDGE('',*,*,#1402,.T.);
#2870 = ORIENTED_EDGE('',*,*,#2871,.T.);
#2871 = EDGE_CURVE('',#1403,#2007,#2872,.T.);
#2872 = LINE('',#2873,#2874);
#2873 = CARTESIAN_POINT('',(151.3,-39.,-4.6E-02));
#2874 = VECTOR('',#2875,1.);
#2875 = DIRECTION('',(0.,0.,1.));
#2876 = ORIENTED_EDGE('',*,*,#2006,.F.);
#2877 = ORIENTED_EDGE('',*,*,#2871,.F.);
#2878 = CYLINDRICAL_SURFACE('',#2879,0.5);
#2879 = AXIS2_PLACEMENT_3D('',#2880,#2881,#2882);
#2880 = CARTESIAN_POINT('',(151.3,-38.5,-4.6E-02));
#2881 = DIRECTION('',(-0.,-0.,-1.));
#2882 = DIRECTION('',(-0.,-1.,0.));
#2883 = ADVANCED_FACE('',(#2884),#2895,.F.);
#2884 = FACE_BOUND('',#2885,.T.);
#2885 = EDGE_LOOP('',(#2886,#2887,#2893,#2894));
#2886 = ORIENTED_EDGE('',*,*,#1413,.T.);
#2887 = ORIENTED_EDGE('',*,*,#2888,.T.);
#2888 = EDGE_CURVE('',#1414,#2018,#2889,.T.);
#2889 = LINE('',#2890,#2891);
#2890 = CARTESIAN_POINT('',(151.3,-36.5,-4.6E-02));
#2891 = VECTOR('',#2892,1.);
#2892 = DIRECTION('',(0.,0.,1.));
#2893 = ORIENTED_EDGE('',*,*,#2017,.F.);
#2894 = ORIENTED_EDGE('',*,*,#2888,.F.);
#2895 = CYLINDRICAL_SURFACE('',#2896,0.5);
#2896 = AXIS2_PLACEMENT_3D('',#2897,#2898,#2899);
#2897 = CARTESIAN_POINT('',(151.3,-36.,-4.6E-02));
#2898 = DIRECTION('',(-0.,-0.,-1.));
#2899 = DIRECTION('',(-0.,-1.,0.));
#2900 = ADVANCED_FACE('',(#2901),#2917,.F.);
#2901 = FACE_BOUND('',#2902,.T.);
#2902 = EDGE_LOOP('',(#2903,#2904,#2910,#2911));
#2903 = ORIENTED_EDGE('',*,*,#1424,.T.);
#2904 = ORIENTED_EDGE('',*,*,#2905,.T.);
#2905 = EDGE_CURVE('',#1427,#2031,#2906,.T.);
#2906 = LINE('',#2907,#2908);
#2907 = CARTESIAN_POINT('',(159.45,-33.65,-4.6E-02));
#2908 = VECTOR('',#2909,1.);
#2909 = DIRECTION('',(0.,0.,1.));
#2910 = ORIENTED_EDGE('',*,*,#2028,.F.);
#2911 = ORIENTED_EDGE('',*,*,#2912,.F.);
#2912 = EDGE_CURVE('',#1425,#2029,#2913,.T.);
#2913 = LINE('',#2914,#2915);
#2914 = CARTESIAN_POINT('',(159.45,-32.15,-4.6E-02));
#2915 = VECTOR('',#2916,1.);
#2916 = DIRECTION('',(0.,0.,1.));
#2917 = CYLINDRICAL_SURFACE('',#2918,0.75);
#2918 = AXIS2_PLACEMENT_3D('',#2919,#2920,#2921);
#2919 = CARTESIAN_POINT('',(159.45,-32.9,-4.6E-02));
#2920 = DIRECTION('',(-0.,-0.,-1.));
#2921 = DIRECTION('',(-0.,-1.,0.));
#2922 = ADVANCED_FACE('',(#2923),#2934,.T.);
#2923 = FACE_BOUND('',#2924,.T.);
#2924 = EDGE_LOOP('',(#2925,#2926,#2927,#2928));
#2925 = ORIENTED_EDGE('',*,*,#1452,.T.);
#2926 = ORIENTED_EDGE('',*,*,#2912,.T.);
#2927 = ORIENTED_EDGE('',*,*,#2056,.F.);
#2928 = ORIENTED_EDGE('',*,*,#2929,.F.);
#2929 = EDGE_CURVE('',#1444,#2048,#2930,.T.);
#2930 = LINE('',#2931,#2932);
#2931 = CARTESIAN_POINT('',(158.15,-32.15,-4.6E-02));
#2932 = VECTOR('',#2933,1.);
#2933 = DIRECTION('',(0.,0.,1.));
#2934 = PLANE('',#2935);
#2935 = AXIS2_PLACEMENT_3D('',#2936,#2937,#2938);
#2936 = CARTESIAN_POINT('',(159.45,-32.15,-4.6E-02));
#2937 = DIRECTION('',(0.,-1.,0.));
#2938 = DIRECTION('',(-1.,0.,0.));
#2939 = ADVANCED_FACE('',(#2940),#2951,.F.);
#2940 = FACE_BOUND('',#2941,.T.);
#2941 = EDGE_LOOP('',(#2942,#2943,#2944,#2945));
#2942 = ORIENTED_EDGE('',*,*,#1443,.T.);
#2943 = ORIENTED_EDGE('',*,*,#2929,.T.);
#2944 = ORIENTED_EDGE('',*,*,#2047,.F.);
#2945 = ORIENTED_EDGE('',*,*,#2946,.F.);
#2946 = EDGE_CURVE('',#1436,#2040,#2947,.T.);
#2947 = LINE('',#2948,#2949);
#2948 = CARTESIAN_POINT('',(158.15,-33.65,-4.6E-02));
#2949 = VECTOR('',#2950,1.);
#2950 = DIRECTION('',(0.,0.,1.));
#2951 = CYLINDRICAL_SURFACE('',#2952,0.75);
#2952 = AXIS2_PLACEMENT_3D('',#2953,#2954,#2955);
#2953 = CARTESIAN_POINT('',(158.15,-32.9,-4.6E-02));
#2954 = DIRECTION('',(-0.,0.,-1.));
#2955 = DIRECTION('',(0.,1.,0.));
#2956 = ADVANCED_FACE('',(#2957),#2963,.T.);
#2957 = FACE_BOUND('',#2958,.T.);
#2958 = EDGE_LOOP('',(#2959,#2960,#2961,#2962));
#2959 = ORIENTED_EDGE('',*,*,#1435,.T.);
#2960 = ORIENTED_EDGE('',*,*,#2946,.T.);
#2961 = ORIENTED_EDGE('',*,*,#2039,.F.);
#2962 = ORIENTED_EDGE('',*,*,#2905,.F.);
#2963 = PLANE('',#2964);
#2964 = AXIS2_PLACEMENT_3D('',#2965,#2966,#2967);
#2965 = CARTESIAN_POINT('',(158.15,-33.65,-4.6E-02));
#2966 = DIRECTION('',(0.,1.,0.));
#2967 = DIRECTION('',(1.,0.,0.));
#2968 = ADVANCED_FACE('',(#2969),#2980,.F.);
#2969 = FACE_BOUND('',#2970,.T.);
#2970 = EDGE_LOOP('',(#2971,#2972,#2978,#2979));
#2971 = ORIENTED_EDGE('',*,*,#1460,.T.);
#2972 = ORIENTED_EDGE('',*,*,#2973,.T.);
#2973 = EDGE_CURVE('',#1461,#2065,#2974,.T.);
#2974 = LINE('',#2975,#2976);
#2975 = CARTESIAN_POINT('',(165.8,-41.5,-4.6E-02));
#2976 = VECTOR('',#2977,1.);
#2977 = DIRECTION('',(0.,0.,1.));
#2978 = ORIENTED_EDGE('',*,*,#2064,.F.);
#2979 = ORIENTED_EDGE('',*,*,#2973,.F.);
#2980 = CYLINDRICAL_SURFACE('',#2981,0.5);
#2981 = AXIS2_PLACEMENT_3D('',#2982,#2983,#2984);
#2982 = CARTESIAN_POINT('',(165.8,-41.,-4.6E-02));
#2983 = DIRECTION('',(-0.,-0.,-1.));
#2984 = DIRECTION('',(-0.,-1.,0.));
#2985 = ADVANCED_FACE('',(#2986),#2997,.F.);
#2986 = FACE_BOUND('',#2987,.T.);
#2987 = EDGE_LOOP('',(#2988,#2989,#2995,#2996));
#2988 = ORIENTED_EDGE('',*,*,#1471,.T.);
#2989 = ORIENTED_EDGE('',*,*,#2990,.T.);
#2990 = EDGE_CURVE('',#1472,#2076,#2991,.T.);
#2991 = LINE('',#2992,#2993);
#2992 = CARTESIAN_POINT('',(165.8,-36.5,-4.6E-02));
#2993 = VECTOR('',#2994,1.);
#2994 = DIRECTION('',(0.,0.,1.));
#2995 = ORIENTED_EDGE('',*,*,#2075,.F.);
#2996 = ORIENTED_EDGE('',*,*,#2990,.F.);
#2997 = CYLINDRICAL_SURFACE('',#2998,0.5);
#2998 = AXIS2_PLACEMENT_3D('',#2999,#3000,#3001);
#2999 = CARTESIAN_POINT('',(165.8,-36.,-4.6E-02));
#3000 = DIRECTION('',(-0.,-0.,-1.));
#3001 = DIRECTION('',(-0.,-1.,0.));
#3002 = ADVANCED_FACE('',(#3003),#3014,.F.);
#3003 = FACE_BOUND('',#3004,.T.);
#3004 = EDGE_LOOP('',(#3005,#3006,#3012,#3013));
#3005 = ORIENTED_EDGE('',*,*,#1482,.T.);
#3006 = ORIENTED_EDGE('',*,*,#3007,.T.);
#3007 = EDGE_CURVE('',#1483,#2087,#3008,.T.);
#3008 = LINE('',#3009,#3010);
#3009 = CARTESIAN_POINT('',(176.125,-47.37,-4.6E-02));
#3010 = VECTOR('',#3011,1.);
#3011 = DIRECTION('',(0.,0.,1.));
#3012 = ORIENTED_EDGE('',*,*,#2086,.F.);
#3013 = ORIENTED_EDGE('',*,*,#3007,.F.);
#3014 = CYLINDRICAL_SURFACE('',#3015,0.5);
#3015 = AXIS2_PLACEMENT_3D('',#3016,#3017,#3018);
#3016 = CARTESIAN_POINT('',(176.125,-46.87,-4.6E-02));
#3017 = DIRECTION('',(-0.,-0.,-1.));
#3018 = DIRECTION('',(-0.,-1.,0.));
#3019 = ADVANCED_FACE('',(#3020),#3031,.F.);
#3020 = FACE_BOUND('',#3021,.T.);
#3021 = EDGE_LOOP('',(#3022,#3023,#3029,#3030));
#3022 = ORIENTED_EDGE('',*,*,#1493,.T.);
#3023 = ORIENTED_EDGE('',*,*,#3024,.T.);
#3024 = EDGE_CURVE('',#1494,#2098,#3025,.T.);
#3025 = LINE('',#3026,#3027);
#3026 = CARTESIAN_POINT('',(176.125,-44.83,-4.6E-02));
#3027 = VECTOR('',#3028,1.);
#3028 = DIRECTION('',(0.,0.,1.));
#3029 = ORIENTED_EDGE('',*,*,#2097,.F.);
#3030 = ORIENTED_EDGE('',*,*,#3024,.F.);
#3031 = CYLINDRICAL_SURFACE('',#3032,0.5);
#3032 = AXIS2_PLACEMENT_3D('',#3033,#3034,#3035);
#3033 = CARTESIAN_POINT('',(176.125,-44.33,-4.6E-02));
#3034 = DIRECTION('',(-0.,-0.,-1.));
#3035 = DIRECTION('',(-0.,-1.,0.));
#3036 = ADVANCED_FACE('',(#3037),#3048,.F.);
#3037 = FACE_BOUND('',#3038,.T.);
#3038 = EDGE_LOOP('',(#3039,#3040,#3046,#3047));
#3039 = ORIENTED_EDGE('',*,*,#1504,.T.);
#3040 = ORIENTED_EDGE('',*,*,#3041,.T.);
#3041 = EDGE_CURVE('',#1505,#2109,#3042,.T.);
#3042 = LINE('',#3043,#3044);
#3043 = CARTESIAN_POINT('',(176.125,-42.29,-4.6E-02));
#3044 = VECTOR('',#3045,1.);
#3045 = DIRECTION('',(0.,0.,1.));
#3046 = ORIENTED_EDGE('',*,*,#2108,.F.);
#3047 = ORIENTED_EDGE('',*,*,#3041,.F.);
#3048 = CYLINDRICAL_SURFACE('',#3049,0.5);
#3049 = AXIS2_PLACEMENT_3D('',#3050,#3051,#3052);
#3050 = CARTESIAN_POINT('',(176.125,-41.79,-4.6E-02));
#3051 = DIRECTION('',(-0.,-0.,-1.));
#3052 = DIRECTION('',(-0.,-1.,0.));
#3053 = ADVANCED_FACE('',(#3054),#3065,.F.);
#3054 = FACE_BOUND('',#3055,.T.);
#3055 = EDGE_LOOP('',(#3056,#3057,#3063,#3064));
#3056 = ORIENTED_EDGE('',*,*,#1515,.T.);
#3057 = ORIENTED_EDGE('',*,*,#3058,.T.);
#3058 = EDGE_CURVE('',#1516,#2120,#3059,.T.);
#3059 = LINE('',#3060,#3061);
#3060 = CARTESIAN_POINT('',(176.125,-39.75,-4.6E-02));
#3061 = VECTOR('',#3062,1.);
#3062 = DIRECTION('',(0.,0.,1.));
#3063 = ORIENTED_EDGE('',*,*,#2119,.F.);
#3064 = ORIENTED_EDGE('',*,*,#3058,.F.);
#3065 = CYLINDRICAL_SURFACE('',#3066,0.5);
#3066 = AXIS2_PLACEMENT_3D('',#3067,#3068,#3069);
#3067 = CARTESIAN_POINT('',(176.125,-39.25,-4.6E-02));
#3068 = DIRECTION('',(-0.,-0.,-1.));
#3069 = DIRECTION('',(-0.,-1.,0.));
#3070 = ADVANCED_FACE('',(#3071),#3082,.F.);
#3071 = FACE_BOUND('',#3072,.T.);
#3072 = EDGE_LOOP('',(#3073,#3074,#3080,#3081));
#3073 = ORIENTED_EDGE('',*,*,#1526,.T.);
#3074 = ORIENTED_EDGE('',*,*,#3075,.T.);
#3075 = EDGE_CURVE('',#1527,#2131,#3076,.T.);
#3076 = LINE('',#3077,#3078);
#3077 = CARTESIAN_POINT('',(176.125,-37.21,-4.6E-02));
#3078 = VECTOR('',#3079,1.);
#3079 = DIRECTION('',(0.,0.,1.));
#3080 = ORIENTED_EDGE('',*,*,#2130,.F.);
#3081 = ORIENTED_EDGE('',*,*,#3075,.F.);
#3082 = CYLINDRICAL_SURFACE('',#3083,0.5);
#3083 = AXIS2_PLACEMENT_3D('',#3084,#3085,#3086);
#3084 = CARTESIAN_POINT('',(176.125,-36.71,-4.6E-02));
#3085 = DIRECTION('',(-0.,-0.,-1.));
#3086 = DIRECTION('',(-0.,-1.,0.));
#3087 = ADVANCED_FACE('',(#3088),#3099,.F.);
#3088 = FACE_BOUND('',#3089,.T.);
#3089 = EDGE_LOOP('',(#3090,#3091,#3097,#3098));
#3090 = ORIENTED_EDGE('',*,*,#1537,.T.);
#3091 = ORIENTED_EDGE('',*,*,#3092,.T.);
#3092 = EDGE_CURVE('',#1538,#2142,#3093,.T.);
#3093 = LINE('',#3094,#3095);
#3094 = CARTESIAN_POINT('',(176.125,-34.67,-4.6E-02));
#3095 = VECTOR('',#3096,1.);
#3096 = DIRECTION('',(0.,0.,1.));
#3097 = ORIENTED_EDGE('',*,*,#2141,.F.);
#3098 = ORIENTED_EDGE('',*,*,#3092,.F.);
#3099 = CYLINDRICAL_SURFACE('',#3100,0.5);
#3100 = AXIS2_PLACEMENT_3D('',#3101,#3102,#3103);
#3101 = CARTESIAN_POINT('',(176.125,-34.17,-4.6E-02));
#3102 = DIRECTION('',(-0.,-0.,-1.));
#3103 = DIRECTION('',(-0.,-1.,0.));
#3104 = ADVANCED_FACE('',(#3105),#3116,.F.);
#3105 = FACE_BOUND('',#3106,.T.);
#3106 = EDGE_LOOP('',(#3107,#3108,#3114,#3115));
#3107 = ORIENTED_EDGE('',*,*,#1548,.T.);
#3108 = ORIENTED_EDGE('',*,*,#3109,.T.);
#3109 = EDGE_CURVE('',#1549,#2153,#3110,.T.);
#3110 = LINE('',#3111,#3112);
#3111 = CARTESIAN_POINT('',(176.125,-32.13,-4.6E-02));
#3112 = VECTOR('',#3113,1.);
#3113 = DIRECTION('',(0.,0.,1.));
#3114 = ORIENTED_EDGE('',*,*,#2152,.F.);
#3115 = ORIENTED_EDGE('',*,*,#3109,.F.);
#3116 = CYLINDRICAL_SURFACE('',#3117,0.5);
#3117 = AXIS2_PLACEMENT_3D('',#3118,#3119,#3120);
#3118 = CARTESIAN_POINT('',(176.125,-31.63,-4.6E-02));
#3119 = DIRECTION('',(-0.,-0.,-1.));
#3120 = DIRECTION('',(-0.,-1.,0.));
#3121 = ADVANCED_FACE('',(#3122),#3133,.F.);
#3122 = FACE_BOUND('',#3123,.T.);
#3123 = EDGE_LOOP('',(#3124,#3125,#3131,#3132));
#3124 = ORIENTED_EDGE('',*,*,#1559,.T.);
#3125 = ORIENTED_EDGE('',*,*,#3126,.T.);
#3126 = EDGE_CURVE('',#1560,#2164,#3127,.T.);
#3127 = LINE('',#3128,#3129);
#3128 = CARTESIAN_POINT('',(191.375,-47.37,-4.6E-02));
#3129 = VECTOR('',#3130,1.);
#3130 = DIRECTION('',(0.,0.,1.));
#3131 = ORIENTED_EDGE('',*,*,#2163,.F.);
#3132 = ORIENTED_EDGE('',*,*,#3126,.F.);
#3133 = CYLINDRICAL_SURFACE('',#3134,0.5);
#3134 = AXIS2_PLACEMENT_3D('',#3135,#3136,#3137);
#3135 = CARTESIAN_POINT('',(191.375,-46.87,-4.6E-02));
#3136 = DIRECTION('',(-0.,-0.,-1.));
#3137 = DIRECTION('',(-0.,-1.,0.));
#3138 = ADVANCED_FACE('',(#3139),#3150,.F.);
#3139 = FACE_BOUND('',#3140,.T.);
#3140 = EDGE_LOOP('',(#3141,#3142,#3148,#3149));
#3141 = ORIENTED_EDGE('',*,*,#1570,.T.);
#3142 = ORIENTED_EDGE('',*,*,#3143,.T.);
#3143 = EDGE_CURVE('',#1571,#2175,#3144,.T.);
#3144 = LINE('',#3145,#3146);
#3145 = CARTESIAN_POINT('',(191.375,-44.83,-4.6E-02));
#3146 = VECTOR('',#3147,1.);
#3147 = DIRECTION('',(0.,0.,1.));
#3148 = ORIENTED_EDGE('',*,*,#2174,.F.);
#3149 = ORIENTED_EDGE('',*,*,#3143,.F.);
#3150 = CYLINDRICAL_SURFACE('',#3151,0.5);
#3151 = AXIS2_PLACEMENT_3D('',#3152,#3153,#3154);
#3152 = CARTESIAN_POINT('',(191.375,-44.33,-4.6E-02));
#3153 = DIRECTION('',(-0.,-0.,-1.));
#3154 = DIRECTION('',(-0.,-1.,0.));
#3155 = ADVANCED_FACE('',(#3156),#3167,.F.);
#3156 = FACE_BOUND('',#3157,.T.);
#3157 = EDGE_LOOP('',(#3158,#3159,#3165,#3166));
#3158 = ORIENTED_EDGE('',*,*,#1581,.T.);
#3159 = ORIENTED_EDGE('',*,*,#3160,.T.);
#3160 = EDGE_CURVE('',#1582,#2186,#3161,.T.);
#3161 = LINE('',#3162,#3163);
#3162 = CARTESIAN_POINT('',(191.375,-42.29,-4.6E-02));
#3163 = VECTOR('',#3164,1.);
#3164 = DIRECTION('',(0.,0.,1.));
#3165 = ORIENTED_EDGE('',*,*,#2185,.F.);
#3166 = ORIENTED_EDGE('',*,*,#3160,.F.);
#3167 = CYLINDRICAL_SURFACE('',#3168,0.5);
#3168 = AXIS2_PLACEMENT_3D('',#3169,#3170,#3171);
#3169 = CARTESIAN_POINT('',(191.375,-41.79,-4.6E-02));
#3170 = DIRECTION('',(-0.,-0.,-1.));
#3171 = DIRECTION('',(-0.,-1.,0.));
#3172 = ADVANCED_FACE('',(#3173),#3184,.F.);
#3173 = FACE_BOUND('',#3174,.T.);
#3174 = EDGE_LOOP('',(#3175,#3176,#3182,#3183));
#3175 = ORIENTED_EDGE('',*,*,#1592,.T.);
#3176 = ORIENTED_EDGE('',*,*,#3177,.T.);
#3177 = EDGE_CURVE('',#1593,#2197,#3178,.T.);
#3178 = LINE('',#3179,#3180);
#3179 = CARTESIAN_POINT('',(191.375,-39.75,-4.6E-02));
#3180 = VECTOR('',#3181,1.);
#3181 = DIRECTION('',(0.,0.,1.));
#3182 = ORIENTED_EDGE('',*,*,#2196,.F.);
#3183 = ORIENTED_EDGE('',*,*,#3177,.F.);
#3184 = CYLINDRICAL_SURFACE('',#3185,0.5);
#3185 = AXIS2_PLACEMENT_3D('',#3186,#3187,#3188);
#3186 = CARTESIAN_POINT('',(191.375,-39.25,-4.6E-02));
#3187 = DIRECTION('',(-0.,-0.,-1.));
#3188 = DIRECTION('',(-0.,-1.,0.));
#3189 = ADVANCED_FACE('',(#3190),#3201,.F.);
#3190 = FACE_BOUND('',#3191,.T.);
#3191 = EDGE_LOOP('',(#3192,#3193,#3199,#3200));
#3192 = ORIENTED_EDGE('',*,*,#1603,.T.);
#3193 = ORIENTED_EDGE('',*,*,#3194,.T.);
#3194 = EDGE_CURVE('',#1604,#2208,#3195,.T.);
#3195 = LINE('',#3196,#3197);
#3196 = CARTESIAN_POINT('',(191.375,-37.21,-4.6E-02));
#3197 = VECTOR('',#3198,1.);
#3198 = DIRECTION('',(0.,0.,1.));
#3199 = ORIENTED_EDGE('',*,*,#2207,.F.);
#3200 = ORIENTED_EDGE('',*,*,#3194,.F.);
#3201 = CYLINDRICAL_SURFACE('',#3202,0.5);
#3202 = AXIS2_PLACEMENT_3D('',#3203,#3204,#3205);
#3203 = CARTESIAN_POINT('',(191.375,-36.71,-4.6E-02));
#3204 = DIRECTION('',(-0.,-0.,-1.));
#3205 = DIRECTION('',(-0.,-1.,0.));
#3206 = ADVANCED_FACE('',(#3207),#3218,.F.);
#3207 = FACE_BOUND('',#3208,.T.);
#3208 = EDGE_LOOP('',(#3209,#3210,#3216,#3217));
#3209 = ORIENTED_EDGE('',*,*,#1614,.T.);
#3210 = ORIENTED_EDGE('',*,*,#3211,.T.);
#3211 = EDGE_CURVE('',#1615,#2219,#3212,.T.);
#3212 = LINE('',#3213,#3214);
#3213 = CARTESIAN_POINT('',(191.375,-34.67,-4.6E-02));
#3214 = VECTOR('',#3215,1.);
#3215 = DIRECTION('',(0.,0.,1.));
#3216 = ORIENTED_EDGE('',*,*,#2218,.F.);
#3217 = ORIENTED_EDGE('',*,*,#3211,.F.);
#3218 = CYLINDRICAL_SURFACE('',#3219,0.5);
#3219 = AXIS2_PLACEMENT_3D('',#3220,#3221,#3222);
#3220 = CARTESIAN_POINT('',(191.375,-34.17,-4.6E-02));
#3221 = DIRECTION('',(-0.,-0.,-1.));
#3222 = DIRECTION('',(-0.,-1.,0.));
#3223 = ADVANCED_FACE('',(#3224),#3235,.F.);
#3224 = FACE_BOUND('',#3225,.T.);
#3225 = EDGE_LOOP('',(#3226,#3227,#3233,#3234));
#3226 = ORIENTED_EDGE('',*,*,#1625,.T.);
#3227 = ORIENTED_EDGE('',*,*,#3228,.T.);
#3228 = EDGE_CURVE('',#1626,#2230,#3229,.T.);
#3229 = LINE('',#3230,#3231);
#3230 = CARTESIAN_POINT('',(191.375,-32.13,-4.6E-02));
#3231 = VECTOR('',#3232,1.);
#3232 = DIRECTION('',(0.,0.,1.));
#3233 = ORIENTED_EDGE('',*,*,#2229,.F.);
#3234 = ORIENTED_EDGE('',*,*,#3228,.F.);
#3235 = CYLINDRICAL_SURFACE('',#3236,0.5);
#3236 = AXIS2_PLACEMENT_3D('',#3237,#3238,#3239);
#3237 = CARTESIAN_POINT('',(191.375,-31.63,-4.6E-02));
#3238 = DIRECTION('',(-0.,-0.,-1.));
#3239 = DIRECTION('',(-0.,-1.,0.));
#3240 = ( GEOMETRIC_REPRESENTATION_CONTEXT(3) 
GLOBAL_UNCERTAINTY_ASSIGNED_CONTEXT((#3244)) 
GLOBAL_UNIT_ASSIGNED_CONTEXT((#3241,#3242,#3243)) REPRESENTATION_CONTEXT
('Context #1','3D Context with UNIT and UNCERTAINTY') );
#3241 = ( LENGTH_UNIT() NAMED_UNIT(*) SI_UNIT(.MILLI.,.METRE.) );
#3242 = ( NAMED_UNIT(*) PLANE_ANGLE_UNIT() SI_UNIT($,.RADIAN.) );
#3243 = ( NAMED_UNIT(*) SI_UNIT($,.STERADIAN.) SOLID_ANGLE_UNIT() );
#3244 = UNCERTAINTY_MEASURE_WITH_UNIT(LENGTH_MEASURE(1.E-07),#3241,
  'distance_accuracy_value','confusion accuracy');
#3245 = CONTEXT_DEPENDENT_SHAPE_REPRESENTATION(#3246,#3248);
#3246 = ( REPRESENTATION_RELATIONSHIP('','',#927,#10) 
REPRESENTATION_RELATIONSHIP_WITH_TRANSFORMATION(#3247) 
SHAPE_REPRESENTATION_RELATIONSHIP() );
#3247 = ITEM_DEFINED_TRANSFORMATION('','',#11,#27);
#3248 = PRODUCT_DEFINITION_SHAPE('Placement','Placement of an item',
  #3249);
#3249 = NEXT_ASSEMBLY_USAGE_OCCURRENCE('4','=>[0:1:1:3]','',#5,#922,$);
#3250 = PRODUCT_RELATED_PRODUCT_CATEGORY('part',$,(#924));
#3251 = MECHANICAL_DESIGN_GEOMETRIC_PRESENTATION_REPRESENTATION('',(
    #3252),#3240);
#3252 = STYLED_ITEM('color',(#3253),#928);
#3253 = PRESENTATION_STYLE_ASSIGNMENT((#3254));
#3254 = SURFACE_STYLE_USAGE(.BOTH.,#3255);
#3255 = SURFACE_SIDE_STYLE('',(#3256));
#3256 = SURFACE_STYLE_FILL_AREA(#3257);
#3257 = FILL_AREA_STYLE('',(#3258));
#3258 = FILL_AREA_STYLE_COLOUR('',#3259);
#3259 = COLOUR_RGB('',0.313304153717,0.484529207832,0.410020903123);
#3260 = MECHANICAL_DESIGN_GEOMETRIC_PRESENTATION_REPRESENTATION('',(
    #3261,#3269,#3276,#3283,#3290,#3297,#3304,#3311,#3318,#3325,#3332,
    #3340,#3347,#3354,#3361,#3368,#3375,#3382,#3389,#3396,#3403,#3410,
    #3417,#3424,#3431,#3438,#3445,#3452),#899);
#3261 = STYLED_ITEM('color',(#3262),#47);
#3262 = PRESENTATION_STYLE_ASSIGNMENT((#3263));
#3263 = SURFACE_STYLE_USAGE(.BOTH.,#3264);
#3264 = SURFACE_SIDE_STYLE('',(#3265));
#3265 = SURFACE_STYLE_FILL_AREA(#3266);
#3266 = FILL_AREA_STYLE('',(#3267));
#3267 = FILL_AREA_STYLE_COLOUR('',#3268);
#3268 = COLOUR_RGB('',0.823999987314,0.819999987296,0.781000009244);
#3269 = STYLED_ITEM('color',(#3270),#123);
#3270 = PRESENTATION_STYLE_ASSIGNMENT((#3271));
#3271 = SURFACE_STYLE_USAGE(.BOTH.,#3272);
#3272 = SURFACE_SIDE_STYLE('',(#3273));
#3273 = SURFACE_STYLE_FILL_AREA(#3274);
#3274 = FILL_AREA_STYLE('',(#3275));
#3275 = FILL_AREA_STYLE_COLOUR('',#3268);
#3276 = STYLED_ITEM('color',(#3277),#154);
#3277 = PRESENTATION_STYLE_ASSIGNMENT((#3278));
#3278 = SURFACE_STYLE_USAGE(.BOTH.,#3279);
#3279 = SURFACE_SIDE_STYLE('',(#3280));
#3280 = SURFACE_STYLE_FILL_AREA(#3281);
#3281 = FILL_AREA_STYLE('',(#3282));
#3282 = FILL_AREA_STYLE_COLOUR('',#3268);
#3283 = STYLED_ITEM('color',(#3284),#179);
#3284 = PRESENTATION_STYLE_ASSIGNMENT((#3285));
#3285 = SURFACE_STYLE_USAGE(.BOTH.,#3286);
#3286 = SURFACE_SIDE_STYLE('',(#3287));
#3287 = SURFACE_STYLE_FILL_AREA(#3288);
#3288 = FILL_AREA_STYLE('',(#3289));
#3289 = FILL_AREA_STYLE_COLOUR('',#3268);
#3290 = STYLED_ITEM('color',(#3291),#204);
#3291 = PRESENTATION_STYLE_ASSIGNMENT((#3292));
#3292 = SURFACE_STYLE_USAGE(.BOTH.,#3293);
#3293 = SURFACE_SIDE_STYLE('',(#3294));
#3294 = SURFACE_STYLE_FILL_AREA(#3295);
#3295 = FILL_AREA_STYLE('',(#3296));
#3296 = FILL_AREA_STYLE_COLOUR('',#3268);
#3297 = STYLED_ITEM('color',(#3298),#228);
#3298 = PRESENTATION_STYLE_ASSIGNMENT((#3299));
#3299 = SURFACE_STYLE_USAGE(.BOTH.,#3300);
#3300 = SURFACE_SIDE_STYLE('',(#3301));
#3301 = SURFACE_STYLE_FILL_AREA(#3302);
#3302 = FILL_AREA_STYLE('',(#3303));
#3303 = FILL_AREA_STYLE_COLOUR('',#3268);
#3304 = STYLED_ITEM('color',(#3305),#252);
#3305 = PRESENTATION_STYLE_ASSIGNMENT((#3306));
#3306 = SURFACE_STYLE_USAGE(.BOTH.,#3307);
#3307 = SURFACE_SIDE_STYLE('',(#3308));
#3308 = SURFACE_STYLE_FILL_AREA(#3309);
#3309 = FILL_AREA_STYLE('',(#3310));
#3310 = FILL_AREA_STYLE_COLOUR('',#3268);
#3311 = STYLED_ITEM('color',(#3312),#277);
#3312 = PRESENTATION_STYLE_ASSIGNMENT((#3313));
#3313 = SURFACE_STYLE_USAGE(.BOTH.,#3314);
#3314 = SURFACE_SIDE_STYLE('',(#3315));
#3315 = SURFACE_STYLE_FILL_AREA(#3316);
#3316 = FILL_AREA_STYLE('',(#3317));
#3317 = FILL_AREA_STYLE_COLOUR('',#3268);
#3318 = STYLED_ITEM('color',(#3319),#302);
#3319 = PRESENTATION_STYLE_ASSIGNMENT((#3320));
#3320 = SURFACE_STYLE_USAGE(.BOTH.,#3321);
#3321 = SURFACE_SIDE_STYLE('',(#3322));
#3322 = SURFACE_STYLE_FILL_AREA(#3323);
#3323 = FILL_AREA_STYLE('',(#3324));
#3324 = FILL_AREA_STYLE_COLOUR('',#3268);
#3325 = STYLED_ITEM('color',(#3326),#319);
#3326 = PRESENTATION_STYLE_ASSIGNMENT((#3327));
#3327 = SURFACE_STYLE_USAGE(.BOTH.,#3328);
#3328 = SURFACE_SIDE_STYLE('',(#3329));
#3329 = SURFACE_STYLE_FILL_AREA(#3330);
#3330 = FILL_AREA_STYLE('',(#3331));
#3331 = FILL_AREA_STYLE_COLOUR('',#3268);
#3332 = STYLED_ITEM('color',(#3333),#405);
#3333 = PRESENTATION_STYLE_ASSIGNMENT((#3334));
#3334 = SURFACE_STYLE_USAGE(.BOTH.,#3335);
#3335 = SURFACE_SIDE_STYLE('',(#3336));
#3336 = SURFACE_STYLE_FILL_AREA(#3337);
#3337 = FILL_AREA_STYLE('',(#3338));
#3338 = FILL_AREA_STYLE_COLOUR('',#3339);
#3339 = COLOUR_RGB('',0.379000005575,0.270000008848,0.214999999939);
#3340 = STYLED_ITEM('color',(#3341),#437);
#3341 = PRESENTATION_STYLE_ASSIGNMENT((#3342));
#3342 = SURFACE_STYLE_USAGE(.BOTH.,#3343);
#3343 = SURFACE_SIDE_STYLE('',(#3344));
#3344 = SURFACE_STYLE_FILL_AREA(#3345);
#3345 = FILL_AREA_STYLE('',(#3346));
#3346 = FILL_AREA_STYLE_COLOUR('',#3339);
#3347 = STYLED_ITEM('color',(#3348),#461);
#3348 = PRESENTATION_STYLE_ASSIGNMENT((#3349));
#3349 = SURFACE_STYLE_USAGE(.BOTH.,#3350);
#3350 = SURFACE_SIDE_STYLE('',(#3351));
#3351 = SURFACE_STYLE_FILL_AREA(#3352);
#3352 = FILL_AREA_STYLE('',(#3353));
#3353 = FILL_AREA_STYLE_COLOUR('',#3339);
#3354 = STYLED_ITEM('color',(#3355),#486);
#3355 = PRESENTATION_STYLE_ASSIGNMENT((#3356));
#3356 = SURFACE_STYLE_USAGE(.BOTH.,#3357);
#3357 = SURFACE_SIDE_STYLE('',(#3358));
#3358 = SURFACE_STYLE_FILL_AREA(#3359);
#3359 = FILL_AREA_STYLE('',(#3360));
#3360 = FILL_AREA_STYLE_COLOUR('',#3339);
#3361 = STYLED_ITEM('color',(#3362),#510);
#3362 = PRESENTATION_STYLE_ASSIGNMENT((#3363));
#3363 = SURFACE_STYLE_USAGE(.BOTH.,#3364);
#3364 = SURFACE_SIDE_STYLE('',(#3365));
#3365 = SURFACE_STYLE_FILL_AREA(#3366);
#3366 = FILL_AREA_STYLE('',(#3367));
#3367 = FILL_AREA_STYLE_COLOUR('',#3339);
#3368 = STYLED_ITEM('color',(#3369),#535);
#3369 = PRESENTATION_STYLE_ASSIGNMENT((#3370));
#3370 = SURFACE_STYLE_USAGE(.BOTH.,#3371);
#3371 = SURFACE_SIDE_STYLE('',(#3372));
#3372 = SURFACE_STYLE_FILL_AREA(#3373);
#3373 = FILL_AREA_STYLE('',(#3374));
#3374 = FILL_AREA_STYLE_COLOUR('',#3339);
#3375 = STYLED_ITEM('color',(#3376),#559);
#3376 = PRESENTATION_STYLE_ASSIGNMENT((#3377));
#3377 = SURFACE_STYLE_USAGE(.BOTH.,#3378);
#3378 = SURFACE_SIDE_STYLE('',(#3379));
#3379 = SURFACE_STYLE_FILL_AREA(#3380);
#3380 = FILL_AREA_STYLE('',(#3381));
#3381 = FILL_AREA_STYLE_COLOUR('',#3339);
#3382 = STYLED_ITEM('color',(#3383),#584);
#3383 = PRESENTATION_STYLE_ASSIGNMENT((#3384));
#3384 = SURFACE_STYLE_USAGE(.BOTH.,#3385);
#3385 = SURFACE_SIDE_STYLE('',(#3386));
#3386 = SURFACE_STYLE_FILL_AREA(#3387);
#3387 = FILL_AREA_STYLE('',(#3388));
#3388 = FILL_AREA_STYLE_COLOUR('',#3339);
#3389 = STYLED_ITEM('color',(#3390),#601);
#3390 = PRESENTATION_STYLE_ASSIGNMENT((#3391));
#3391 = SURFACE_STYLE_USAGE(.BOTH.,#3392);
#3392 = SURFACE_SIDE_STYLE('',(#3393));
#3393 = SURFACE_STYLE_FILL_AREA(#3394);
#3394 = FILL_AREA_STYLE('',(#3395));
#3395 = FILL_AREA_STYLE_COLOUR('',#3268);
#3396 = STYLED_ITEM('color',(#3397),#687);
#3397 = PRESENTATION_STYLE_ASSIGNMENT((#3398));
#3398 = SURFACE_STYLE_USAGE(.BOTH.,#3399);
#3399 = SURFACE_SIDE_STYLE('',(#3400));
#3400 = SURFACE_STYLE_FILL_AREA(#3401);
#3401 = FILL_AREA_STYLE('',(#3402));
#3402 = FILL_AREA_STYLE_COLOUR('',#3268);
#3403 = STYLED_ITEM('color',(#3404),#718);
#3404 = PRESENTATION_STYLE_ASSIGNMENT((#3405));
#3405 = SURFACE_STYLE_USAGE(.BOTH.,#3406);
#3406 = SURFACE_SIDE_STYLE('',(#3407));
#3407 = SURFACE_STYLE_FILL_AREA(#3408);
#3408 = FILL_AREA_STYLE('',(#3409));
#3409 = FILL_AREA_STYLE_COLOUR('',#3268);
#3410 = STYLED_ITEM('color',(#3411),#743);
#3411 = PRESENTATION_STYLE_ASSIGNMENT((#3412));
#3412 = SURFACE_STYLE_USAGE(.BOTH.,#3413);
#3413 = SURFACE_SIDE_STYLE('',(#3414));
#3414 = SURFACE_STYLE_FILL_AREA(#3415);
#3415 = FILL_AREA_STYLE('',(#3416));
#3416 = FILL_AREA_STYLE_COLOUR('',#3268);
#3417 = STYLED_ITEM('color',(#3418),#768);
#3418 = PRESENTATION_STYLE_ASSIGNMENT((#3419));
#3419 = SURFACE_STYLE_USAGE(.BOTH.,#3420);
#3420 = SURFACE_SIDE_STYLE('',(#3421));
#3421 = SURFACE_STYLE_FILL_AREA(#3422);
#3422 = FILL_AREA_STYLE('',(#3423));
#3423 = FILL_AREA_STYLE_COLOUR('',#3268);
#3424 = STYLED_ITEM('color',(#3425),#792);
#3425 = PRESENTATION_STYLE_ASSIGNMENT((#3426));
#3426 = SURFACE_STYLE_USAGE(.BOTH.,#3427);
#3427 = SURFACE_SIDE_STYLE('',(#3428));
#3428 = SURFACE_STYLE_FILL_AREA(#3429);
#3429 = FILL_AREA_STYLE('',(#3430));
#3430 = FILL_AREA_STYLE_COLOUR('',#3268);
#3431 = STYLED_ITEM('color',(#3432),#816);
#3432 = PRESENTATION_STYLE_ASSIGNMENT((#3433));
#3433 = SURFACE_STYLE_USAGE(.BOTH.,#3434);
#3434 = SURFACE_SIDE_STYLE('',(#3435));
#3435 = SURFACE_STYLE_FILL_AREA(#3436);
#3436 = FILL_AREA_STYLE('',(#3437));
#3437 = FILL_AREA_STYLE_COLOUR('',#3268);
#3438 = STYLED_ITEM('color',(#3439),#841);
#3439 = PRESENTATION_STYLE_ASSIGNMENT((#3440));
#3440 = SURFACE_STYLE_USAGE(.BOTH.,#3441);
#3441 = SURFACE_SIDE_STYLE('',(#3442));
#3442 = SURFACE_STYLE_FILL_AREA(#3443);
#3443 = FILL_AREA_STYLE('',(#3444));
#3444 = FILL_AREA_STYLE_COLOUR('',#3268);
#3445 = STYLED_ITEM('color',(#3446),#866);
#3446 = PRESENTATION_STYLE_ASSIGNMENT((#3447));
#3447 = SURFACE_STYLE_USAGE(.BOTH.,#3448);
#3448 = SURFACE_SIDE_STYLE('',(#3449));
#3449 = SURFACE_STYLE_FILL_AREA(#3450);
#3450 = FILL_AREA_STYLE('',(#3451));
#3451 = FILL_AREA_STYLE_COLOUR('',#3268);
#3452 = STYLED_ITEM('color',(#3453),#883);
#3453 = PRESENTATION_STYLE_ASSIGNMENT((#3454));
#3454 = SURFACE_STYLE_USAGE(.BOTH.,#3455);
#3455 = SURFACE_SIDE_STYLE('',(#3456));
#3456 = SURFACE_STYLE_FILL_AREA(#3457);
#3457 = FILL_AREA_STYLE('',(#3458));
#3458 = FILL_AREA_STYLE_COLOUR('',#3268);
ENDSEC;
END-ISO-10303-21;
