ISO-10303-21;
HEADER;
/* Generated by software containing ST-Developer
 * from STEP Tools, Inc. (www.steptools.com) 
 */
/* OPTION: using custom renumber hook */

FILE_DESCRIPTION(
/* description */ ('STEP AP242 Edition 2',
'CAx-IF Rec.Pracs.---Representation and Presentation of Product Manufa
cturing Information (PMI)---4.0---2014-10-13',
'CAx-IF Rec.Pracs.---3D Tessellated Geometry---0.4---2014-09-14','2;1',
'CAx-IF Rec.Pracs.---User Defined Attributes---1.5---2016-08-15'),
/* implementation_level */ '2;1');

FILE_NAME(
/* name */ '69cc80c45f952de3b6346077',
/* time_stamp */ '2026-04-01T02:19:49Z',
/* author */ (''),
/* organization */ (''),
/* preprocessor_version */ 'ST-DEVELOPER v20',
/* originating_system */ 'ONSHAPE BY PTC INC, 1.212',
/* authorisation */ '  ');

FILE_SCHEMA (('AP242_MANAGED_MODEL_BASED_3D_ENGINEERING_MIM_LF { 1 0 10303 442 3 1 4 }'));
ENDSEC;

DATA;
#10=OVER_RIDING_STYLED_ITEM('',(#2822),#2732,#2818);
#11=OVER_RIDING_STYLED_ITEM('',(#2823),#2733,#2818);
#12=OVER_RIDING_STYLED_ITEM('',(#2824),#2734,#2818);
#13=OVER_RIDING_STYLED_ITEM('',(#2825),#2735,#2818);
#14=OVER_RIDING_STYLED_ITEM('',(#2826),#2736,#2818);
#15=OVER_RIDING_STYLED_ITEM('',(#2827),#2737,#2818);
#16=OVER_RIDING_STYLED_ITEM('',(#2828),#2738,#2818);
#17=OVER_RIDING_STYLED_ITEM('',(#2829),#2739,#2818);
#18=CONTEXT_DEPENDENT_SHAPE_REPRESENTATION(#24,#4815);
#19=CONTEXT_DEPENDENT_SHAPE_REPRESENTATION(#25,#4817);
#20=CONTEXT_DEPENDENT_SHAPE_REPRESENTATION(#26,#4819);
#21=NEXT_ASSEMBLY_USAGE_OCCURRENCE('NAUO1','Part 1','Part 1',#4820,#4821,
'');
#22=NEXT_ASSEMBLY_USAGE_OCCURRENCE('NAUO2','C_0805_2012Metric',
'C_0805_2012Metric',#4820,#4822,'');
#23=NEXT_ASSEMBLY_USAGE_OCCURRENCE('NAUO3','expression faders_PCB',
'expression faders_PCB',#4820,#4823,'');
#24=(
REPRESENTATION_RELATIONSHIP(' ',' ',#2898,#2897)
REPRESENTATION_RELATIONSHIP_WITH_TRANSFORMATION(#27)
SHAPE_REPRESENTATION_RELATIONSHIP()
);
#25=(
REPRESENTATION_RELATIONSHIP(' ',' ',#2899,#2897)
REPRESENTATION_RELATIONSHIP_WITH_TRANSFORMATION(#28)
SHAPE_REPRESENTATION_RELATIONSHIP()
);
#26=(
REPRESENTATION_RELATIONSHIP(' ',' ',#2900,#2897)
REPRESENTATION_RELATIONSHIP_WITH_TRANSFORMATION(#29)
SHAPE_REPRESENTATION_RELATIONSHIP()
);
#27=ITEM_DEFINED_TRANSFORMATION(' ',' ',#2901,#2987);
#28=ITEM_DEFINED_TRANSFORMATION(' ',' ',#2901,#3040);
#29=ITEM_DEFINED_TRANSFORMATION(' ',' ',#2901,#3201);
#30=SHAPE_REPRESENTATION_RELATIONSHIP('','',#2898,#33);
#31=SHAPE_REPRESENTATION_RELATIONSHIP('','',#2899,#34);
#32=SHAPE_REPRESENTATION_RELATIONSHIP('','',#2900,#35);
#33=ADVANCED_BREP_SHAPE_REPRESENTATION('',(#2890),#4803);
#34=ADVANCED_BREP_SHAPE_REPRESENTATION('',(#2891),#4804);
#35=ADVANCED_BREP_SHAPE_REPRESENTATION('',(#2892),#4805);
#36=SPHERICAL_SURFACE('',#2946,0.002);
#37=SPHERICAL_SURFACE('',#2949,0.002);
#38=SPHERICAL_SURFACE('',#2966,0.002);
#39=SPHERICAL_SURFACE('',#2968,0.002);
#40=SPHERICAL_SURFACE('',#2970,0.002);
#41=SPHERICAL_SURFACE('',#2972,0.002);
#42=SPHERICAL_SURFACE('',#2982,0.002);
#43=SPHERICAL_SURFACE('',#2984,0.002);
#44=CIRCLE('',#2944,0.002);
#45=CIRCLE('',#2945,0.002);
#46=CIRCLE('',#2947,0.002);
#47=CIRCLE('',#2948,0.002);
#48=CIRCLE('',#2950,0.002);
#49=CIRCLE('',#2951,0.002);
#50=CIRCLE('',#2953,0.002);
#51=CIRCLE('',#2955,0.002);
#52=CIRCLE('',#2957,0.002);
#53=CIRCLE('',#2958,0.002);
#54=CIRCLE('',#2960,0.002);
#55=CIRCLE('',#2962,0.002);
#56=CIRCLE('',#2964,0.002);
#57=CIRCLE('',#2965,0.002);
#58=CIRCLE('',#2967,0.002);
#59=CIRCLE('',#2969,0.002);
#60=CIRCLE('',#2971,0.002);
#61=CIRCLE('',#2973,0.002);
#62=CIRCLE('',#2975,0.002);
#63=CIRCLE('',#2977,0.002);
#64=CIRCLE('',#2979,0.002);
#65=CIRCLE('',#2981,0.002);
#66=CIRCLE('',#2983,0.002);
#67=CIRCLE('',#2985,0.002);
#68=CIRCLE('',#2989,4.E-5);
#69=CIRCLE('',#2990,4.E-5);
#70=CIRCLE('',#2991,4.E-5);
#71=CIRCLE('',#2992,4.E-5);
#72=CIRCLE('',#2995,4.E-5);
#73=CIRCLE('',#2997,4.E-5);
#74=CIRCLE('',#3001,4.E-5);
#75=CIRCLE('',#3003,4.E-5);
#76=CIRCLE('',#3006,4.E-5);
#77=CIRCLE('',#3007,4.E-5);
#78=CIRCLE('',#3008,4.E-5);
#79=CIRCLE('',#3009,4.E-5);
#80=CIRCLE('',#3012,4.E-5);
#81=CIRCLE('',#3015,4.E-5);
#82=CIRCLE('',#3018,4.E-5);
#83=CIRCLE('',#3021,4.E-5);
#84=CIRCLE('',#3023,4.E-5);
#85=CIRCLE('',#3024,4.E-5);
#86=CIRCLE('',#3025,4.E-5);
#87=CIRCLE('',#3026,4.E-5);
#88=CIRCLE('',#3029,4.E-5);
#89=CIRCLE('',#3031,4.E-5);
#90=CIRCLE('',#3035,4.E-5);
#91=CIRCLE('',#3037,4.E-5);
#92=CIRCLE('',#3042,0.0005);
#93=CIRCLE('',#3043,0.0005);
#94=CIRCLE('',#3045,0.0005);
#95=CIRCLE('',#3046,0.0005);
#96=CIRCLE('',#3048,0.0005);
#97=CIRCLE('',#3049,0.0005);
#98=CIRCLE('',#3051,0.0005);
#99=CIRCLE('',#3052,0.0005);
#100=CIRCLE('',#3054,0.0005);
#101=CIRCLE('',#3055,0.0005);
#102=CIRCLE('',#3057,0.0005);
#103=CIRCLE('',#3058,0.0005);
#104=CIRCLE('',#3060,0.0005);
#105=CIRCLE('',#3061,0.0005);
#106=CIRCLE('',#3063,0.0005);
#107=CIRCLE('',#3064,0.0005);
#108=CIRCLE('',#3066,0.0005);
#109=CIRCLE('',#3067,0.0005);
#110=CIRCLE('',#3069,0.0005);
#111=CIRCLE('',#3070,0.0005);
#112=CIRCLE('',#3072,0.0005);
#113=CIRCLE('',#3073,0.0005);
#114=CIRCLE('',#3075,0.0005);
#115=CIRCLE('',#3076,0.0005);
#116=CIRCLE('',#3078,0.0005);
#117=CIRCLE('',#3079,0.0005);
#118=CIRCLE('',#3081,0.0005);
#119=CIRCLE('',#3082,0.0005);
#120=CIRCLE('',#3084,0.0005);
#121=CIRCLE('',#3085,0.0005);
#122=CIRCLE('',#3087,0.0005);
#123=CIRCLE('',#3088,0.0005);
#124=CIRCLE('',#3091,0.00075);
#125=CIRCLE('',#3092,0.00075);
#126=CIRCLE('',#3095,0.00075);
#127=CIRCLE('',#3096,0.00075);
#128=CIRCLE('',#3098,0.0005);
#129=CIRCLE('',#3099,0.0005);
#130=CIRCLE('',#3101,0.0005);
#131=CIRCLE('',#3102,0.0005);
#132=CIRCLE('',#3105,0.00075);
#133=CIRCLE('',#3106,0.00075);
#134=CIRCLE('',#3109,0.00075);
#135=CIRCLE('',#3110,0.00075);
#136=CIRCLE('',#3112,0.00075);
#137=CIRCLE('',#3113,0.00075);
#138=CIRCLE('',#3115,0.0005);
#139=CIRCLE('',#3116,0.0005);
#140=CIRCLE('',#3118,0.0005);
#141=CIRCLE('',#3119,0.0005);
#142=CIRCLE('',#3121,0.0005);
#143=CIRCLE('',#3122,0.0005);
#144=CIRCLE('',#3125,0.00075);
#145=CIRCLE('',#3126,0.00075);
#146=CIRCLE('',#3129,0.00075);
#147=CIRCLE('',#3130,0.00075);
#148=CIRCLE('',#3132,0.0005);
#149=CIRCLE('',#3133,0.0005);
#150=CIRCLE('',#3135,0.0005);
#151=CIRCLE('',#3136,0.0005);
#152=CIRCLE('',#3139,0.00075);
#153=CIRCLE('',#3140,0.00075);
#154=CIRCLE('',#3143,0.00075);
#155=CIRCLE('',#3144,0.00075);
#156=CIRCLE('',#3146,0.00075);
#157=CIRCLE('',#3147,0.00075);
#158=CIRCLE('',#3149,0.0005);
#159=CIRCLE('',#3150,0.0005);
#160=CIRCLE('',#3152,0.001);
#161=CIRCLE('',#3153,0.001);
#162=CIRCLE('',#3155,0.001);
#163=CIRCLE('',#3156,0.001);
#164=CIRCLE('',#3158,0.001);
#165=CIRCLE('',#3159,0.001);
#166=CIRCLE('',#3161,0.00075);
#167=CIRCLE('',#3162,0.00075);
#168=CIRCLE('',#3164,0.00075);
#169=CIRCLE('',#3165,0.00075);
#170=CIRCLE('',#3167,0.001);
#171=CIRCLE('',#3168,0.001);
#172=CIRCLE('',#3170,0.00075);
#173=CIRCLE('',#3171,0.00075);
#174=CIRCLE('',#3173,0.00075);
#175=CIRCLE('',#3174,0.00075);
#176=CIRCLE('',#3176,0.001500000586493);
#177=CIRCLE('',#3177,0.001500000586493);
#178=CIRCLE('',#3181,0.00199999850585);
#179=CIRCLE('',#3182,0.00199999850585);
#180=CIRCLE('',#3184,0.001500000586493);
#181=CIRCLE('',#3185,0.001500000586493);
#182=CIRCLE('',#3189,0.001500000586493);
#183=CIRCLE('',#3190,0.001500000586493);
#184=CIRCLE('',#3192,0.000999999252925);
#185=CIRCLE('',#3193,0.000999999252925);
#186=CIRCLE('',#3195,0.001500000586493);
#187=CIRCLE('',#3197,0.001500000586493);
#188=CYLINDRICAL_SURFACE('',#2943,0.002);
#189=CYLINDRICAL_SURFACE('',#2952,0.002);
#190=CYLINDRICAL_SURFACE('',#2954,0.002);
#191=CYLINDRICAL_SURFACE('',#2956,0.002);
#192=CYLINDRICAL_SURFACE('',#2959,0.002);
#193=CYLINDRICAL_SURFACE('',#2961,0.002);
#194=CYLINDRICAL_SURFACE('',#2963,0.002);
#195=CYLINDRICAL_SURFACE('',#2974,0.002);
#196=CYLINDRICAL_SURFACE('',#2976,0.002);
#197=CYLINDRICAL_SURFACE('',#2978,0.002);
#198=CYLINDRICAL_SURFACE('',#2980,0.002);
#199=CYLINDRICAL_SURFACE('',#2986,0.002);
#200=CYLINDRICAL_SURFACE('',#2994,4.E-5);
#201=CYLINDRICAL_SURFACE('',#2996,4.E-5);
#202=CYLINDRICAL_SURFACE('',#3000,4.E-5);
#203=CYLINDRICAL_SURFACE('',#3002,4.E-5);
#204=CYLINDRICAL_SURFACE('',#3011,4.E-5);
#205=CYLINDRICAL_SURFACE('',#3014,4.E-5);
#206=CYLINDRICAL_SURFACE('',#3017,4.E-5);
#207=CYLINDRICAL_SURFACE('',#3020,4.E-5);
#208=CYLINDRICAL_SURFACE('',#3028,4.E-5);
#209=CYLINDRICAL_SURFACE('',#3030,4.E-5);
#210=CYLINDRICAL_SURFACE('',#3034,4.E-5);
#211=CYLINDRICAL_SURFACE('',#3036,4.E-5);
#212=CYLINDRICAL_SURFACE('',#3041,0.0005);
#213=CYLINDRICAL_SURFACE('',#3044,0.0005);
#214=CYLINDRICAL_SURFACE('',#3047,0.0005);
#215=CYLINDRICAL_SURFACE('',#3050,0.0005);
#216=CYLINDRICAL_SURFACE('',#3053,0.0005);
#217=CYLINDRICAL_SURFACE('',#3056,0.0005);
#218=CYLINDRICAL_SURFACE('',#3059,0.0005);
#219=CYLINDRICAL_SURFACE('',#3062,0.0005);
#220=CYLINDRICAL_SURFACE('',#3065,0.0005);
#221=CYLINDRICAL_SURFACE('',#3068,0.0005);
#222=CYLINDRICAL_SURFACE('',#3071,0.0005);
#223=CYLINDRICAL_SURFACE('',#3074,0.0005);
#224=CYLINDRICAL_SURFACE('',#3077,0.0005);
#225=CYLINDRICAL_SURFACE('',#3080,0.0005);
#226=CYLINDRICAL_SURFACE('',#3083,0.0005);
#227=CYLINDRICAL_SURFACE('',#3086,0.0005);
#228=CYLINDRICAL_SURFACE('',#3090,0.00075);
#229=CYLINDRICAL_SURFACE('',#3094,0.00075);
#230=CYLINDRICAL_SURFACE('',#3097,0.0005);
#231=CYLINDRICAL_SURFACE('',#3100,0.0005);
#232=CYLINDRICAL_SURFACE('',#3104,0.00075);
#233=CYLINDRICAL_SURFACE('',#3108,0.00075);
#234=CYLINDRICAL_SURFACE('',#3111,0.00075);
#235=CYLINDRICAL_SURFACE('',#3114,0.0005);
#236=CYLINDRICAL_SURFACE('',#3117,0.0005);
#237=CYLINDRICAL_SURFACE('',#3120,0.0005);
#238=CYLINDRICAL_SURFACE('',#3124,0.00075);
#239=CYLINDRICAL_SURFACE('',#3128,0.00075);
#240=CYLINDRICAL_SURFACE('',#3131,0.0005);
#241=CYLINDRICAL_SURFACE('',#3134,0.0005);
#242=CYLINDRICAL_SURFACE('',#3138,0.00075);
#243=CYLINDRICAL_SURFACE('',#3142,0.00075);
#244=CYLINDRICAL_SURFACE('',#3145,0.00075);
#245=CYLINDRICAL_SURFACE('',#3148,0.0005);
#246=CYLINDRICAL_SURFACE('',#3151,0.001);
#247=CYLINDRICAL_SURFACE('',#3154,0.001);
#248=CYLINDRICAL_SURFACE('',#3157,0.001);
#249=CYLINDRICAL_SURFACE('',#3160,0.00075);
#250=CYLINDRICAL_SURFACE('',#3163,0.00075);
#251=CYLINDRICAL_SURFACE('',#3166,0.001);
#252=CYLINDRICAL_SURFACE('',#3169,0.00075);
#253=CYLINDRICAL_SURFACE('',#3172,0.00075);
#254=CYLINDRICAL_SURFACE('',#3175,0.001500000586493);
#255=CYLINDRICAL_SURFACE('',#3180,0.00199999850585);
#256=CYLINDRICAL_SURFACE('',#3183,0.001500000586493);
#257=CYLINDRICAL_SURFACE('',#3188,0.001500000586493);
#258=CYLINDRICAL_SURFACE('',#3191,0.000999999252925);
#259=CYLINDRICAL_SURFACE('',#3200,0.001500000586493);
#260=ORIENTED_EDGE('',*,*,#988,.T.);
#261=ORIENTED_EDGE('',*,*,#989,.T.);
#262=ORIENTED_EDGE('',*,*,#990,.T.);
#263=ORIENTED_EDGE('',*,*,#991,.T.);
#264=ORIENTED_EDGE('',*,*,#992,.F.);
#265=ORIENTED_EDGE('',*,*,#993,.T.);
#266=ORIENTED_EDGE('',*,*,#994,.T.);
#267=ORIENTED_EDGE('',*,*,#995,.F.);
#268=ORIENTED_EDGE('',*,*,#996,.T.);
#269=ORIENTED_EDGE('',*,*,#997,.F.);
#270=ORIENTED_EDGE('',*,*,#998,.F.);
#271=ORIENTED_EDGE('',*,*,#999,.T.);
#272=ORIENTED_EDGE('',*,*,#1000,.T.);
#273=ORIENTED_EDGE('',*,*,#1001,.F.);
#274=ORIENTED_EDGE('',*,*,#1002,.F.);
#275=ORIENTED_EDGE('',*,*,#998,.T.);
#276=ORIENTED_EDGE('',*,*,#1003,.T.);
#277=ORIENTED_EDGE('',*,*,#1004,.F.);
#278=ORIENTED_EDGE('',*,*,#1005,.F.);
#279=ORIENTED_EDGE('',*,*,#1001,.T.);
#280=ORIENTED_EDGE('',*,*,#1004,.T.);
#281=ORIENTED_EDGE('',*,*,#1006,.F.);
#282=ORIENTED_EDGE('',*,*,#996,.F.);
#283=ORIENTED_EDGE('',*,*,#1007,.T.);
#284=ORIENTED_EDGE('',*,*,#1008,.T.);
#285=ORIENTED_EDGE('',*,*,#1009,.T.);
#286=ORIENTED_EDGE('',*,*,#1010,.F.);
#287=ORIENTED_EDGE('',*,*,#1011,.F.);
#288=ORIENTED_EDGE('',*,*,#999,.F.);
#289=ORIENTED_EDGE('',*,*,#1002,.T.);
#290=ORIENTED_EDGE('',*,*,#1005,.T.);
#291=ORIENTED_EDGE('',*,*,#1007,.F.);
#292=ORIENTED_EDGE('',*,*,#1012,.F.);
#293=ORIENTED_EDGE('',*,*,#1013,.T.);
#294=ORIENTED_EDGE('',*,*,#1014,.T.);
#295=ORIENTED_EDGE('',*,*,#1015,.F.);
#296=ORIENTED_EDGE('',*,*,#1016,.T.);
#297=ORIENTED_EDGE('',*,*,#1017,.T.);
#298=ORIENTED_EDGE('',*,*,#1018,.T.);
#299=ORIENTED_EDGE('',*,*,#1019,.F.);
#300=ORIENTED_EDGE('',*,*,#1020,.T.);
#301=ORIENTED_EDGE('',*,*,#1021,.T.);
#302=ORIENTED_EDGE('',*,*,#1009,.F.);
#303=ORIENTED_EDGE('',*,*,#1022,.F.);
#304=ORIENTED_EDGE('',*,*,#1023,.F.);
#305=ORIENTED_EDGE('',*,*,#1024,.F.);
#306=ORIENTED_EDGE('',*,*,#1025,.T.);
#307=ORIENTED_EDGE('',*,*,#1026,.F.);
#308=ORIENTED_EDGE('',*,*,#1027,.F.);
#309=ORIENTED_EDGE('',*,*,#1028,.T.);
#310=ORIENTED_EDGE('',*,*,#1029,.T.);
#311=ORIENTED_EDGE('',*,*,#1030,.F.);
#312=ORIENTED_EDGE('',*,*,#1031,.T.);
#313=ORIENTED_EDGE('',*,*,#1012,.T.);
#314=ORIENTED_EDGE('',*,*,#1032,.F.);
#315=ORIENTED_EDGE('',*,*,#1033,.F.);
#316=ORIENTED_EDGE('',*,*,#1016,.F.);
#317=ORIENTED_EDGE('',*,*,#1034,.F.);
#318=ORIENTED_EDGE('',*,*,#1035,.T.);
#319=ORIENTED_EDGE('',*,*,#1036,.T.);
#320=ORIENTED_EDGE('',*,*,#1020,.F.);
#321=ORIENTED_EDGE('',*,*,#1037,.F.);
#322=ORIENTED_EDGE('',*,*,#1038,.T.);
#323=ORIENTED_EDGE('',*,*,#1039,.T.);
#324=ORIENTED_EDGE('',*,*,#1025,.F.);
#325=ORIENTED_EDGE('',*,*,#1040,.F.);
#326=ORIENTED_EDGE('',*,*,#1041,.T.);
#327=ORIENTED_EDGE('',*,*,#1042,.T.);
#328=ORIENTED_EDGE('',*,*,#1032,.T.);
#329=ORIENTED_EDGE('',*,*,#1026,.T.);
#330=ORIENTED_EDGE('',*,*,#1042,.F.);
#331=ORIENTED_EDGE('',*,*,#1043,.F.);
#332=ORIENTED_EDGE('',*,*,#1015,.T.);
#333=ORIENTED_EDGE('',*,*,#1044,.F.);
#334=ORIENTED_EDGE('',*,*,#1045,.F.);
#335=ORIENTED_EDGE('',*,*,#1034,.T.);
#336=ORIENTED_EDGE('',*,*,#1044,.T.);
#337=ORIENTED_EDGE('',*,*,#1014,.F.);
#338=ORIENTED_EDGE('',*,*,#1046,.F.);
#339=ORIENTED_EDGE('',*,*,#1047,.T.);
#340=ORIENTED_EDGE('',*,*,#1046,.T.);
#341=ORIENTED_EDGE('',*,*,#1013,.F.);
#342=ORIENTED_EDGE('',*,*,#1031,.F.);
#343=ORIENTED_EDGE('',*,*,#1048,.T.);
#344=ORIENTED_EDGE('',*,*,#1024,.T.);
#345=ORIENTED_EDGE('',*,*,#1049,.F.);
#346=ORIENTED_EDGE('',*,*,#1050,.F.);
#347=ORIENTED_EDGE('',*,*,#1040,.T.);
#348=ORIENTED_EDGE('',*,*,#1023,.T.);
#349=ORIENTED_EDGE('',*,*,#1051,.F.);
#350=ORIENTED_EDGE('',*,*,#1052,.F.);
#351=ORIENTED_EDGE('',*,*,#1049,.T.);
#352=ORIENTED_EDGE('',*,*,#1022,.T.);
#353=ORIENTED_EDGE('',*,*,#1008,.F.);
#354=ORIENTED_EDGE('',*,*,#1053,.F.);
#355=ORIENTED_EDGE('',*,*,#1051,.T.);
#356=ORIENTED_EDGE('',*,*,#1021,.F.);
#357=ORIENTED_EDGE('',*,*,#1039,.F.);
#358=ORIENTED_EDGE('',*,*,#1054,.F.);
#359=ORIENTED_EDGE('',*,*,#1010,.T.);
#360=ORIENTED_EDGE('',*,*,#1019,.T.);
#361=ORIENTED_EDGE('',*,*,#1055,.F.);
#362=ORIENTED_EDGE('',*,*,#1056,.F.);
#363=ORIENTED_EDGE('',*,*,#1037,.T.);
#364=ORIENTED_EDGE('',*,*,#1055,.T.);
#365=ORIENTED_EDGE('',*,*,#1018,.F.);
#366=ORIENTED_EDGE('',*,*,#1057,.F.);
#367=ORIENTED_EDGE('',*,*,#1058,.T.);
#368=ORIENTED_EDGE('',*,*,#1057,.T.);
#369=ORIENTED_EDGE('',*,*,#1017,.F.);
#370=ORIENTED_EDGE('',*,*,#1036,.F.);
#371=ORIENTED_EDGE('',*,*,#1059,.T.);
#372=ORIENTED_EDGE('',*,*,#1035,.F.);
#373=ORIENTED_EDGE('',*,*,#1045,.T.);
#374=ORIENTED_EDGE('',*,*,#1047,.F.);
#375=ORIENTED_EDGE('',*,*,#1048,.F.);
#376=ORIENTED_EDGE('',*,*,#1033,.T.);
#377=ORIENTED_EDGE('',*,*,#1043,.T.);
#378=ORIENTED_EDGE('',*,*,#1041,.F.);
#379=ORIENTED_EDGE('',*,*,#1050,.T.);
#380=ORIENTED_EDGE('',*,*,#1052,.T.);
#381=ORIENTED_EDGE('',*,*,#1053,.T.);
#382=ORIENTED_EDGE('',*,*,#1011,.T.);
#383=ORIENTED_EDGE('',*,*,#1054,.T.);
#384=ORIENTED_EDGE('',*,*,#1038,.F.);
#385=ORIENTED_EDGE('',*,*,#1056,.T.);
#386=ORIENTED_EDGE('',*,*,#1058,.F.);
#387=ORIENTED_EDGE('',*,*,#1059,.F.);
#388=ORIENTED_EDGE('',*,*,#1060,.F.);
#389=ORIENTED_EDGE('',*,*,#1061,.T.);
#390=ORIENTED_EDGE('',*,*,#1062,.T.);
#391=ORIENTED_EDGE('',*,*,#1063,.F.);
#392=ORIENTED_EDGE('',*,*,#1064,.F.);
#393=ORIENTED_EDGE('',*,*,#1065,.T.);
#394=ORIENTED_EDGE('',*,*,#1066,.T.);
#395=ORIENTED_EDGE('',*,*,#1067,.F.);
#396=ORIENTED_EDGE('',*,*,#1068,.T.);
#397=ORIENTED_EDGE('',*,*,#1029,.F.);
#398=ORIENTED_EDGE('',*,*,#1069,.F.);
#399=ORIENTED_EDGE('',*,*,#1067,.T.);
#400=ORIENTED_EDGE('',*,*,#1030,.T.);
#401=ORIENTED_EDGE('',*,*,#1068,.F.);
#402=ORIENTED_EDGE('',*,*,#1066,.F.);
#403=ORIENTED_EDGE('',*,*,#1070,.T.);
#404=ORIENTED_EDGE('',*,*,#1027,.T.);
#405=ORIENTED_EDGE('',*,*,#1070,.F.);
#406=ORIENTED_EDGE('',*,*,#1065,.F.);
#407=ORIENTED_EDGE('',*,*,#1071,.T.);
#408=ORIENTED_EDGE('',*,*,#1069,.T.);
#409=ORIENTED_EDGE('',*,*,#1028,.F.);
#410=ORIENTED_EDGE('',*,*,#1071,.F.);
#411=ORIENTED_EDGE('',*,*,#1064,.T.);
#412=ORIENTED_EDGE('',*,*,#1072,.T.);
#413=ORIENTED_EDGE('',*,*,#1060,.T.);
#414=ORIENTED_EDGE('',*,*,#1073,.F.);
#415=ORIENTED_EDGE('',*,*,#1074,.F.);
#416=ORIENTED_EDGE('',*,*,#1061,.F.);
#417=ORIENTED_EDGE('',*,*,#1072,.F.);
#418=ORIENTED_EDGE('',*,*,#1075,.T.);
#419=ORIENTED_EDGE('',*,*,#1076,.T.);
#420=ORIENTED_EDGE('',*,*,#1062,.F.);
#421=ORIENTED_EDGE('',*,*,#1076,.F.);
#422=ORIENTED_EDGE('',*,*,#1077,.T.);
#423=ORIENTED_EDGE('',*,*,#1078,.T.);
#424=ORIENTED_EDGE('',*,*,#1073,.T.);
#425=ORIENTED_EDGE('',*,*,#1063,.T.);
#426=ORIENTED_EDGE('',*,*,#1078,.F.);
#427=ORIENTED_EDGE('',*,*,#1079,.F.);
#428=ORIENTED_EDGE('',*,*,#1080,.T.);
#429=ORIENTED_EDGE('',*,*,#1081,.T.);
#430=ORIENTED_EDGE('',*,*,#1082,.T.);
#431=ORIENTED_EDGE('',*,*,#1083,.T.);
#432=ORIENTED_EDGE('',*,*,#1084,.T.);
#433=ORIENTED_EDGE('',*,*,#1085,.T.);
#434=ORIENTED_EDGE('',*,*,#1086,.T.);
#435=ORIENTED_EDGE('',*,*,#1087,.T.);
#436=ORIENTED_EDGE('',*,*,#1088,.T.);
#437=ORIENTED_EDGE('',*,*,#1089,.T.);
#438=ORIENTED_EDGE('',*,*,#1090,.T.);
#439=ORIENTED_EDGE('',*,*,#1091,.T.);
#440=ORIENTED_EDGE('',*,*,#1092,.T.);
#441=ORIENTED_EDGE('',*,*,#1093,.T.);
#442=ORIENTED_EDGE('',*,*,#1094,.T.);
#443=ORIENTED_EDGE('',*,*,#1095,.T.);
#444=ORIENTED_EDGE('',*,*,#993,.F.);
#445=ORIENTED_EDGE('',*,*,#1096,.F.);
#446=ORIENTED_EDGE('',*,*,#1097,.T.);
#447=ORIENTED_EDGE('',*,*,#1098,.T.);
#448=ORIENTED_EDGE('',*,*,#992,.T.);
#449=ORIENTED_EDGE('',*,*,#1099,.F.);
#450=ORIENTED_EDGE('',*,*,#1100,.F.);
#451=ORIENTED_EDGE('',*,*,#1096,.T.);
#452=ORIENTED_EDGE('',*,*,#995,.T.);
#453=ORIENTED_EDGE('',*,*,#1101,.F.);
#454=ORIENTED_EDGE('',*,*,#1102,.F.);
#455=ORIENTED_EDGE('',*,*,#1099,.T.);
#456=ORIENTED_EDGE('',*,*,#994,.F.);
#457=ORIENTED_EDGE('',*,*,#1098,.F.);
#458=ORIENTED_EDGE('',*,*,#1103,.T.);
#459=ORIENTED_EDGE('',*,*,#1101,.T.);
#460=ORIENTED_EDGE('',*,*,#1000,.F.);
#461=ORIENTED_EDGE('',*,*,#997,.T.);
#462=ORIENTED_EDGE('',*,*,#1006,.T.);
#463=ORIENTED_EDGE('',*,*,#1003,.F.);
#464=ORIENTED_EDGE('',*,*,#1097,.F.);
#465=ORIENTED_EDGE('',*,*,#1100,.T.);
#466=ORIENTED_EDGE('',*,*,#1102,.T.);
#467=ORIENTED_EDGE('',*,*,#1103,.F.);
#468=ORIENTED_EDGE('',*,*,#1104,.F.);
#469=ORIENTED_EDGE('',*,*,#1074,.T.);
#470=ORIENTED_EDGE('',*,*,#1105,.F.);
#471=ORIENTED_EDGE('',*,*,#1083,.F.);
#472=ORIENTED_EDGE('',*,*,#1106,.F.);
#473=ORIENTED_EDGE('',*,*,#1104,.T.);
#474=ORIENTED_EDGE('',*,*,#1107,.F.);
#475=ORIENTED_EDGE('',*,*,#1108,.F.);
#476=ORIENTED_EDGE('',*,*,#1105,.T.);
#477=ORIENTED_EDGE('',*,*,#1109,.F.);
#478=ORIENTED_EDGE('',*,*,#1107,.T.);
#479=ORIENTED_EDGE('',*,*,#1082,.F.);
#480=ORIENTED_EDGE('',*,*,#1110,.F.);
#481=ORIENTED_EDGE('',*,*,#1085,.F.);
#482=ORIENTED_EDGE('',*,*,#1106,.T.);
#483=ORIENTED_EDGE('',*,*,#1084,.F.);
#484=ORIENTED_EDGE('',*,*,#1111,.F.);
#485=ORIENTED_EDGE('',*,*,#1075,.F.);
#486=ORIENTED_EDGE('',*,*,#1112,.F.);
#487=ORIENTED_EDGE('',*,*,#1077,.F.);
#488=ORIENTED_EDGE('',*,*,#1113,.F.);
#489=ORIENTED_EDGE('',*,*,#1091,.F.);
#490=ORIENTED_EDGE('',*,*,#1109,.T.);
#491=ORIENTED_EDGE('',*,*,#1079,.T.);
#492=ORIENTED_EDGE('',*,*,#1114,.F.);
#493=ORIENTED_EDGE('',*,*,#991,.F.);
#494=ORIENTED_EDGE('',*,*,#1108,.T.);
#495=ORIENTED_EDGE('',*,*,#990,.F.);
#496=ORIENTED_EDGE('',*,*,#1115,.F.);
#497=ORIENTED_EDGE('',*,*,#1080,.F.);
#498=ORIENTED_EDGE('',*,*,#1116,.F.);
#499=ORIENTED_EDGE('',*,*,#1081,.F.);
#500=ORIENTED_EDGE('',*,*,#1117,.F.);
#501=ORIENTED_EDGE('',*,*,#1095,.F.);
#502=ORIENTED_EDGE('',*,*,#1110,.T.);
#503=ORIENTED_EDGE('',*,*,#1116,.T.);
#504=ORIENTED_EDGE('',*,*,#1118,.F.);
#505=ORIENTED_EDGE('',*,*,#1113,.T.);
#506=ORIENTED_EDGE('',*,*,#1111,.T.);
#507=ORIENTED_EDGE('',*,*,#1119,.F.);
#508=ORIENTED_EDGE('',*,*,#1114,.T.);
#509=ORIENTED_EDGE('',*,*,#1112,.T.);
#510=ORIENTED_EDGE('',*,*,#1120,.F.);
#511=ORIENTED_EDGE('',*,*,#1117,.T.);
#512=ORIENTED_EDGE('',*,*,#1115,.T.);
#513=ORIENTED_EDGE('',*,*,#1121,.F.);
#514=ORIENTED_EDGE('',*,*,#1118,.T.);
#515=ORIENTED_EDGE('',*,*,#1094,.F.);
#516=ORIENTED_EDGE('',*,*,#1122,.F.);
#517=ORIENTED_EDGE('',*,*,#1086,.F.);
#518=ORIENTED_EDGE('',*,*,#1119,.T.);
#519=ORIENTED_EDGE('',*,*,#1087,.F.);
#520=ORIENTED_EDGE('',*,*,#1123,.F.);
#521=ORIENTED_EDGE('',*,*,#1088,.F.);
#522=ORIENTED_EDGE('',*,*,#1120,.T.);
#523=ORIENTED_EDGE('',*,*,#1090,.F.);
#524=ORIENTED_EDGE('',*,*,#1124,.F.);
#525=ORIENTED_EDGE('',*,*,#988,.F.);
#526=ORIENTED_EDGE('',*,*,#1121,.T.);
#527=ORIENTED_EDGE('',*,*,#989,.F.);
#528=ORIENTED_EDGE('',*,*,#1125,.F.);
#529=ORIENTED_EDGE('',*,*,#1092,.F.);
#530=ORIENTED_EDGE('',*,*,#1123,.T.);
#531=ORIENTED_EDGE('',*,*,#1122,.T.);
#532=ORIENTED_EDGE('',*,*,#1126,.F.);
#533=ORIENTED_EDGE('',*,*,#1125,.T.);
#534=ORIENTED_EDGE('',*,*,#1124,.T.);
#535=ORIENTED_EDGE('',*,*,#1127,.F.);
#536=ORIENTED_EDGE('',*,*,#1126,.T.);
#537=ORIENTED_EDGE('',*,*,#1093,.F.);
#538=ORIENTED_EDGE('',*,*,#1127,.T.);
#539=ORIENTED_EDGE('',*,*,#1089,.F.);
#540=ORIENTED_EDGE('',*,*,#1128,.F.);
#541=ORIENTED_EDGE('',*,*,#1129,.T.);
#542=ORIENTED_EDGE('',*,*,#1130,.T.);
#543=ORIENTED_EDGE('',*,*,#1131,.F.);
#544=ORIENTED_EDGE('',*,*,#1132,.T.);
#545=ORIENTED_EDGE('',*,*,#1133,.T.);
#546=ORIENTED_EDGE('',*,*,#1134,.F.);
#547=ORIENTED_EDGE('',*,*,#1135,.F.);
#548=ORIENTED_EDGE('',*,*,#1132,.F.);
#549=ORIENTED_EDGE('',*,*,#1136,.F.);
#550=ORIENTED_EDGE('',*,*,#1137,.T.);
#551=ORIENTED_EDGE('',*,*,#1138,.T.);
#552=ORIENTED_EDGE('',*,*,#1139,.T.);
#553=ORIENTED_EDGE('',*,*,#1140,.T.);
#554=ORIENTED_EDGE('',*,*,#1133,.F.);
#555=ORIENTED_EDGE('',*,*,#1138,.F.);
#556=ORIENTED_EDGE('',*,*,#1136,.T.);
#557=ORIENTED_EDGE('',*,*,#1131,.T.);
#558=ORIENTED_EDGE('',*,*,#1141,.F.);
#559=ORIENTED_EDGE('',*,*,#1142,.F.);
#560=ORIENTED_EDGE('',*,*,#1143,.F.);
#561=ORIENTED_EDGE('',*,*,#1144,.T.);
#562=ORIENTED_EDGE('',*,*,#1134,.T.);
#563=ORIENTED_EDGE('',*,*,#1140,.F.);
#564=ORIENTED_EDGE('',*,*,#1141,.T.);
#565=ORIENTED_EDGE('',*,*,#1130,.F.);
#566=ORIENTED_EDGE('',*,*,#1145,.F.);
#567=ORIENTED_EDGE('',*,*,#1146,.T.);
#568=ORIENTED_EDGE('',*,*,#1147,.T.);
#569=ORIENTED_EDGE('',*,*,#1135,.T.);
#570=ORIENTED_EDGE('',*,*,#1144,.F.);
#571=ORIENTED_EDGE('',*,*,#1148,.F.);
#572=ORIENTED_EDGE('',*,*,#1149,.T.);
#573=ORIENTED_EDGE('',*,*,#1145,.T.);
#574=ORIENTED_EDGE('',*,*,#1129,.F.);
#575=ORIENTED_EDGE('',*,*,#1150,.F.);
#576=ORIENTED_EDGE('',*,*,#1147,.F.);
#577=ORIENTED_EDGE('',*,*,#1151,.F.);
#578=ORIENTED_EDGE('',*,*,#1150,.T.);
#579=ORIENTED_EDGE('',*,*,#1128,.T.);
#580=ORIENTED_EDGE('',*,*,#1152,.T.);
#581=ORIENTED_EDGE('',*,*,#1153,.F.);
#582=ORIENTED_EDGE('',*,*,#1154,.T.);
#583=ORIENTED_EDGE('',*,*,#1155,.T.);
#584=ORIENTED_EDGE('',*,*,#1156,.F.);
#585=ORIENTED_EDGE('',*,*,#1157,.F.);
#586=ORIENTED_EDGE('',*,*,#1158,.F.);
#587=ORIENTED_EDGE('',*,*,#1159,.T.);
#588=ORIENTED_EDGE('',*,*,#1148,.T.);
#589=ORIENTED_EDGE('',*,*,#1143,.T.);
#590=ORIENTED_EDGE('',*,*,#1139,.F.);
#591=ORIENTED_EDGE('',*,*,#1137,.F.);
#592=ORIENTED_EDGE('',*,*,#1142,.T.);
#593=ORIENTED_EDGE('',*,*,#1146,.F.);
#594=ORIENTED_EDGE('',*,*,#1149,.F.);
#595=ORIENTED_EDGE('',*,*,#1151,.T.);
#596=ORIENTED_EDGE('',*,*,#1160,.F.);
#597=ORIENTED_EDGE('',*,*,#1161,.F.);
#598=ORIENTED_EDGE('',*,*,#1162,.T.);
#599=ORIENTED_EDGE('',*,*,#1158,.T.);
#600=ORIENTED_EDGE('',*,*,#1160,.T.);
#601=ORIENTED_EDGE('',*,*,#1157,.T.);
#602=ORIENTED_EDGE('',*,*,#1163,.F.);
#603=ORIENTED_EDGE('',*,*,#1164,.F.);
#604=ORIENTED_EDGE('',*,*,#1165,.F.);
#605=ORIENTED_EDGE('',*,*,#1163,.T.);
#606=ORIENTED_EDGE('',*,*,#1156,.T.);
#607=ORIENTED_EDGE('',*,*,#1166,.F.);
#608=ORIENTED_EDGE('',*,*,#1167,.T.);
#609=ORIENTED_EDGE('',*,*,#1166,.T.);
#610=ORIENTED_EDGE('',*,*,#1155,.F.);
#611=ORIENTED_EDGE('',*,*,#1168,.F.);
#612=ORIENTED_EDGE('',*,*,#1154,.F.);
#613=ORIENTED_EDGE('',*,*,#1169,.F.);
#614=ORIENTED_EDGE('',*,*,#1170,.T.);
#615=ORIENTED_EDGE('',*,*,#1168,.T.);
#616=ORIENTED_EDGE('',*,*,#1169,.T.);
#617=ORIENTED_EDGE('',*,*,#1153,.T.);
#618=ORIENTED_EDGE('',*,*,#1171,.F.);
#619=ORIENTED_EDGE('',*,*,#1172,.F.);
#620=ORIENTED_EDGE('',*,*,#1171,.T.);
#621=ORIENTED_EDGE('',*,*,#1152,.F.);
#622=ORIENTED_EDGE('',*,*,#1173,.F.);
#623=ORIENTED_EDGE('',*,*,#1174,.T.);
#624=ORIENTED_EDGE('',*,*,#1175,.T.);
#625=ORIENTED_EDGE('',*,*,#1173,.T.);
#626=ORIENTED_EDGE('',*,*,#1159,.F.);
#627=ORIENTED_EDGE('',*,*,#1162,.F.);
#628=ORIENTED_EDGE('',*,*,#1175,.F.);
#629=ORIENTED_EDGE('',*,*,#1161,.T.);
#630=ORIENTED_EDGE('',*,*,#1164,.T.);
#631=ORIENTED_EDGE('',*,*,#1165,.T.);
#632=ORIENTED_EDGE('',*,*,#1167,.F.);
#633=ORIENTED_EDGE('',*,*,#1170,.F.);
#634=ORIENTED_EDGE('',*,*,#1172,.T.);
#635=ORIENTED_EDGE('',*,*,#1174,.F.);
#636=ORIENTED_EDGE('',*,*,#1176,.F.);
#637=ORIENTED_EDGE('',*,*,#1177,.T.);
#638=ORIENTED_EDGE('',*,*,#1178,.T.);
#639=ORIENTED_EDGE('',*,*,#1179,.F.);
#640=ORIENTED_EDGE('',*,*,#1180,.T.);
#641=ORIENTED_EDGE('',*,*,#1181,.T.);
#642=ORIENTED_EDGE('',*,*,#1182,.F.);
#643=ORIENTED_EDGE('',*,*,#1183,.F.);
#644=ORIENTED_EDGE('',*,*,#1180,.F.);
#645=ORIENTED_EDGE('',*,*,#1184,.F.);
#646=ORIENTED_EDGE('',*,*,#1185,.T.);
#647=ORIENTED_EDGE('',*,*,#1186,.T.);
#648=ORIENTED_EDGE('',*,*,#1187,.T.);
#649=ORIENTED_EDGE('',*,*,#1188,.T.);
#650=ORIENTED_EDGE('',*,*,#1181,.F.);
#651=ORIENTED_EDGE('',*,*,#1186,.F.);
#652=ORIENTED_EDGE('',*,*,#1184,.T.);
#653=ORIENTED_EDGE('',*,*,#1179,.T.);
#654=ORIENTED_EDGE('',*,*,#1189,.F.);
#655=ORIENTED_EDGE('',*,*,#1190,.F.);
#656=ORIENTED_EDGE('',*,*,#1191,.F.);
#657=ORIENTED_EDGE('',*,*,#1192,.T.);
#658=ORIENTED_EDGE('',*,*,#1182,.T.);
#659=ORIENTED_EDGE('',*,*,#1188,.F.);
#660=ORIENTED_EDGE('',*,*,#1189,.T.);
#661=ORIENTED_EDGE('',*,*,#1178,.F.);
#662=ORIENTED_EDGE('',*,*,#1193,.F.);
#663=ORIENTED_EDGE('',*,*,#1194,.T.);
#664=ORIENTED_EDGE('',*,*,#1195,.T.);
#665=ORIENTED_EDGE('',*,*,#1183,.T.);
#666=ORIENTED_EDGE('',*,*,#1192,.F.);
#667=ORIENTED_EDGE('',*,*,#1196,.F.);
#668=ORIENTED_EDGE('',*,*,#1197,.T.);
#669=ORIENTED_EDGE('',*,*,#1193,.T.);
#670=ORIENTED_EDGE('',*,*,#1177,.F.);
#671=ORIENTED_EDGE('',*,*,#1198,.F.);
#672=ORIENTED_EDGE('',*,*,#1195,.F.);
#673=ORIENTED_EDGE('',*,*,#1199,.F.);
#674=ORIENTED_EDGE('',*,*,#1198,.T.);
#675=ORIENTED_EDGE('',*,*,#1176,.T.);
#676=ORIENTED_EDGE('',*,*,#1196,.T.);
#677=ORIENTED_EDGE('',*,*,#1191,.T.);
#678=ORIENTED_EDGE('',*,*,#1187,.F.);
#679=ORIENTED_EDGE('',*,*,#1185,.F.);
#680=ORIENTED_EDGE('',*,*,#1190,.T.);
#681=ORIENTED_EDGE('',*,*,#1194,.F.);
#682=ORIENTED_EDGE('',*,*,#1197,.F.);
#683=ORIENTED_EDGE('',*,*,#1199,.T.);
#684=ORIENTED_EDGE('',*,*,#1200,.F.);
#685=ORIENTED_EDGE('',*,*,#1201,.T.);
#686=ORIENTED_EDGE('',*,*,#1202,.F.);
#687=ORIENTED_EDGE('',*,*,#1203,.T.);
#688=ORIENTED_EDGE('',*,*,#1204,.F.);
#689=ORIENTED_EDGE('',*,*,#1205,.T.);
#690=ORIENTED_EDGE('',*,*,#1206,.F.);
#691=ORIENTED_EDGE('',*,*,#1207,.T.);
#692=ORIENTED_EDGE('',*,*,#1208,.F.);
#693=ORIENTED_EDGE('',*,*,#1209,.T.);
#694=ORIENTED_EDGE('',*,*,#1210,.F.);
#695=ORIENTED_EDGE('',*,*,#1211,.T.);
#696=ORIENTED_EDGE('',*,*,#1212,.F.);
#697=ORIENTED_EDGE('',*,*,#1213,.T.);
#698=ORIENTED_EDGE('',*,*,#1214,.F.);
#699=ORIENTED_EDGE('',*,*,#1215,.T.);
#700=ORIENTED_EDGE('',*,*,#1216,.F.);
#701=ORIENTED_EDGE('',*,*,#1217,.T.);
#702=ORIENTED_EDGE('',*,*,#1218,.F.);
#703=ORIENTED_EDGE('',*,*,#1219,.T.);
#704=ORIENTED_EDGE('',*,*,#1220,.F.);
#705=ORIENTED_EDGE('',*,*,#1221,.T.);
#706=ORIENTED_EDGE('',*,*,#1222,.F.);
#707=ORIENTED_EDGE('',*,*,#1223,.T.);
#708=ORIENTED_EDGE('',*,*,#1224,.F.);
#709=ORIENTED_EDGE('',*,*,#1225,.T.);
#710=ORIENTED_EDGE('',*,*,#1226,.F.);
#711=ORIENTED_EDGE('',*,*,#1227,.T.);
#712=ORIENTED_EDGE('',*,*,#1228,.F.);
#713=ORIENTED_EDGE('',*,*,#1229,.T.);
#714=ORIENTED_EDGE('',*,*,#1230,.F.);
#715=ORIENTED_EDGE('',*,*,#1231,.T.);
#716=ORIENTED_EDGE('',*,*,#1232,.T.);
#717=ORIENTED_EDGE('',*,*,#1233,.T.);
#718=ORIENTED_EDGE('',*,*,#1234,.F.);
#719=ORIENTED_EDGE('',*,*,#1235,.F.);
#720=ORIENTED_EDGE('',*,*,#1236,.T.);
#721=ORIENTED_EDGE('',*,*,#1237,.T.);
#722=ORIENTED_EDGE('',*,*,#1238,.F.);
#723=ORIENTED_EDGE('',*,*,#1233,.F.);
#724=ORIENTED_EDGE('',*,*,#1239,.T.);
#725=ORIENTED_EDGE('',*,*,#1240,.T.);
#726=ORIENTED_EDGE('',*,*,#1241,.F.);
#727=ORIENTED_EDGE('',*,*,#1237,.F.);
#728=ORIENTED_EDGE('',*,*,#1242,.T.);
#729=ORIENTED_EDGE('',*,*,#1235,.T.);
#730=ORIENTED_EDGE('',*,*,#1243,.F.);
#731=ORIENTED_EDGE('',*,*,#1240,.F.);
#732=ORIENTED_EDGE('',*,*,#1244,.F.);
#733=ORIENTED_EDGE('',*,*,#1245,.T.);
#734=ORIENTED_EDGE('',*,*,#1246,.F.);
#735=ORIENTED_EDGE('',*,*,#1247,.T.);
#736=ORIENTED_EDGE('',*,*,#1248,.T.);
#737=ORIENTED_EDGE('',*,*,#1249,.T.);
#738=ORIENTED_EDGE('',*,*,#1250,.F.);
#739=ORIENTED_EDGE('',*,*,#1251,.F.);
#740=ORIENTED_EDGE('',*,*,#1252,.T.);
#741=ORIENTED_EDGE('',*,*,#1253,.T.);
#742=ORIENTED_EDGE('',*,*,#1254,.F.);
#743=ORIENTED_EDGE('',*,*,#1249,.F.);
#744=ORIENTED_EDGE('',*,*,#1255,.T.);
#745=ORIENTED_EDGE('',*,*,#1256,.T.);
#746=ORIENTED_EDGE('',*,*,#1257,.F.);
#747=ORIENTED_EDGE('',*,*,#1253,.F.);
#748=ORIENTED_EDGE('',*,*,#1258,.T.);
#749=ORIENTED_EDGE('',*,*,#1251,.T.);
#750=ORIENTED_EDGE('',*,*,#1259,.F.);
#751=ORIENTED_EDGE('',*,*,#1256,.F.);
#752=ORIENTED_EDGE('',*,*,#1260,.F.);
#753=ORIENTED_EDGE('',*,*,#1261,.T.);
#754=ORIENTED_EDGE('',*,*,#1262,.F.);
#755=ORIENTED_EDGE('',*,*,#1263,.T.);
#756=ORIENTED_EDGE('',*,*,#1264,.F.);
#757=ORIENTED_EDGE('',*,*,#1265,.T.);
#758=ORIENTED_EDGE('',*,*,#1266,.F.);
#759=ORIENTED_EDGE('',*,*,#1267,.T.);
#760=ORIENTED_EDGE('',*,*,#1268,.T.);
#761=ORIENTED_EDGE('',*,*,#1269,.T.);
#762=ORIENTED_EDGE('',*,*,#1270,.F.);
#763=ORIENTED_EDGE('',*,*,#1271,.F.);
#764=ORIENTED_EDGE('',*,*,#1272,.T.);
#765=ORIENTED_EDGE('',*,*,#1273,.T.);
#766=ORIENTED_EDGE('',*,*,#1274,.F.);
#767=ORIENTED_EDGE('',*,*,#1269,.F.);
#768=ORIENTED_EDGE('',*,*,#1275,.T.);
#769=ORIENTED_EDGE('',*,*,#1276,.T.);
#770=ORIENTED_EDGE('',*,*,#1277,.F.);
#771=ORIENTED_EDGE('',*,*,#1273,.F.);
#772=ORIENTED_EDGE('',*,*,#1278,.T.);
#773=ORIENTED_EDGE('',*,*,#1271,.T.);
#774=ORIENTED_EDGE('',*,*,#1279,.F.);
#775=ORIENTED_EDGE('',*,*,#1276,.F.);
#776=ORIENTED_EDGE('',*,*,#1280,.F.);
#777=ORIENTED_EDGE('',*,*,#1281,.T.);
#778=ORIENTED_EDGE('',*,*,#1282,.F.);
#779=ORIENTED_EDGE('',*,*,#1283,.T.);
#780=ORIENTED_EDGE('',*,*,#1284,.T.);
#781=ORIENTED_EDGE('',*,*,#1285,.T.);
#782=ORIENTED_EDGE('',*,*,#1286,.F.);
#783=ORIENTED_EDGE('',*,*,#1287,.F.);
#784=ORIENTED_EDGE('',*,*,#1288,.T.);
#785=ORIENTED_EDGE('',*,*,#1289,.T.);
#786=ORIENTED_EDGE('',*,*,#1290,.F.);
#787=ORIENTED_EDGE('',*,*,#1285,.F.);
#788=ORIENTED_EDGE('',*,*,#1291,.T.);
#789=ORIENTED_EDGE('',*,*,#1292,.T.);
#790=ORIENTED_EDGE('',*,*,#1293,.F.);
#791=ORIENTED_EDGE('',*,*,#1289,.F.);
#792=ORIENTED_EDGE('',*,*,#1294,.T.);
#793=ORIENTED_EDGE('',*,*,#1287,.T.);
#794=ORIENTED_EDGE('',*,*,#1295,.F.);
#795=ORIENTED_EDGE('',*,*,#1292,.F.);
#796=ORIENTED_EDGE('',*,*,#1296,.F.);
#797=ORIENTED_EDGE('',*,*,#1297,.T.);
#798=ORIENTED_EDGE('',*,*,#1298,.F.);
#799=ORIENTED_EDGE('',*,*,#1299,.T.);
#800=ORIENTED_EDGE('',*,*,#1300,.F.);
#801=ORIENTED_EDGE('',*,*,#1301,.T.);
#802=ORIENTED_EDGE('',*,*,#1302,.F.);
#803=ORIENTED_EDGE('',*,*,#1303,.T.);
#804=ORIENTED_EDGE('',*,*,#1304,.F.);
#805=ORIENTED_EDGE('',*,*,#1305,.T.);
#806=ORIENTED_EDGE('',*,*,#1306,.F.);
#807=ORIENTED_EDGE('',*,*,#1307,.T.);
#808=ORIENTED_EDGE('',*,*,#1308,.F.);
#809=ORIENTED_EDGE('',*,*,#1309,.T.);
#810=ORIENTED_EDGE('',*,*,#1310,.F.);
#811=ORIENTED_EDGE('',*,*,#1311,.T.);
#812=ORIENTED_EDGE('',*,*,#1312,.F.);
#813=ORIENTED_EDGE('',*,*,#1313,.T.);
#814=ORIENTED_EDGE('',*,*,#1314,.F.);
#815=ORIENTED_EDGE('',*,*,#1315,.T.);
#816=ORIENTED_EDGE('',*,*,#1316,.T.);
#817=ORIENTED_EDGE('',*,*,#1317,.T.);
#818=ORIENTED_EDGE('',*,*,#1318,.F.);
#819=ORIENTED_EDGE('',*,*,#1319,.F.);
#820=ORIENTED_EDGE('',*,*,#1320,.T.);
#821=ORIENTED_EDGE('',*,*,#1321,.T.);
#822=ORIENTED_EDGE('',*,*,#1316,.F.);
#823=ORIENTED_EDGE('',*,*,#1322,.F.);
#824=ORIENTED_EDGE('',*,*,#1318,.T.);
#825=ORIENTED_EDGE('',*,*,#1323,.T.);
#826=ORIENTED_EDGE('',*,*,#1324,.F.);
#827=ORIENTED_EDGE('',*,*,#1325,.F.);
#828=ORIENTED_EDGE('',*,*,#1326,.T.);
#829=ORIENTED_EDGE('',*,*,#1327,.T.);
#830=ORIENTED_EDGE('',*,*,#1320,.F.);
#831=ORIENTED_EDGE('',*,*,#1328,.F.);
#832=ORIENTED_EDGE('',*,*,#1324,.T.);
#833=ORIENTED_EDGE('',*,*,#1329,.T.);
#834=ORIENTED_EDGE('',*,*,#1330,.F.);
#835=ORIENTED_EDGE('',*,*,#1331,.F.);
#836=ORIENTED_EDGE('',*,*,#1332,.T.);
#837=ORIENTED_EDGE('',*,*,#1333,.T.);
#838=ORIENTED_EDGE('',*,*,#1326,.F.);
#839=ORIENTED_EDGE('',*,*,#1334,.F.);
#840=ORIENTED_EDGE('',*,*,#1330,.T.);
#841=ORIENTED_EDGE('',*,*,#1335,.T.);
#842=ORIENTED_EDGE('',*,*,#1336,.F.);
#843=ORIENTED_EDGE('',*,*,#1337,.F.);
#844=ORIENTED_EDGE('',*,*,#1338,.T.);
#845=ORIENTED_EDGE('',*,*,#1339,.T.);
#846=ORIENTED_EDGE('',*,*,#1332,.F.);
#847=ORIENTED_EDGE('',*,*,#1340,.F.);
#848=ORIENTED_EDGE('',*,*,#1336,.T.);
#849=ORIENTED_EDGE('',*,*,#1341,.T.);
#850=ORIENTED_EDGE('',*,*,#1342,.F.);
#851=ORIENTED_EDGE('',*,*,#1343,.F.);
#852=ORIENTED_EDGE('',*,*,#1200,.T.);
#853=ORIENTED_EDGE('',*,*,#1202,.T.);
#854=ORIENTED_EDGE('',*,*,#1204,.T.);
#855=ORIENTED_EDGE('',*,*,#1206,.T.);
#856=ORIENTED_EDGE('',*,*,#1208,.T.);
#857=ORIENTED_EDGE('',*,*,#1210,.T.);
#858=ORIENTED_EDGE('',*,*,#1212,.T.);
#859=ORIENTED_EDGE('',*,*,#1214,.T.);
#860=ORIENTED_EDGE('',*,*,#1216,.T.);
#861=ORIENTED_EDGE('',*,*,#1218,.T.);
#862=ORIENTED_EDGE('',*,*,#1220,.T.);
#863=ORIENTED_EDGE('',*,*,#1222,.T.);
#864=ORIENTED_EDGE('',*,*,#1224,.T.);
#865=ORIENTED_EDGE('',*,*,#1226,.T.);
#866=ORIENTED_EDGE('',*,*,#1228,.T.);
#867=ORIENTED_EDGE('',*,*,#1230,.T.);
#868=ORIENTED_EDGE('',*,*,#1243,.T.);
#869=ORIENTED_EDGE('',*,*,#1234,.T.);
#870=ORIENTED_EDGE('',*,*,#1238,.T.);
#871=ORIENTED_EDGE('',*,*,#1241,.T.);
#872=ORIENTED_EDGE('',*,*,#1244,.T.);
#873=ORIENTED_EDGE('',*,*,#1246,.T.);
#874=ORIENTED_EDGE('',*,*,#1259,.T.);
#875=ORIENTED_EDGE('',*,*,#1250,.T.);
#876=ORIENTED_EDGE('',*,*,#1254,.T.);
#877=ORIENTED_EDGE('',*,*,#1257,.T.);
#878=ORIENTED_EDGE('',*,*,#1260,.T.);
#879=ORIENTED_EDGE('',*,*,#1262,.T.);
#880=ORIENTED_EDGE('',*,*,#1264,.T.);
#881=ORIENTED_EDGE('',*,*,#1266,.T.);
#882=ORIENTED_EDGE('',*,*,#1279,.T.);
#883=ORIENTED_EDGE('',*,*,#1270,.T.);
#884=ORIENTED_EDGE('',*,*,#1274,.T.);
#885=ORIENTED_EDGE('',*,*,#1277,.T.);
#886=ORIENTED_EDGE('',*,*,#1280,.T.);
#887=ORIENTED_EDGE('',*,*,#1282,.T.);
#888=ORIENTED_EDGE('',*,*,#1295,.T.);
#889=ORIENTED_EDGE('',*,*,#1286,.T.);
#890=ORIENTED_EDGE('',*,*,#1290,.T.);
#891=ORIENTED_EDGE('',*,*,#1293,.T.);
#892=ORIENTED_EDGE('',*,*,#1296,.T.);
#893=ORIENTED_EDGE('',*,*,#1298,.T.);
#894=ORIENTED_EDGE('',*,*,#1300,.T.);
#895=ORIENTED_EDGE('',*,*,#1302,.T.);
#896=ORIENTED_EDGE('',*,*,#1304,.T.);
#897=ORIENTED_EDGE('',*,*,#1306,.T.);
#898=ORIENTED_EDGE('',*,*,#1308,.T.);
#899=ORIENTED_EDGE('',*,*,#1310,.T.);
#900=ORIENTED_EDGE('',*,*,#1312,.T.);
#901=ORIENTED_EDGE('',*,*,#1314,.T.);
#902=ORIENTED_EDGE('',*,*,#1344,.F.);
#903=ORIENTED_EDGE('',*,*,#1345,.F.);
#904=ORIENTED_EDGE('',*,*,#1341,.F.);
#905=ORIENTED_EDGE('',*,*,#1335,.F.);
#906=ORIENTED_EDGE('',*,*,#1329,.F.);
#907=ORIENTED_EDGE('',*,*,#1323,.F.);
#908=ORIENTED_EDGE('',*,*,#1317,.F.);
#909=ORIENTED_EDGE('',*,*,#1321,.F.);
#910=ORIENTED_EDGE('',*,*,#1327,.F.);
#911=ORIENTED_EDGE('',*,*,#1333,.F.);
#912=ORIENTED_EDGE('',*,*,#1339,.F.);
#913=ORIENTED_EDGE('',*,*,#1346,.F.);
#914=ORIENTED_EDGE('',*,*,#1201,.F.);
#915=ORIENTED_EDGE('',*,*,#1203,.F.);
#916=ORIENTED_EDGE('',*,*,#1205,.F.);
#917=ORIENTED_EDGE('',*,*,#1207,.F.);
#918=ORIENTED_EDGE('',*,*,#1209,.F.);
#919=ORIENTED_EDGE('',*,*,#1211,.F.);
#920=ORIENTED_EDGE('',*,*,#1213,.F.);
#921=ORIENTED_EDGE('',*,*,#1215,.F.);
#922=ORIENTED_EDGE('',*,*,#1217,.F.);
#923=ORIENTED_EDGE('',*,*,#1219,.F.);
#924=ORIENTED_EDGE('',*,*,#1221,.F.);
#925=ORIENTED_EDGE('',*,*,#1223,.F.);
#926=ORIENTED_EDGE('',*,*,#1225,.F.);
#927=ORIENTED_EDGE('',*,*,#1227,.F.);
#928=ORIENTED_EDGE('',*,*,#1229,.F.);
#929=ORIENTED_EDGE('',*,*,#1231,.F.);
#930=ORIENTED_EDGE('',*,*,#1239,.F.);
#931=ORIENTED_EDGE('',*,*,#1236,.F.);
#932=ORIENTED_EDGE('',*,*,#1232,.F.);
#933=ORIENTED_EDGE('',*,*,#1242,.F.);
#934=ORIENTED_EDGE('',*,*,#1245,.F.);
#935=ORIENTED_EDGE('',*,*,#1247,.F.);
#936=ORIENTED_EDGE('',*,*,#1255,.F.);
#937=ORIENTED_EDGE('',*,*,#1252,.F.);
#938=ORIENTED_EDGE('',*,*,#1248,.F.);
#939=ORIENTED_EDGE('',*,*,#1258,.F.);
#940=ORIENTED_EDGE('',*,*,#1261,.F.);
#941=ORIENTED_EDGE('',*,*,#1263,.F.);
#942=ORIENTED_EDGE('',*,*,#1265,.F.);
#943=ORIENTED_EDGE('',*,*,#1267,.F.);
#944=ORIENTED_EDGE('',*,*,#1275,.F.);
#945=ORIENTED_EDGE('',*,*,#1272,.F.);
#946=ORIENTED_EDGE('',*,*,#1268,.F.);
#947=ORIENTED_EDGE('',*,*,#1278,.F.);
#948=ORIENTED_EDGE('',*,*,#1281,.F.);
#949=ORIENTED_EDGE('',*,*,#1283,.F.);
#950=ORIENTED_EDGE('',*,*,#1291,.F.);
#951=ORIENTED_EDGE('',*,*,#1288,.F.);
#952=ORIENTED_EDGE('',*,*,#1284,.F.);
#953=ORIENTED_EDGE('',*,*,#1294,.F.);
#954=ORIENTED_EDGE('',*,*,#1297,.F.);
#955=ORIENTED_EDGE('',*,*,#1299,.F.);
#956=ORIENTED_EDGE('',*,*,#1301,.F.);
#957=ORIENTED_EDGE('',*,*,#1303,.F.);
#958=ORIENTED_EDGE('',*,*,#1305,.F.);
#959=ORIENTED_EDGE('',*,*,#1307,.F.);
#960=ORIENTED_EDGE('',*,*,#1309,.F.);
#961=ORIENTED_EDGE('',*,*,#1311,.F.);
#962=ORIENTED_EDGE('',*,*,#1313,.F.);
#963=ORIENTED_EDGE('',*,*,#1315,.F.);
#964=ORIENTED_EDGE('',*,*,#1347,.T.);
#965=ORIENTED_EDGE('',*,*,#1340,.T.);
#966=ORIENTED_EDGE('',*,*,#1334,.T.);
#967=ORIENTED_EDGE('',*,*,#1328,.T.);
#968=ORIENTED_EDGE('',*,*,#1322,.T.);
#969=ORIENTED_EDGE('',*,*,#1319,.T.);
#970=ORIENTED_EDGE('',*,*,#1325,.T.);
#971=ORIENTED_EDGE('',*,*,#1331,.T.);
#972=ORIENTED_EDGE('',*,*,#1337,.T.);
#973=ORIENTED_EDGE('',*,*,#1343,.T.);
#974=ORIENTED_EDGE('',*,*,#1348,.T.);
#975=ORIENTED_EDGE('',*,*,#1349,.T.);
#976=ORIENTED_EDGE('',*,*,#1350,.T.);
#977=ORIENTED_EDGE('',*,*,#1346,.T.);
#978=ORIENTED_EDGE('',*,*,#1338,.F.);
#979=ORIENTED_EDGE('',*,*,#1347,.F.);
#980=ORIENTED_EDGE('',*,*,#1342,.T.);
#981=ORIENTED_EDGE('',*,*,#1345,.T.);
#982=ORIENTED_EDGE('',*,*,#1351,.F.);
#983=ORIENTED_EDGE('',*,*,#1348,.F.);
#984=ORIENTED_EDGE('',*,*,#1351,.T.);
#985=ORIENTED_EDGE('',*,*,#1344,.T.);
#986=ORIENTED_EDGE('',*,*,#1350,.F.);
#987=ORIENTED_EDGE('',*,*,#1349,.F.);
#988=EDGE_CURVE('',#1352,#1353,#1608,.T.);
#989=EDGE_CURVE('',#1353,#1354,#1609,.F.);
#990=EDGE_CURVE('',#1354,#1355,#1610,.F.);
#991=EDGE_CURVE('',#1355,#1352,#1611,.T.);
#992=EDGE_CURVE('',#1356,#1357,#1612,.T.);
#993=EDGE_CURVE('',#1356,#1358,#1613,.T.);
#994=EDGE_CURVE('',#1358,#1359,#1614,.T.);
#995=EDGE_CURVE('',#1357,#1359,#1615,.T.);
#996=EDGE_CURVE('',#1360,#1361,#1616,.T.);
#997=EDGE_CURVE('',#1362,#1361,#1617,.T.);
#998=EDGE_CURVE('',#1363,#1362,#1618,.T.);
#999=EDGE_CURVE('',#1363,#1360,#1619,.T.);
#1000=EDGE_CURVE('',#1362,#1364,#1620,.T.);
#1001=EDGE_CURVE('',#1365,#1364,#1621,.T.);
#1002=EDGE_CURVE('',#1363,#1365,#1622,.T.);
#1003=EDGE_CURVE('',#1364,#1366,#1623,.T.);
#1004=EDGE_CURVE('',#1367,#1366,#1624,.T.);
#1005=EDGE_CURVE('',#1365,#1367,#1625,.T.);
#1006=EDGE_CURVE('',#1361,#1366,#1626,.T.);
#1007=EDGE_CURVE('',#1360,#1367,#1627,.T.);
#1008=EDGE_CURVE('',#1368,#1369,#1628,.T.);
#1009=EDGE_CURVE('',#1369,#1370,#1629,.T.);
#1010=EDGE_CURVE('',#1371,#1370,#1630,.T.);
#1011=EDGE_CURVE('',#1368,#1371,#1631,.T.);
#1012=EDGE_CURVE('',#1372,#1373,#1632,.T.);
#1013=EDGE_CURVE('',#1372,#1374,#1633,.T.);
#1014=EDGE_CURVE('',#1374,#1375,#1634,.T.);
#1015=EDGE_CURVE('',#1376,#1375,#1635,.T.);
#1016=EDGE_CURVE('',#1376,#1377,#1636,.T.);
#1017=EDGE_CURVE('',#1377,#1378,#1637,.T.);
#1018=EDGE_CURVE('',#1378,#1379,#1638,.T.);
#1019=EDGE_CURVE('',#1380,#1379,#1639,.T.);
#1020=EDGE_CURVE('',#1380,#1381,#1640,.T.);
#1021=EDGE_CURVE('',#1381,#1370,#1641,.T.);
#1022=EDGE_CURVE('',#1382,#1369,#1642,.T.);
#1023=EDGE_CURVE('',#1383,#1382,#1643,.T.);
#1024=EDGE_CURVE('',#1384,#1383,#1644,.T.);
#1025=EDGE_CURVE('',#1384,#1385,#1645,.T.);
#1026=EDGE_CURVE('',#1373,#1385,#1646,.T.);
#1027=EDGE_CURVE('',#1386,#1387,#1647,.T.);
#1028=EDGE_CURVE('',#1386,#1388,#1648,.T.);
#1029=EDGE_CURVE('',#1388,#1389,#1649,.T.);
#1030=EDGE_CURVE('',#1387,#1389,#1650,.T.);
#1031=EDGE_CURVE('',#1390,#1372,#1651,.T.);
#1032=EDGE_CURVE('',#1391,#1373,#1652,.T.);
#1033=EDGE_CURVE('',#1390,#1391,#1653,.T.);
#1034=EDGE_CURVE('',#1392,#1376,#1654,.T.);
#1035=EDGE_CURVE('',#1392,#1393,#1655,.T.);
#1036=EDGE_CURVE('',#1393,#1377,#1656,.T.);
#1037=EDGE_CURVE('',#1394,#1380,#1657,.T.);
#1038=EDGE_CURVE('',#1394,#1395,#1658,.T.);
#1039=EDGE_CURVE('',#1395,#1381,#1659,.T.);
#1040=EDGE_CURVE('',#1396,#1384,#1660,.T.);
#1041=EDGE_CURVE('',#1396,#1397,#1661,.T.);
#1042=EDGE_CURVE('',#1397,#1385,#1662,.T.);
#1043=EDGE_CURVE('',#1391,#1397,#1663,.T.);
#1044=EDGE_CURVE('',#1398,#1375,#1664,.T.);
#1045=EDGE_CURVE('',#1392,#1398,#1665,.T.);
#1046=EDGE_CURVE('',#1399,#1374,#1666,.T.);
#1047=EDGE_CURVE('',#1399,#1398,#1667,.T.);
#1048=EDGE_CURVE('',#1390,#1399,#1668,.T.);
#1049=EDGE_CURVE('',#1400,#1383,#1669,.T.);
#1050=EDGE_CURVE('',#1396,#1400,#1670,.T.);
#1051=EDGE_CURVE('',#1401,#1382,#1671,.T.);
#1052=EDGE_CURVE('',#1400,#1401,#1672,.T.);
#1053=EDGE_CURVE('',#1401,#1368,#1673,.T.);
#1054=EDGE_CURVE('',#1371,#1395,#1674,.T.);
#1055=EDGE_CURVE('',#1402,#1379,#1675,.T.);
#1056=EDGE_CURVE('',#1394,#1402,#1676,.T.);
#1057=EDGE_CURVE('',#1403,#1378,#1677,.T.);
#1058=EDGE_CURVE('',#1403,#1402,#1678,.T.);
#1059=EDGE_CURVE('',#1393,#1403,#1679,.T.);
#1060=EDGE_CURVE('',#1404,#1405,#1680,.T.);
#1061=EDGE_CURVE('',#1404,#1406,#1681,.T.);
#1062=EDGE_CURVE('',#1406,#1407,#1682,.T.);
#1063=EDGE_CURVE('',#1405,#1407,#1683,.T.);
#1064=EDGE_CURVE('',#1408,#1409,#1684,.T.);
#1065=EDGE_CURVE('',#1408,#1410,#1685,.T.);
#1066=EDGE_CURVE('',#1410,#1411,#1686,.T.);
#1067=EDGE_CURVE('',#1409,#1411,#1687,.T.);
#1068=EDGE_CURVE('',#1411,#1389,#1688,.T.);
#1069=EDGE_CURVE('',#1409,#1388,#1689,.T.);
#1070=EDGE_CURVE('',#1410,#1387,#1690,.T.);
#1071=EDGE_CURVE('',#1408,#1386,#1691,.T.);
#1072=EDGE_CURVE('',#1412,#1404,#1692,.T.);
#1073=EDGE_CURVE('',#1413,#1405,#1693,.T.);
#1074=EDGE_CURVE('',#1412,#1413,#1694,.T.);
#1075=EDGE_CURVE('',#1412,#1414,#1695,.T.);
#1076=EDGE_CURVE('',#1414,#1406,#1696,.T.);
#1077=EDGE_CURVE('',#1414,#1415,#1697,.T.);
#1078=EDGE_CURVE('',#1415,#1407,#1698,.T.);
#1079=EDGE_CURVE('',#1413,#1415,#1699,.T.);
#1080=EDGE_CURVE('',#1416,#1417,#1700,.T.);
#1081=EDGE_CURVE('',#1417,#1418,#1701,.F.);
#1082=EDGE_CURVE('',#1418,#1419,#1702,.F.);
#1083=EDGE_CURVE('',#1419,#1416,#1703,.T.);
#1084=EDGE_CURVE('',#1420,#1421,#1704,.F.);
#1085=EDGE_CURVE('',#1421,#1422,#1705,.T.);
#1086=EDGE_CURVE('',#1422,#1423,#1706,.T.);
#1087=EDGE_CURVE('',#1423,#1420,#1707,.F.);
#1088=EDGE_CURVE('',#1424,#1425,#1708,.T.);
#1089=EDGE_CURVE('',#1425,#1426,#1709,.T.);
#1090=EDGE_CURVE('',#1426,#1427,#1710,.F.);
#1091=EDGE_CURVE('',#1427,#1424,#1711,.F.);
#1092=EDGE_CURVE('',#1428,#1429,#1712,.T.);
#1093=EDGE_CURVE('',#1429,#1430,#1713,.F.);
#1094=EDGE_CURVE('',#1430,#1431,#1714,.F.);
#1095=EDGE_CURVE('',#1431,#1428,#1715,.T.);
#1096=EDGE_CURVE('',#1432,#1356,#1716,.T.);
#1097=EDGE_CURVE('',#1432,#1433,#1717,.T.);
#1098=EDGE_CURVE('',#1433,#1358,#1718,.T.);
#1099=EDGE_CURVE('',#1434,#1357,#1719,.T.);
#1100=EDGE_CURVE('',#1432,#1434,#1720,.T.);
#1101=EDGE_CURVE('',#1435,#1359,#1721,.T.);
#1102=EDGE_CURVE('',#1434,#1435,#1722,.T.);
#1103=EDGE_CURVE('',#1433,#1435,#1723,.T.);
#1104=EDGE_CURVE('',#1412,#1419,#44,.T.);
#1105=EDGE_CURVE('',#1416,#1413,#45,.T.);
#1106=EDGE_CURVE('',#1412,#1421,#46,.F.);
#1107=EDGE_CURVE('',#1421,#1419,#47,.F.);
#1108=EDGE_CURVE('',#1416,#1355,#48,.F.);
#1109=EDGE_CURVE('',#1355,#1413,#49,.F.);
#1110=EDGE_CURVE('',#1422,#1418,#50,.T.);
#1111=EDGE_CURVE('',#1414,#1420,#51,.T.);
#1112=EDGE_CURVE('',#1415,#1427,#52,.T.);
#1113=EDGE_CURVE('',#1424,#1414,#53,.T.);
#1114=EDGE_CURVE('',#1352,#1415,#54,.T.);
#1115=EDGE_CURVE('',#1417,#1354,#55,.T.);
#1116=EDGE_CURVE('',#1418,#1431,#56,.T.);
#1117=EDGE_CURVE('',#1428,#1417,#57,.T.);
#1118=EDGE_CURVE('',#1422,#1431,#58,.F.);
#1119=EDGE_CURVE('',#1424,#1420,#59,.F.);
#1120=EDGE_CURVE('',#1352,#1427,#60,.F.);
#1121=EDGE_CURVE('',#1428,#1354,#61,.F.);
#1122=EDGE_CURVE('',#1423,#1430,#62,.T.);
#1123=EDGE_CURVE('',#1425,#1423,#63,.T.);
#1124=EDGE_CURVE('',#1353,#1426,#64,.T.);
#1125=EDGE_CURVE('',#1429,#1353,#65,.T.);
#1126=EDGE_CURVE('',#1425,#1430,#66,.F.);
#1127=EDGE_CURVE('',#1429,#1426,#67,.F.);
#1128=EDGE_CURVE('',#1436,#1437,#1724,.T.);
#1129=EDGE_CURVE('',#1436,#1438,#68,.T.);
#1130=EDGE_CURVE('',#1438,#1439,#1725,.T.);
#1131=EDGE_CURVE('',#1440,#1439,#69,.T.);
#1132=EDGE_CURVE('',#1440,#1441,#1726,.T.);
#1133=EDGE_CURVE('',#1441,#1442,#70,.T.);
#1134=EDGE_CURVE('',#1443,#1442,#1727,.T.);
#1135=EDGE_CURVE('',#1437,#1443,#71,.T.);
#1136=EDGE_CURVE('',#1444,#1440,#1728,.T.);
#1137=EDGE_CURVE('',#1444,#1445,#1729,.T.);
#1138=EDGE_CURVE('',#1445,#1441,#1730,.T.);
#1139=EDGE_CURVE('',#1445,#1446,#72,.T.);
#1140=EDGE_CURVE('',#1446,#1442,#1731,.T.);
#1141=EDGE_CURVE('',#1447,#1439,#1732,.T.);
#1142=EDGE_CURVE('',#1444,#1447,#73,.T.);
#1143=EDGE_CURVE('',#1448,#1446,#1733,.T.);
#1144=EDGE_CURVE('',#1448,#1443,#1734,.T.);
#1145=EDGE_CURVE('',#1449,#1438,#1735,.T.);
#1146=EDGE_CURVE('',#1449,#1447,#1736,.T.);
#1147=EDGE_CURVE('',#1450,#1437,#1737,.T.);
#1148=EDGE_CURVE('',#1450,#1448,#74,.T.);
#1149=EDGE_CURVE('',#1451,#1449,#75,.T.);
#1150=EDGE_CURVE('',#1451,#1436,#1738,.T.);
#1151=EDGE_CURVE('',#1451,#1450,#1739,.T.);
#1152=EDGE_CURVE('',#1452,#1453,#1740,.T.);
#1153=EDGE_CURVE('',#1454,#1453,#76,.T.);
#1154=EDGE_CURVE('',#1454,#1455,#1741,.T.);
#1155=EDGE_CURVE('',#1455,#1456,#77,.T.);
#1156=EDGE_CURVE('',#1457,#1456,#1742,.T.);
#1157=EDGE_CURVE('',#1458,#1457,#78,.T.);
#1158=EDGE_CURVE('',#1459,#1458,#1743,.T.);
#1159=EDGE_CURVE('',#1459,#1452,#79,.T.);
#1160=EDGE_CURVE('',#1460,#1458,#1744,.T.);
#1161=EDGE_CURVE('',#1461,#1460,#1745,.T.);
#1162=EDGE_CURVE('',#1461,#1459,#1746,.T.);
#1163=EDGE_CURVE('',#1462,#1457,#1747,.T.);
#1164=EDGE_CURVE('',#1460,#1462,#80,.T.);
#1165=EDGE_CURVE('',#1462,#1463,#1748,.T.);
#1166=EDGE_CURVE('',#1463,#1456,#1749,.T.);
#1167=EDGE_CURVE('',#1464,#1463,#81,.T.);
#1168=EDGE_CURVE('',#1464,#1455,#1750,.T.);
#1169=EDGE_CURVE('',#1465,#1454,#1751,.T.);
#1170=EDGE_CURVE('',#1465,#1464,#1752,.T.);
#1171=EDGE_CURVE('',#1466,#1453,#1753,.T.);
#1172=EDGE_CURVE('',#1465,#1466,#82,.T.);
#1173=EDGE_CURVE('',#1467,#1452,#1754,.T.);
#1174=EDGE_CURVE('',#1467,#1466,#1755,.T.);
#1175=EDGE_CURVE('',#1461,#1467,#83,.T.);
#1176=EDGE_CURVE('',#1468,#1469,#1756,.T.);
#1177=EDGE_CURVE('',#1468,#1470,#84,.T.);
#1178=EDGE_CURVE('',#1470,#1471,#1757,.T.);
#1179=EDGE_CURVE('',#1472,#1471,#85,.T.);
#1180=EDGE_CURVE('',#1472,#1473,#1758,.T.);
#1181=EDGE_CURVE('',#1473,#1474,#86,.T.);
#1182=EDGE_CURVE('',#1475,#1474,#1759,.T.);
#1183=EDGE_CURVE('',#1469,#1475,#87,.T.);
#1184=EDGE_CURVE('',#1476,#1472,#1760,.T.);
#1185=EDGE_CURVE('',#1476,#1477,#1761,.T.);
#1186=EDGE_CURVE('',#1477,#1473,#1762,.T.);
#1187=EDGE_CURVE('',#1477,#1478,#88,.T.);
#1188=EDGE_CURVE('',#1478,#1474,#1763,.T.);
#1189=EDGE_CURVE('',#1479,#1471,#1764,.T.);
#1190=EDGE_CURVE('',#1476,#1479,#89,.T.);
#1191=EDGE_CURVE('',#1480,#1478,#1765,.T.);
#1192=EDGE_CURVE('',#1480,#1475,#1766,.T.);
#1193=EDGE_CURVE('',#1481,#1470,#1767,.T.);
#1194=EDGE_CURVE('',#1481,#1479,#1768,.T.);
#1195=EDGE_CURVE('',#1482,#1469,#1769,.T.);
#1196=EDGE_CURVE('',#1482,#1480,#90,.T.);
#1197=EDGE_CURVE('',#1483,#1481,#91,.T.);
#1198=EDGE_CURVE('',#1483,#1468,#1770,.T.);
#1199=EDGE_CURVE('',#1483,#1482,#1771,.T.);
#1200=EDGE_CURVE('',#1484,#1484,#92,.T.);
#1201=EDGE_CURVE('',#1485,#1485,#93,.T.);
#1202=EDGE_CURVE('',#1486,#1486,#94,.T.);
#1203=EDGE_CURVE('',#1487,#1487,#95,.T.);
#1204=EDGE_CURVE('',#1488,#1488,#96,.T.);
#1205=EDGE_CURVE('',#1489,#1489,#97,.T.);
#1206=EDGE_CURVE('',#1490,#1490,#98,.T.);
#1207=EDGE_CURVE('',#1491,#1491,#99,.T.);
#1208=EDGE_CURVE('',#1492,#1492,#100,.T.);
#1209=EDGE_CURVE('',#1493,#1493,#101,.T.);
#1210=EDGE_CURVE('',#1494,#1494,#102,.T.);
#1211=EDGE_CURVE('',#1495,#1495,#103,.T.);
#1212=EDGE_CURVE('',#1496,#1496,#104,.T.);
#1213=EDGE_CURVE('',#1497,#1497,#105,.T.);
#1214=EDGE_CURVE('',#1498,#1498,#106,.T.);
#1215=EDGE_CURVE('',#1499,#1499,#107,.T.);
#1216=EDGE_CURVE('',#1500,#1500,#108,.T.);
#1217=EDGE_CURVE('',#1501,#1501,#109,.T.);
#1218=EDGE_CURVE('',#1502,#1502,#110,.T.);
#1219=EDGE_CURVE('',#1503,#1503,#111,.T.);
#1220=EDGE_CURVE('',#1504,#1504,#112,.T.);
#1221=EDGE_CURVE('',#1505,#1505,#113,.T.);
#1222=EDGE_CURVE('',#1506,#1506,#114,.T.);
#1223=EDGE_CURVE('',#1507,#1507,#115,.T.);
#1224=EDGE_CURVE('',#1508,#1508,#116,.T.);
#1225=EDGE_CURVE('',#1509,#1509,#117,.T.);
#1226=EDGE_CURVE('',#1510,#1510,#118,.T.);
#1227=EDGE_CURVE('',#1511,#1511,#119,.T.);
#1228=EDGE_CURVE('',#1512,#1512,#120,.T.);
#1229=EDGE_CURVE('',#1513,#1513,#121,.T.);
#1230=EDGE_CURVE('',#1514,#1514,#122,.T.);
#1231=EDGE_CURVE('',#1515,#1515,#123,.T.);
#1232=EDGE_CURVE('',#1516,#1517,#1772,.T.);
#1233=EDGE_CURVE('',#1517,#1518,#1773,.T.);
#1234=EDGE_CURVE('',#1519,#1518,#1774,.T.);
#1235=EDGE_CURVE('',#1516,#1519,#1775,.T.);
#1236=EDGE_CURVE('',#1517,#1520,#124,.T.);
#1237=EDGE_CURVE('',#1520,#1521,#1776,.T.);
#1238=EDGE_CURVE('',#1518,#1521,#125,.T.);
#1239=EDGE_CURVE('',#1520,#1522,#1777,.T.);
#1240=EDGE_CURVE('',#1522,#1523,#1778,.T.);
#1241=EDGE_CURVE('',#1521,#1523,#1779,.T.);
#1242=EDGE_CURVE('',#1522,#1516,#126,.T.);
#1243=EDGE_CURVE('',#1523,#1519,#127,.T.);
#1244=EDGE_CURVE('',#1524,#1524,#128,.T.);
#1245=EDGE_CURVE('',#1525,#1525,#129,.T.);
#1246=EDGE_CURVE('',#1526,#1526,#130,.T.);
#1247=EDGE_CURVE('',#1527,#1527,#131,.T.);
#1248=EDGE_CURVE('',#1528,#1529,#1780,.T.);
#1249=EDGE_CURVE('',#1529,#1530,#1781,.T.);
#1250=EDGE_CURVE('',#1531,#1530,#1782,.T.);
#1251=EDGE_CURVE('',#1528,#1531,#1783,.T.);
#1252=EDGE_CURVE('',#1529,#1532,#132,.T.);
#1253=EDGE_CURVE('',#1532,#1533,#1784,.T.);
#1254=EDGE_CURVE('',#1530,#1533,#133,.T.);
#1255=EDGE_CURVE('',#1532,#1534,#1785,.T.);
#1256=EDGE_CURVE('',#1534,#1535,#1786,.T.);
#1257=EDGE_CURVE('',#1533,#1535,#1787,.T.);
#1258=EDGE_CURVE('',#1534,#1528,#134,.T.);
#1259=EDGE_CURVE('',#1535,#1531,#135,.T.);
#1260=EDGE_CURVE('',#1536,#1536,#136,.T.);
#1261=EDGE_CURVE('',#1537,#1537,#137,.T.);
#1262=EDGE_CURVE('',#1538,#1538,#138,.T.);
#1263=EDGE_CURVE('',#1539,#1539,#139,.T.);
#1264=EDGE_CURVE('',#1540,#1540,#140,.T.);
#1265=EDGE_CURVE('',#1541,#1541,#141,.T.);
#1266=EDGE_CURVE('',#1542,#1542,#142,.T.);
#1267=EDGE_CURVE('',#1543,#1543,#143,.T.);
#1268=EDGE_CURVE('',#1544,#1545,#1788,.T.);
#1269=EDGE_CURVE('',#1545,#1546,#1789,.T.);
#1270=EDGE_CURVE('',#1547,#1546,#1790,.T.);
#1271=EDGE_CURVE('',#1544,#1547,#1791,.T.);
#1272=EDGE_CURVE('',#1545,#1548,#144,.T.);
#1273=EDGE_CURVE('',#1548,#1549,#1792,.T.);
#1274=EDGE_CURVE('',#1546,#1549,#145,.T.);
#1275=EDGE_CURVE('',#1548,#1550,#1793,.T.);
#1276=EDGE_CURVE('',#1550,#1551,#1794,.T.);
#1277=EDGE_CURVE('',#1549,#1551,#1795,.T.);
#1278=EDGE_CURVE('',#1550,#1544,#146,.T.);
#1279=EDGE_CURVE('',#1551,#1547,#147,.T.);
#1280=EDGE_CURVE('',#1552,#1552,#148,.T.);
#1281=EDGE_CURVE('',#1553,#1553,#149,.T.);
#1282=EDGE_CURVE('',#1554,#1554,#150,.T.);
#1283=EDGE_CURVE('',#1555,#1555,#151,.T.);
#1284=EDGE_CURVE('',#1556,#1557,#1796,.T.);
#1285=EDGE_CURVE('',#1557,#1558,#1797,.T.);
#1286=EDGE_CURVE('',#1559,#1558,#1798,.T.);
#1287=EDGE_CURVE('',#1556,#1559,#1799,.T.);
#1288=EDGE_CURVE('',#1557,#1560,#152,.T.);
#1289=EDGE_CURVE('',#1560,#1561,#1800,.T.);
#1290=EDGE_CURVE('',#1558,#1561,#153,.T.);
#1291=EDGE_CURVE('',#1560,#1562,#1801,.T.);
#1292=EDGE_CURVE('',#1562,#1563,#1802,.T.);
#1293=EDGE_CURVE('',#1561,#1563,#1803,.T.);
#1294=EDGE_CURVE('',#1562,#1556,#154,.T.);
#1295=EDGE_CURVE('',#1563,#1559,#155,.T.);
#1296=EDGE_CURVE('',#1564,#1564,#156,.T.);
#1297=EDGE_CURVE('',#1565,#1565,#157,.T.);
#1298=EDGE_CURVE('',#1566,#1566,#158,.T.);
#1299=EDGE_CURVE('',#1567,#1567,#159,.T.);
#1300=EDGE_CURVE('',#1568,#1568,#160,.T.);
#1301=EDGE_CURVE('',#1569,#1569,#161,.T.);
#1302=EDGE_CURVE('',#1570,#1570,#162,.T.);
#1303=EDGE_CURVE('',#1571,#1571,#163,.T.);
#1304=EDGE_CURVE('',#1572,#1572,#164,.T.);
#1305=EDGE_CURVE('',#1573,#1573,#165,.T.);
#1306=EDGE_CURVE('',#1574,#1574,#166,.T.);
#1307=EDGE_CURVE('',#1575,#1575,#167,.T.);
#1308=EDGE_CURVE('',#1576,#1576,#168,.T.);
#1309=EDGE_CURVE('',#1577,#1577,#169,.T.);
#1310=EDGE_CURVE('',#1578,#1578,#170,.T.);
#1311=EDGE_CURVE('',#1579,#1579,#171,.T.);
#1312=EDGE_CURVE('',#1580,#1580,#172,.T.);
#1313=EDGE_CURVE('',#1581,#1581,#173,.T.);
#1314=EDGE_CURVE('',#1582,#1582,#174,.T.);
#1315=EDGE_CURVE('',#1583,#1583,#175,.T.);
#1316=EDGE_CURVE('',#1584,#1585,#1804,.T.);
#1317=EDGE_CURVE('',#1585,#1586,#176,.T.);
#1318=EDGE_CURVE('',#1587,#1586,#1805,.T.);
#1319=EDGE_CURVE('',#1584,#1587,#177,.T.);
#1320=EDGE_CURVE('',#1588,#1589,#1806,.T.);
#1321=EDGE_CURVE('',#1589,#1585,#1807,.T.);
#1322=EDGE_CURVE('',#1588,#1584,#1808,.T.);
#1323=EDGE_CURVE('',#1586,#1590,#1809,.T.);
#1324=EDGE_CURVE('',#1591,#1590,#1810,.T.);
#1325=EDGE_CURVE('',#1587,#1591,#1811,.T.);
#1326=EDGE_CURVE('',#1592,#1593,#1812,.T.);
#1327=EDGE_CURVE('',#1593,#1589,#178,.T.);
#1328=EDGE_CURVE('',#1592,#1588,#179,.T.);
#1329=EDGE_CURVE('',#1590,#1594,#180,.T.);
#1330=EDGE_CURVE('',#1595,#1594,#1813,.T.);
#1331=EDGE_CURVE('',#1591,#1595,#181,.T.);
#1332=EDGE_CURVE('',#1596,#1597,#1814,.T.);
#1333=EDGE_CURVE('',#1597,#1593,#1815,.T.);
#1334=EDGE_CURVE('',#1596,#1592,#1816,.T.);
#1335=EDGE_CURVE('',#1594,#1598,#1817,.T.);
#1336=EDGE_CURVE('',#1599,#1598,#1818,.T.);
#1337=EDGE_CURVE('',#1595,#1599,#1819,.T.);
#1338=EDGE_CURVE('',#1600,#1601,#1820,.T.);
#1339=EDGE_CURVE('',#1601,#1597,#182,.T.);
#1340=EDGE_CURVE('',#1600,#1596,#183,.T.);
#1341=EDGE_CURVE('',#1598,#1602,#184,.T.);
#1342=EDGE_CURVE('',#1603,#1602,#1821,.T.);
#1343=EDGE_CURVE('',#1599,#1603,#185,.T.);
#1344=EDGE_CURVE('',#1604,#1605,#186,.T.);
#1345=EDGE_CURVE('',#1602,#1604,#1822,.T.);
#1346=EDGE_CURVE('',#1605,#1601,#1823,.T.);
#1347=EDGE_CURVE('',#1606,#1600,#1824,.T.);
#1348=EDGE_CURVE('',#1603,#1607,#1825,.T.);
#1349=EDGE_CURVE('',#1607,#1606,#187,.T.);
#1350=EDGE_CURVE('',#1606,#1605,#1826,.T.);
#1351=EDGE_CURVE('',#1607,#1604,#1827,.T.);
#1352=VERTEX_POINT('',#4027);
#1353=VERTEX_POINT('',#4028);
#1354=VERTEX_POINT('',#4030);
#1355=VERTEX_POINT('',#4032);
#1356=VERTEX_POINT('',#4035);
#1357=VERTEX_POINT('',#4036);
#1358=VERTEX_POINT('',#4038);
#1359=VERTEX_POINT('',#4040);
#1360=VERTEX_POINT('',#4044);
#1361=VERTEX_POINT('',#4045);
#1362=VERTEX_POINT('',#4047);
#1363=VERTEX_POINT('',#4049);
#1364=VERTEX_POINT('',#4053);
#1365=VERTEX_POINT('',#4055);
#1366=VERTEX_POINT('',#4059);
#1367=VERTEX_POINT('',#4061);
#1368=VERTEX_POINT('',#4068);
#1369=VERTEX_POINT('',#4069);
#1370=VERTEX_POINT('',#4071);
#1371=VERTEX_POINT('',#4073);
#1372=VERTEX_POINT('',#4077);
#1373=VERTEX_POINT('',#4078);
#1374=VERTEX_POINT('',#4080);
#1375=VERTEX_POINT('',#4082);
#1376=VERTEX_POINT('',#4084);
#1377=VERTEX_POINT('',#4086);
#1378=VERTEX_POINT('',#4088);
#1379=VERTEX_POINT('',#4090);
#1380=VERTEX_POINT('',#4092);
#1381=VERTEX_POINT('',#4094);
#1382=VERTEX_POINT('',#4097);
#1383=VERTEX_POINT('',#4099);
#1384=VERTEX_POINT('',#4101);
#1385=VERTEX_POINT('',#4103);
#1386=VERTEX_POINT('',#4106);
#1387=VERTEX_POINT('',#4107);
#1388=VERTEX_POINT('',#4109);
#1389=VERTEX_POINT('',#4111);
#1390=VERTEX_POINT('',#4115);
#1391=VERTEX_POINT('',#4117);
#1392=VERTEX_POINT('',#4121);
#1393=VERTEX_POINT('',#4123);
#1394=VERTEX_POINT('',#4127);
#1395=VERTEX_POINT('',#4129);
#1396=VERTEX_POINT('',#4133);
#1397=VERTEX_POINT('',#4135);
#1398=VERTEX_POINT('',#4141);
#1399=VERTEX_POINT('',#4145);
#1400=VERTEX_POINT('',#4151);
#1401=VERTEX_POINT('',#4155);
#1402=VERTEX_POINT('',#4163);
#1403=VERTEX_POINT('',#4167);
#1404=VERTEX_POINT('',#4173);
#1405=VERTEX_POINT('',#4174);
#1406=VERTEX_POINT('',#4176);
#1407=VERTEX_POINT('',#4178);
#1408=VERTEX_POINT('',#4182);
#1409=VERTEX_POINT('',#4183);
#1410=VERTEX_POINT('',#4185);
#1411=VERTEX_POINT('',#4187);
#1412=VERTEX_POINT('',#4199);
#1413=VERTEX_POINT('',#4201);
#1414=VERTEX_POINT('',#4205);
#1415=VERTEX_POINT('',#4209);
#1416=VERTEX_POINT('',#4215);
#1417=VERTEX_POINT('',#4216);
#1418=VERTEX_POINT('',#4218);
#1419=VERTEX_POINT('',#4220);
#1420=VERTEX_POINT('',#4224);
#1421=VERTEX_POINT('',#4225);
#1422=VERTEX_POINT('',#4227);
#1423=VERTEX_POINT('',#4229);
#1424=VERTEX_POINT('',#4233);
#1425=VERTEX_POINT('',#4234);
#1426=VERTEX_POINT('',#4236);
#1427=VERTEX_POINT('',#4238);
#1428=VERTEX_POINT('',#4242);
#1429=VERTEX_POINT('',#4243);
#1430=VERTEX_POINT('',#4245);
#1431=VERTEX_POINT('',#4247);
#1432=VERTEX_POINT('',#4251);
#1433=VERTEX_POINT('',#4253);
#1434=VERTEX_POINT('',#4257);
#1435=VERTEX_POINT('',#4261);
#1436=VERTEX_POINT('',#4313);
#1437=VERTEX_POINT('',#4314);
#1438=VERTEX_POINT('',#4316);
#1439=VERTEX_POINT('',#4318);
#1440=VERTEX_POINT('',#4320);
#1441=VERTEX_POINT('',#4322);
#1442=VERTEX_POINT('',#4324);
#1443=VERTEX_POINT('',#4326);
#1444=VERTEX_POINT('',#4330);
#1445=VERTEX_POINT('',#4332);
#1446=VERTEX_POINT('',#4336);
#1447=VERTEX_POINT('',#4340);
#1448=VERTEX_POINT('',#4344);
#1449=VERTEX_POINT('',#4348);
#1450=VERTEX_POINT('',#4352);
#1451=VERTEX_POINT('',#4356);
#1452=VERTEX_POINT('',#4362);
#1453=VERTEX_POINT('',#4363);
#1454=VERTEX_POINT('',#4365);
#1455=VERTEX_POINT('',#4367);
#1456=VERTEX_POINT('',#4369);
#1457=VERTEX_POINT('',#4371);
#1458=VERTEX_POINT('',#4373);
#1459=VERTEX_POINT('',#4375);
#1460=VERTEX_POINT('',#4379);
#1461=VERTEX_POINT('',#4381);
#1462=VERTEX_POINT('',#4385);
#1463=VERTEX_POINT('',#4389);
#1464=VERTEX_POINT('',#4393);
#1465=VERTEX_POINT('',#4397);
#1466=VERTEX_POINT('',#4401);
#1467=VERTEX_POINT('',#4405);
#1468=VERTEX_POINT('',#4411);
#1469=VERTEX_POINT('',#4412);
#1470=VERTEX_POINT('',#4414);
#1471=VERTEX_POINT('',#4416);
#1472=VERTEX_POINT('',#4418);
#1473=VERTEX_POINT('',#4420);
#1474=VERTEX_POINT('',#4422);
#1475=VERTEX_POINT('',#4424);
#1476=VERTEX_POINT('',#4428);
#1477=VERTEX_POINT('',#4430);
#1478=VERTEX_POINT('',#4434);
#1479=VERTEX_POINT('',#4438);
#1480=VERTEX_POINT('',#4442);
#1481=VERTEX_POINT('',#4446);
#1482=VERTEX_POINT('',#4450);
#1483=VERTEX_POINT('',#4454);
#1484=VERTEX_POINT('',#4462);
#1485=VERTEX_POINT('',#4464);
#1486=VERTEX_POINT('',#4467);
#1487=VERTEX_POINT('',#4469);
#1488=VERTEX_POINT('',#4472);
#1489=VERTEX_POINT('',#4474);
#1490=VERTEX_POINT('',#4477);
#1491=VERTEX_POINT('',#4479);
#1492=VERTEX_POINT('',#4482);
#1493=VERTEX_POINT('',#4484);
#1494=VERTEX_POINT('',#4487);
#1495=VERTEX_POINT('',#4489);
#1496=VERTEX_POINT('',#4492);
#1497=VERTEX_POINT('',#4494);
#1498=VERTEX_POINT('',#4497);
#1499=VERTEX_POINT('',#4499);
#1500=VERTEX_POINT('',#4502);
#1501=VERTEX_POINT('',#4504);
#1502=VERTEX_POINT('',#4507);
#1503=VERTEX_POINT('',#4509);
#1504=VERTEX_POINT('',#4512);
#1505=VERTEX_POINT('',#4514);
#1506=VERTEX_POINT('',#4517);
#1507=VERTEX_POINT('',#4519);
#1508=VERTEX_POINT('',#4522);
#1509=VERTEX_POINT('',#4524);
#1510=VERTEX_POINT('',#4527);
#1511=VERTEX_POINT('',#4529);
#1512=VERTEX_POINT('',#4532);
#1513=VERTEX_POINT('',#4534);
#1514=VERTEX_POINT('',#4537);
#1515=VERTEX_POINT('',#4539);
#1516=VERTEX_POINT('',#4542);
#1517=VERTEX_POINT('',#4543);
#1518=VERTEX_POINT('',#4545);
#1519=VERTEX_POINT('',#4547);
#1520=VERTEX_POINT('',#4551);
#1521=VERTEX_POINT('',#4553);
#1522=VERTEX_POINT('',#4557);
#1523=VERTEX_POINT('',#4559);
#1524=VERTEX_POINT('',#4566);
#1525=VERTEX_POINT('',#4568);
#1526=VERTEX_POINT('',#4571);
#1527=VERTEX_POINT('',#4573);
#1528=VERTEX_POINT('',#4576);
#1529=VERTEX_POINT('',#4577);
#1530=VERTEX_POINT('',#4579);
#1531=VERTEX_POINT('',#4581);
#1532=VERTEX_POINT('',#4585);
#1533=VERTEX_POINT('',#4587);
#1534=VERTEX_POINT('',#4591);
#1535=VERTEX_POINT('',#4593);
#1536=VERTEX_POINT('',#4600);
#1537=VERTEX_POINT('',#4602);
#1538=VERTEX_POINT('',#4605);
#1539=VERTEX_POINT('',#4607);
#1540=VERTEX_POINT('',#4610);
#1541=VERTEX_POINT('',#4612);
#1542=VERTEX_POINT('',#4615);
#1543=VERTEX_POINT('',#4617);
#1544=VERTEX_POINT('',#4620);
#1545=VERTEX_POINT('',#4621);
#1546=VERTEX_POINT('',#4623);
#1547=VERTEX_POINT('',#4625);
#1548=VERTEX_POINT('',#4629);
#1549=VERTEX_POINT('',#4631);
#1550=VERTEX_POINT('',#4635);
#1551=VERTEX_POINT('',#4637);
#1552=VERTEX_POINT('',#4644);
#1553=VERTEX_POINT('',#4646);
#1554=VERTEX_POINT('',#4649);
#1555=VERTEX_POINT('',#4651);
#1556=VERTEX_POINT('',#4654);
#1557=VERTEX_POINT('',#4655);
#1558=VERTEX_POINT('',#4657);
#1559=VERTEX_POINT('',#4659);
#1560=VERTEX_POINT('',#4663);
#1561=VERTEX_POINT('',#4665);
#1562=VERTEX_POINT('',#4669);
#1563=VERTEX_POINT('',#4671);
#1564=VERTEX_POINT('',#4678);
#1565=VERTEX_POINT('',#4680);
#1566=VERTEX_POINT('',#4683);
#1567=VERTEX_POINT('',#4685);
#1568=VERTEX_POINT('',#4688);
#1569=VERTEX_POINT('',#4690);
#1570=VERTEX_POINT('',#4693);
#1571=VERTEX_POINT('',#4695);
#1572=VERTEX_POINT('',#4698);
#1573=VERTEX_POINT('',#4700);
#1574=VERTEX_POINT('',#4703);
#1575=VERTEX_POINT('',#4705);
#1576=VERTEX_POINT('',#4708);
#1577=VERTEX_POINT('',#4710);
#1578=VERTEX_POINT('',#4713);
#1579=VERTEX_POINT('',#4715);
#1580=VERTEX_POINT('',#4718);
#1581=VERTEX_POINT('',#4720);
#1582=VERTEX_POINT('',#4723);
#1583=VERTEX_POINT('',#4725);
#1584=VERTEX_POINT('',#4728);
#1585=VERTEX_POINT('',#4729);
#1586=VERTEX_POINT('',#4731);
#1587=VERTEX_POINT('',#4733);
#1588=VERTEX_POINT('',#4737);
#1589=VERTEX_POINT('',#4738);
#1590=VERTEX_POINT('',#4743);
#1591=VERTEX_POINT('',#4745);
#1592=VERTEX_POINT('',#4749);
#1593=VERTEX_POINT('',#4750);
#1594=VERTEX_POINT('',#4755);
#1595=VERTEX_POINT('',#4757);
#1596=VERTEX_POINT('',#4761);
#1597=VERTEX_POINT('',#4762);
#1598=VERTEX_POINT('',#4767);
#1599=VERTEX_POINT('',#4769);
#1600=VERTEX_POINT('',#4773);
#1601=VERTEX_POINT('',#4774);
#1602=VERTEX_POINT('',#4779);
#1603=VERTEX_POINT('',#4781);
#1604=VERTEX_POINT('',#4785);
#1605=VERTEX_POINT('',#4786);
#1606=VERTEX_POINT('',#4791);
#1607=VERTEX_POINT('',#4793);
#1608=LINE('',#4026,#1828);
#1609=LINE('',#4029,#1829);
#1610=LINE('',#4031,#1830);
#1611=LINE('',#4033,#1831);
#1612=LINE('',#4034,#1832);
#1613=LINE('',#4037,#1833);
#1614=LINE('',#4039,#1834);
#1615=LINE('',#4041,#1835);
#1616=LINE('',#4043,#1836);
#1617=LINE('',#4046,#1837);
#1618=LINE('',#4048,#1838);
#1619=LINE('',#4050,#1839);
#1620=LINE('',#4052,#1840);
#1621=LINE('',#4054,#1841);
#1622=LINE('',#4056,#1842);
#1623=LINE('',#4058,#1843);
#1624=LINE('',#4060,#1844);
#1625=LINE('',#4062,#1845);
#1626=LINE('',#4064,#1846);
#1627=LINE('',#4065,#1847);
#1628=LINE('',#4067,#1848);
#1629=LINE('',#4070,#1849);
#1630=LINE('',#4072,#1850);
#1631=LINE('',#4074,#1851);
#1632=LINE('',#4076,#1852);
#1633=LINE('',#4079,#1853);
#1634=LINE('',#4081,#1854);
#1635=LINE('',#4083,#1855);
#1636=LINE('',#4085,#1856);
#1637=LINE('',#4087,#1857);
#1638=LINE('',#4089,#1858);
#1639=LINE('',#4091,#1859);
#1640=LINE('',#4093,#1860);
#1641=LINE('',#4095,#1861);
#1642=LINE('',#4096,#1862);
#1643=LINE('',#4098,#1863);
#1644=LINE('',#4100,#1864);
#1645=LINE('',#4102,#1865);
#1646=LINE('',#4104,#1866);
#1647=LINE('',#4105,#1867);
#1648=LINE('',#4108,#1868);
#1649=LINE('',#4110,#1869);
#1650=LINE('',#4112,#1870);
#1651=LINE('',#4114,#1871);
#1652=LINE('',#4116,#1872);
#1653=LINE('',#4118,#1873);
#1654=LINE('',#4120,#1874);
#1655=LINE('',#4122,#1875);
#1656=LINE('',#4124,#1876);
#1657=LINE('',#4126,#1877);
#1658=LINE('',#4128,#1878);
#1659=LINE('',#4130,#1879);
#1660=LINE('',#4132,#1880);
#1661=LINE('',#4134,#1881);
#1662=LINE('',#4136,#1882);
#1663=LINE('',#4138,#1883);
#1664=LINE('',#4140,#1884);
#1665=LINE('',#4142,#1885);
#1666=LINE('',#4144,#1886);
#1667=LINE('',#4146,#1887);
#1668=LINE('',#4148,#1888);
#1669=LINE('',#4150,#1889);
#1670=LINE('',#4152,#1890);
#1671=LINE('',#4154,#1891);
#1672=LINE('',#4156,#1892);
#1673=LINE('',#4158,#1893);
#1674=LINE('',#4160,#1894);
#1675=LINE('',#4162,#1895);
#1676=LINE('',#4164,#1896);
#1677=LINE('',#4166,#1897);
#1678=LINE('',#4168,#1898);
#1679=LINE('',#4170,#1899);
#1680=LINE('',#4172,#1900);
#1681=LINE('',#4175,#1901);
#1682=LINE('',#4177,#1902);
#1683=LINE('',#4179,#1903);
#1684=LINE('',#4181,#1904);
#1685=LINE('',#4184,#1905);
#1686=LINE('',#4186,#1906);
#1687=LINE('',#4188,#1907);
#1688=LINE('',#4190,#1908);
#1689=LINE('',#4191,#1909);
#1690=LINE('',#4193,#1910);
#1691=LINE('',#4195,#1911);
#1692=LINE('',#4198,#1912);
#1693=LINE('',#4200,#1913);
#1694=LINE('',#4202,#1914);
#1695=LINE('',#4204,#1915);
#1696=LINE('',#4206,#1916);
#1697=LINE('',#4208,#1917);
#1698=LINE('',#4210,#1918);
#1699=LINE('',#4212,#1919);
#1700=LINE('',#4214,#1920);
#1701=LINE('',#4217,#1921);
#1702=LINE('',#4219,#1922);
#1703=LINE('',#4221,#1923);
#1704=LINE('',#4223,#1924);
#1705=LINE('',#4226,#1925);
#1706=LINE('',#4228,#1926);
#1707=LINE('',#4230,#1927);
#1708=LINE('',#4232,#1928);
#1709=LINE('',#4235,#1929);
#1710=LINE('',#4237,#1930);
#1711=LINE('',#4239,#1931);
#1712=LINE('',#4241,#1932);
#1713=LINE('',#4244,#1933);
#1714=LINE('',#4246,#1934);
#1715=LINE('',#4248,#1935);
#1716=LINE('',#4250,#1936);
#1717=LINE('',#4252,#1937);
#1718=LINE('',#4254,#1938);
#1719=LINE('',#4256,#1939);
#1720=LINE('',#4258,#1940);
#1721=LINE('',#4260,#1941);
#1722=LINE('',#4262,#1942);
#1723=LINE('',#4264,#1943);
#1724=LINE('',#4312,#1944);
#1725=LINE('',#4317,#1945);
#1726=LINE('',#4321,#1946);
#1727=LINE('',#4325,#1947);
#1728=LINE('',#4329,#1948);
#1729=LINE('',#4331,#1949);
#1730=LINE('',#4333,#1950);
#1731=LINE('',#4337,#1951);
#1732=LINE('',#4339,#1952);
#1733=LINE('',#4343,#1953);
#1734=LINE('',#4345,#1954);
#1735=LINE('',#4347,#1955);
#1736=LINE('',#4349,#1956);
#1737=LINE('',#4351,#1957);
#1738=LINE('',#4357,#1958);
#1739=LINE('',#4359,#1959);
#1740=LINE('',#4361,#1960);
#1741=LINE('',#4366,#1961);
#1742=LINE('',#4370,#1962);
#1743=LINE('',#4374,#1963);
#1744=LINE('',#4378,#1964);
#1745=LINE('',#4380,#1965);
#1746=LINE('',#4382,#1966);
#1747=LINE('',#4384,#1967);
#1748=LINE('',#4388,#1968);
#1749=LINE('',#4390,#1969);
#1750=LINE('',#4394,#1970);
#1751=LINE('',#4396,#1971);
#1752=LINE('',#4398,#1972);
#1753=LINE('',#4400,#1973);
#1754=LINE('',#4404,#1974);
#1755=LINE('',#4406,#1975);
#1756=LINE('',#4410,#1976);
#1757=LINE('',#4415,#1977);
#1758=LINE('',#4419,#1978);
#1759=LINE('',#4423,#1979);
#1760=LINE('',#4427,#1980);
#1761=LINE('',#4429,#1981);
#1762=LINE('',#4431,#1982);
#1763=LINE('',#4435,#1983);
#1764=LINE('',#4437,#1984);
#1765=LINE('',#4441,#1985);
#1766=LINE('',#4443,#1986);
#1767=LINE('',#4445,#1987);
#1768=LINE('',#4447,#1988);
#1769=LINE('',#4449,#1989);
#1770=LINE('',#4455,#1990);
#1771=LINE('',#4457,#1991);
#1772=LINE('',#4541,#1992);
#1773=LINE('',#4544,#1993);
#1774=LINE('',#4546,#1994);
#1775=LINE('',#4548,#1995);
#1776=LINE('',#4552,#1996);
#1777=LINE('',#4556,#1997);
#1778=LINE('',#4558,#1998);
#1779=LINE('',#4560,#1999);
#1780=LINE('',#4575,#2000);
#1781=LINE('',#4578,#2001);
#1782=LINE('',#4580,#2002);
#1783=LINE('',#4582,#2003);
#1784=LINE('',#4586,#2004);
#1785=LINE('',#4590,#2005);
#1786=LINE('',#4592,#2006);
#1787=LINE('',#4594,#2007);
#1788=LINE('',#4619,#2008);
#1789=LINE('',#4622,#2009);
#1790=LINE('',#4624,#2010);
#1791=LINE('',#4626,#2011);
#1792=LINE('',#4630,#2012);
#1793=LINE('',#4634,#2013);
#1794=LINE('',#4636,#2014);
#1795=LINE('',#4638,#2015);
#1796=LINE('',#4653,#2016);
#1797=LINE('',#4656,#2017);
#1798=LINE('',#4658,#2018);
#1799=LINE('',#4660,#2019);
#1800=LINE('',#4664,#2020);
#1801=LINE('',#4668,#2021);
#1802=LINE('',#4670,#2022);
#1803=LINE('',#4672,#2023);
#1804=LINE('',#4727,#2024);
#1805=LINE('',#4732,#2025);
#1806=LINE('',#4736,#2026);
#1807=LINE('',#4739,#2027);
#1808=LINE('',#4740,#2028);
#1809=LINE('',#4742,#2029);
#1810=LINE('',#4744,#2030);
#1811=LINE('',#4746,#2031);
#1812=LINE('',#4748,#2032);
#1813=LINE('',#4756,#2033);
#1814=LINE('',#4760,#2034);
#1815=LINE('',#4763,#2035);
#1816=LINE('',#4764,#2036);
#1817=LINE('',#4766,#2037);
#1818=LINE('',#4768,#2038);
#1819=LINE('',#4770,#2039);
#1820=LINE('',#4772,#2040);
#1821=LINE('',#4780,#2041);
#1822=LINE('',#4787,#2042);
#1823=LINE('',#4788,#2043);
#1824=LINE('',#4790,#2044);
#1825=LINE('',#4792,#2045);
#1826=LINE('',#4796,#2046);
#1827=LINE('',#4798,#2047);
#1828=VECTOR('',#3206,1.);
#1829=VECTOR('',#3207,1.);
#1830=VECTOR('',#3208,1.);
#1831=VECTOR('',#3209,1.);
#1832=VECTOR('',#3210,1.);
#1833=VECTOR('',#3211,1.);
#1834=VECTOR('',#3212,1.);
#1835=VECTOR('',#3213,1.);
#1836=VECTOR('',#3216,1.);
#1837=VECTOR('',#3217,1.);
#1838=VECTOR('',#3218,1.);
#1839=VECTOR('',#3219,1.);
#1840=VECTOR('',#3222,1.);
#1841=VECTOR('',#3223,1.);
#1842=VECTOR('',#3224,1.);
#1843=VECTOR('',#3227,1.);
#1844=VECTOR('',#3228,1.);
#1845=VECTOR('',#3229,1.);
#1846=VECTOR('',#3232,1.);
#1847=VECTOR('',#3233,1.);
#1848=VECTOR('',#3236,1.);
#1849=VECTOR('',#3237,1.);
#1850=VECTOR('',#3238,1.);
#1851=VECTOR('',#3239,1.);
#1852=VECTOR('',#3242,1.);
#1853=VECTOR('',#3243,1.);
#1854=VECTOR('',#3244,1.);
#1855=VECTOR('',#3245,1.);
#1856=VECTOR('',#3246,1.);
#1857=VECTOR('',#3247,1.);
#1858=VECTOR('',#3248,1.);
#1859=VECTOR('',#3249,1.);
#1860=VECTOR('',#3250,1.);
#1861=VECTOR('',#3251,1.);
#1862=VECTOR('',#3252,1.);
#1863=VECTOR('',#3253,1.);
#1864=VECTOR('',#3254,1.);
#1865=VECTOR('',#3255,1.);
#1866=VECTOR('',#3256,1.);
#1867=VECTOR('',#3257,1.);
#1868=VECTOR('',#3258,1.);
#1869=VECTOR('',#3259,1.);
#1870=VECTOR('',#3260,1.);
#1871=VECTOR('',#3263,1.);
#1872=VECTOR('',#3264,1.);
#1873=VECTOR('',#3265,1.);
#1874=VECTOR('',#3268,1.);
#1875=VECTOR('',#3269,1.);
#1876=VECTOR('',#3270,1.);
#1877=VECTOR('',#3273,1.);
#1878=VECTOR('',#3274,1.);
#1879=VECTOR('',#3275,1.);
#1880=VECTOR('',#3278,1.);
#1881=VECTOR('',#3279,1.);
#1882=VECTOR('',#3280,1.);
#1883=VECTOR('',#3283,1.);
#1884=VECTOR('',#3286,1.);
#1885=VECTOR('',#3287,1.);
#1886=VECTOR('',#3290,1.);
#1887=VECTOR('',#3291,1.);
#1888=VECTOR('',#3294,1.);
#1889=VECTOR('',#3297,1.);
#1890=VECTOR('',#3298,1.);
#1891=VECTOR('',#3301,1.);
#1892=VECTOR('',#3302,1.);
#1893=VECTOR('',#3305,1.);
#1894=VECTOR('',#3308,1.);
#1895=VECTOR('',#3311,1.);
#1896=VECTOR('',#3312,1.);
#1897=VECTOR('',#3315,1.);
#1898=VECTOR('',#3316,1.);
#1899=VECTOR('',#3319,1.);
#1900=VECTOR('',#3322,1.);
#1901=VECTOR('',#3323,1.);
#1902=VECTOR('',#3324,1.);
#1903=VECTOR('',#3325,1.);
#1904=VECTOR('',#3328,1.);
#1905=VECTOR('',#3329,1.);
#1906=VECTOR('',#3330,1.);
#1907=VECTOR('',#3331,1.);
#1908=VECTOR('',#3334,1.);
#1909=VECTOR('',#3335,1.);
#1910=VECTOR('',#3338,1.);
#1911=VECTOR('',#3341,1.);
#1912=VECTOR('',#3346,1.);
#1913=VECTOR('',#3347,1.);
#1914=VECTOR('',#3348,1.);
#1915=VECTOR('',#3351,1.);
#1916=VECTOR('',#3352,1.);
#1917=VECTOR('',#3355,1.);
#1918=VECTOR('',#3356,1.);
#1919=VECTOR('',#3359,1.);
#1920=VECTOR('',#3362,1.);
#1921=VECTOR('',#3363,1.);
#1922=VECTOR('',#3364,1.);
#1923=VECTOR('',#3365,1.);
#1924=VECTOR('',#3368,1.);
#1925=VECTOR('',#3369,1.);
#1926=VECTOR('',#3370,1.);
#1927=VECTOR('',#3371,1.);
#1928=VECTOR('',#3374,1.);
#1929=VECTOR('',#3375,1.);
#1930=VECTOR('',#3376,1.);
#1931=VECTOR('',#3377,1.);
#1932=VECTOR('',#3380,1.);
#1933=VECTOR('',#3381,1.);
#1934=VECTOR('',#3382,1.);
#1935=VECTOR('',#3383,1.);
#1936=VECTOR('',#3386,1.);
#1937=VECTOR('',#3387,1.);
#1938=VECTOR('',#3388,1.);
#1939=VECTOR('',#3391,1.);
#1940=VECTOR('',#3392,1.);
#1941=VECTOR('',#3395,1.);
#1942=VECTOR('',#3396,1.);
#1943=VECTOR('',#3399,1.);
#1944=VECTOR('',#3494,1.);
#1945=VECTOR('',#3497,1.);
#1946=VECTOR('',#3500,1.);
#1947=VECTOR('',#3503,1.);
#1948=VECTOR('',#3508,1.);
#1949=VECTOR('',#3509,1.);
#1950=VECTOR('',#3510,1.);
#1951=VECTOR('',#3515,1.);
#1952=VECTOR('',#3518,1.);
#1953=VECTOR('',#3523,1.);
#1954=VECTOR('',#3524,1.);
#1955=VECTOR('',#3527,1.);
#1956=VECTOR('',#3528,1.);
#1957=VECTOR('',#3531,1.);
#1958=VECTOR('',#3538,1.);
#1959=VECTOR('',#3541,1.);
#1960=VECTOR('',#3544,1.);
#1961=VECTOR('',#3547,1.);
#1962=VECTOR('',#3550,1.);
#1963=VECTOR('',#3553,1.);
#1964=VECTOR('',#3558,1.);
#1965=VECTOR('',#3559,1.);
#1966=VECTOR('',#3560,1.);
#1967=VECTOR('',#3563,1.);
#1968=VECTOR('',#3568,1.);
#1969=VECTOR('',#3569,1.);
#1970=VECTOR('',#3574,1.);
#1971=VECTOR('',#3577,1.);
#1972=VECTOR('',#3578,1.);
#1973=VECTOR('',#3581,1.);
#1974=VECTOR('',#3586,1.);
#1975=VECTOR('',#3587,1.);
#1976=VECTOR('',#3594,1.);
#1977=VECTOR('',#3597,1.);
#1978=VECTOR('',#3600,1.);
#1979=VECTOR('',#3603,1.);
#1980=VECTOR('',#3608,1.);
#1981=VECTOR('',#3609,1.);
#1982=VECTOR('',#3610,1.);
#1983=VECTOR('',#3615,1.);
#1984=VECTOR('',#3618,1.);
#1985=VECTOR('',#3623,1.);
#1986=VECTOR('',#3624,1.);
#1987=VECTOR('',#3627,1.);
#1988=VECTOR('',#3628,1.);
#1989=VECTOR('',#3631,1.);
#1990=VECTOR('',#3638,1.);
#1991=VECTOR('',#3641,1.);
#1992=VECTOR('',#3744,1.);
#1993=VECTOR('',#3745,1.);
#1994=VECTOR('',#3746,1.);
#1995=VECTOR('',#3747,1.);
#1996=VECTOR('',#3752,1.);
#1997=VECTOR('',#3757,1.);
#1998=VECTOR('',#3758,1.);
#1999=VECTOR('',#3759,1.);
#2000=VECTOR('',#3780,1.);
#2001=VECTOR('',#3781,1.);
#2002=VECTOR('',#3782,1.);
#2003=VECTOR('',#3783,1.);
#2004=VECTOR('',#3788,1.);
#2005=VECTOR('',#3793,1.);
#2006=VECTOR('',#3794,1.);
#2007=VECTOR('',#3795,1.);
#2008=VECTOR('',#3828,1.);
#2009=VECTOR('',#3829,1.);
#2010=VECTOR('',#3830,1.);
#2011=VECTOR('',#3831,1.);
#2012=VECTOR('',#3836,1.);
#2013=VECTOR('',#3841,1.);
#2014=VECTOR('',#3842,1.);
#2015=VECTOR('',#3843,1.);
#2016=VECTOR('',#3864,1.);
#2017=VECTOR('',#3865,1.);
#2018=VECTOR('',#3866,1.);
#2019=VECTOR('',#3867,1.);
#2020=VECTOR('',#3872,1.);
#2021=VECTOR('',#3877,1.);
#2022=VECTOR('',#3878,1.);
#2023=VECTOR('',#3879,1.);
#2024=VECTOR('',#3948,1.);
#2025=VECTOR('',#3951,1.);
#2026=VECTOR('',#3956,1.);
#2027=VECTOR('',#3957,1.);
#2028=VECTOR('',#3958,1.);
#2029=VECTOR('',#3961,1.);
#2030=VECTOR('',#3962,1.);
#2031=VECTOR('',#3963,1.);
#2032=VECTOR('',#3966,1.);
#2033=VECTOR('',#3975,1.);
#2034=VECTOR('',#3980,1.);
#2035=VECTOR('',#3981,1.);
#2036=VECTOR('',#3982,1.);
#2037=VECTOR('',#3985,1.);
#2038=VECTOR('',#3986,1.);
#2039=VECTOR('',#3987,1.);
#2040=VECTOR('',#3990,1.);
#2041=VECTOR('',#3999,1.);
#2042=VECTOR('',#4006,1.);
#2043=VECTOR('',#4007,1.);
#2044=VECTOR('',#4010,1.);
#2045=VECTOR('',#4011,1.);
#2046=VECTOR('',#4016,1.);
#2047=VECTOR('',#4019,1.);
#2048=EDGE_LOOP('',(#260,#261,#262,#263));
#2049=EDGE_LOOP('',(#264,#265,#266,#267));
#2050=EDGE_LOOP('',(#268,#269,#270,#271));
#2051=EDGE_LOOP('',(#272,#273,#274,#275));
#2052=EDGE_LOOP('',(#276,#277,#278,#279));
#2053=EDGE_LOOP('',(#280,#281,#282,#283));
#2054=EDGE_LOOP('',(#284,#285,#286,#287));
#2055=EDGE_LOOP('',(#288,#289,#290,#291));
#2056=EDGE_LOOP('',(#292,#293,#294,#295,#296,#297,#298,#299,#300,#301,#302,
#303,#304,#305,#306,#307));
#2057=EDGE_LOOP('',(#308,#309,#310,#311));
#2058=EDGE_LOOP('',(#312,#313,#314,#315));
#2059=EDGE_LOOP('',(#316,#317,#318,#319));
#2060=EDGE_LOOP('',(#320,#321,#322,#323));
#2061=EDGE_LOOP('',(#324,#325,#326,#327));
#2062=EDGE_LOOP('',(#328,#329,#330,#331));
#2063=EDGE_LOOP('',(#332,#333,#334,#335));
#2064=EDGE_LOOP('',(#336,#337,#338,#339));
#2065=EDGE_LOOP('',(#340,#341,#342,#343));
#2066=EDGE_LOOP('',(#344,#345,#346,#347));
#2067=EDGE_LOOP('',(#348,#349,#350,#351));
#2068=EDGE_LOOP('',(#352,#353,#354,#355));
#2069=EDGE_LOOP('',(#356,#357,#358,#359));
#2070=EDGE_LOOP('',(#360,#361,#362,#363));
#2071=EDGE_LOOP('',(#364,#365,#366,#367));
#2072=EDGE_LOOP('',(#368,#369,#370,#371));
#2073=EDGE_LOOP('',(#372,#373,#374,#375,#376,#377,#378,#379,#380,#381,#382,
#383,#384,#385,#386,#387));
#2074=EDGE_LOOP('',(#388,#389,#390,#391));
#2075=EDGE_LOOP('',(#392,#393,#394,#395));
#2076=EDGE_LOOP('',(#396,#397,#398,#399));
#2077=EDGE_LOOP('',(#400,#401,#402,#403));
#2078=EDGE_LOOP('',(#404,#405,#406,#407));
#2079=EDGE_LOOP('',(#408,#409,#410,#411));
#2080=EDGE_LOOP('',(#412,#413,#414,#415));
#2081=EDGE_LOOP('',(#416,#417,#418,#419));
#2082=EDGE_LOOP('',(#420,#421,#422,#423));
#2083=EDGE_LOOP('',(#424,#425,#426,#427));
#2084=EDGE_LOOP('',(#428,#429,#430,#431));
#2085=EDGE_LOOP('',(#432,#433,#434,#435));
#2086=EDGE_LOOP('',(#436,#437,#438,#439));
#2087=EDGE_LOOP('',(#440,#441,#442,#443));
#2088=EDGE_LOOP('',(#444,#445,#446,#447));
#2089=EDGE_LOOP('',(#448,#449,#450,#451));
#2090=EDGE_LOOP('',(#452,#453,#454,#455));
#2091=EDGE_LOOP('',(#456,#457,#458,#459));
#2092=EDGE_LOOP('',(#460,#461,#462,#463));
#2093=EDGE_LOOP('',(#464,#465,#466,#467));
#2094=EDGE_LOOP('',(#468,#469,#470,#471));
#2095=EDGE_LOOP('',(#472,#473,#474));
#2096=EDGE_LOOP('',(#475,#476,#477));
#2097=EDGE_LOOP('',(#478,#479,#480,#481));
#2098=EDGE_LOOP('',(#482,#483,#484,#485));
#2099=EDGE_LOOP('',(#486,#487,#488,#489));
#2100=EDGE_LOOP('',(#490,#491,#492,#493));
#2101=EDGE_LOOP('',(#494,#495,#496,#497));
#2102=EDGE_LOOP('',(#498,#499,#500,#501));
#2103=EDGE_LOOP('',(#502,#503,#504));
#2104=EDGE_LOOP('',(#505,#506,#507));
#2105=EDGE_LOOP('',(#508,#509,#510));
#2106=EDGE_LOOP('',(#511,#512,#513));
#2107=EDGE_LOOP('',(#514,#515,#516,#517));
#2108=EDGE_LOOP('',(#518,#519,#520,#521));
#2109=EDGE_LOOP('',(#522,#523,#524,#525));
#2110=EDGE_LOOP('',(#526,#527,#528,#529));
#2111=EDGE_LOOP('',(#530,#531,#532));
#2112=EDGE_LOOP('',(#533,#534,#535));
#2113=EDGE_LOOP('',(#536,#537,#538,#539));
#2114=EDGE_LOOP('',(#540,#541,#542,#543,#544,#545,#546,#547));
#2115=EDGE_LOOP('',(#548,#549,#550,#551));
#2116=EDGE_LOOP('',(#552,#553,#554,#555));
#2117=EDGE_LOOP('',(#556,#557,#558,#559));
#2118=EDGE_LOOP('',(#560,#561,#562,#563));
#2119=EDGE_LOOP('',(#564,#565,#566,#567));
#2120=EDGE_LOOP('',(#568,#569,#570,#571));
#2121=EDGE_LOOP('',(#572,#573,#574,#575));
#2122=EDGE_LOOP('',(#576,#577,#578,#579));
#2123=EDGE_LOOP('',(#580,#581,#582,#583,#584,#585,#586,#587));
#2124=EDGE_LOOP('',(#588,#589,#590,#591,#592,#593,#594,#595));
#2125=EDGE_LOOP('',(#596,#597,#598,#599));
#2126=EDGE_LOOP('',(#600,#601,#602,#603));
#2127=EDGE_LOOP('',(#604,#605,#606,#607));
#2128=EDGE_LOOP('',(#608,#609,#610,#611));
#2129=EDGE_LOOP('',(#612,#613,#614,#615));
#2130=EDGE_LOOP('',(#616,#617,#618,#619));
#2131=EDGE_LOOP('',(#620,#621,#622,#623));
#2132=EDGE_LOOP('',(#624,#625,#626,#627));
#2133=EDGE_LOOP('',(#628,#629,#630,#631,#632,#633,#634,#635));
#2134=EDGE_LOOP('',(#636,#637,#638,#639,#640,#641,#642,#643));
#2135=EDGE_LOOP('',(#644,#645,#646,#647));
#2136=EDGE_LOOP('',(#648,#649,#650,#651));
#2137=EDGE_LOOP('',(#652,#653,#654,#655));
#2138=EDGE_LOOP('',(#656,#657,#658,#659));
#2139=EDGE_LOOP('',(#660,#661,#662,#663));
#2140=EDGE_LOOP('',(#664,#665,#666,#667));
#2141=EDGE_LOOP('',(#668,#669,#670,#671));
#2142=EDGE_LOOP('',(#672,#673,#674,#675));
#2143=EDGE_LOOP('',(#676,#677,#678,#679,#680,#681,#682,#683));
#2144=EDGE_LOOP('',(#684));
#2145=EDGE_LOOP('',(#685));
#2146=EDGE_LOOP('',(#686));
#2147=EDGE_LOOP('',(#687));
#2148=EDGE_LOOP('',(#688));
#2149=EDGE_LOOP('',(#689));
#2150=EDGE_LOOP('',(#690));
#2151=EDGE_LOOP('',(#691));
#2152=EDGE_LOOP('',(#692));
#2153=EDGE_LOOP('',(#693));
#2154=EDGE_LOOP('',(#694));
#2155=EDGE_LOOP('',(#695));
#2156=EDGE_LOOP('',(#696));
#2157=EDGE_LOOP('',(#697));
#2158=EDGE_LOOP('',(#698));
#2159=EDGE_LOOP('',(#699));
#2160=EDGE_LOOP('',(#700));
#2161=EDGE_LOOP('',(#701));
#2162=EDGE_LOOP('',(#702));
#2163=EDGE_LOOP('',(#703));
#2164=EDGE_LOOP('',(#704));
#2165=EDGE_LOOP('',(#705));
#2166=EDGE_LOOP('',(#706));
#2167=EDGE_LOOP('',(#707));
#2168=EDGE_LOOP('',(#708));
#2169=EDGE_LOOP('',(#709));
#2170=EDGE_LOOP('',(#710));
#2171=EDGE_LOOP('',(#711));
#2172=EDGE_LOOP('',(#712));
#2173=EDGE_LOOP('',(#713));
#2174=EDGE_LOOP('',(#714));
#2175=EDGE_LOOP('',(#715));
#2176=EDGE_LOOP('',(#716,#717,#718,#719));
#2177=EDGE_LOOP('',(#720,#721,#722,#723));
#2178=EDGE_LOOP('',(#724,#725,#726,#727));
#2179=EDGE_LOOP('',(#728,#729,#730,#731));
#2180=EDGE_LOOP('',(#732));
#2181=EDGE_LOOP('',(#733));
#2182=EDGE_LOOP('',(#734));
#2183=EDGE_LOOP('',(#735));
#2184=EDGE_LOOP('',(#736,#737,#738,#739));
#2185=EDGE_LOOP('',(#740,#741,#742,#743));
#2186=EDGE_LOOP('',(#744,#745,#746,#747));
#2187=EDGE_LOOP('',(#748,#749,#750,#751));
#2188=EDGE_LOOP('',(#752));
#2189=EDGE_LOOP('',(#753));
#2190=EDGE_LOOP('',(#754));
#2191=EDGE_LOOP('',(#755));
#2192=EDGE_LOOP('',(#756));
#2193=EDGE_LOOP('',(#757));
#2194=EDGE_LOOP('',(#758));
#2195=EDGE_LOOP('',(#759));
#2196=EDGE_LOOP('',(#760,#761,#762,#763));
#2197=EDGE_LOOP('',(#764,#765,#766,#767));
#2198=EDGE_LOOP('',(#768,#769,#770,#771));
#2199=EDGE_LOOP('',(#772,#773,#774,#775));
#2200=EDGE_LOOP('',(#776));
#2201=EDGE_LOOP('',(#777));
#2202=EDGE_LOOP('',(#778));
#2203=EDGE_LOOP('',(#779));
#2204=EDGE_LOOP('',(#780,#781,#782,#783));
#2205=EDGE_LOOP('',(#784,#785,#786,#787));
#2206=EDGE_LOOP('',(#788,#789,#790,#791));
#2207=EDGE_LOOP('',(#792,#793,#794,#795));
#2208=EDGE_LOOP('',(#796));
#2209=EDGE_LOOP('',(#797));
#2210=EDGE_LOOP('',(#798));
#2211=EDGE_LOOP('',(#799));
#2212=EDGE_LOOP('',(#800));
#2213=EDGE_LOOP('',(#801));
#2214=EDGE_LOOP('',(#802));
#2215=EDGE_LOOP('',(#803));
#2216=EDGE_LOOP('',(#804));
#2217=EDGE_LOOP('',(#805));
#2218=EDGE_LOOP('',(#806));
#2219=EDGE_LOOP('',(#807));
#2220=EDGE_LOOP('',(#808));
#2221=EDGE_LOOP('',(#809));
#2222=EDGE_LOOP('',(#810));
#2223=EDGE_LOOP('',(#811));
#2224=EDGE_LOOP('',(#812));
#2225=EDGE_LOOP('',(#813));
#2226=EDGE_LOOP('',(#814));
#2227=EDGE_LOOP('',(#815));
#2228=EDGE_LOOP('',(#816,#817,#818,#819));
#2229=EDGE_LOOP('',(#820,#821,#822,#823));
#2230=EDGE_LOOP('',(#824,#825,#826,#827));
#2231=EDGE_LOOP('',(#828,#829,#830,#831));
#2232=EDGE_LOOP('',(#832,#833,#834,#835));
#2233=EDGE_LOOP('',(#836,#837,#838,#839));
#2234=EDGE_LOOP('',(#840,#841,#842,#843));
#2235=EDGE_LOOP('',(#844,#845,#846,#847));
#2236=EDGE_LOOP('',(#848,#849,#850,#851));
#2237=EDGE_LOOP('',(#852));
#2238=EDGE_LOOP('',(#853));
#2239=EDGE_LOOP('',(#854));
#2240=EDGE_LOOP('',(#855));
#2241=EDGE_LOOP('',(#856));
#2242=EDGE_LOOP('',(#857));
#2243=EDGE_LOOP('',(#858));
#2244=EDGE_LOOP('',(#859));
#2245=EDGE_LOOP('',(#860));
#2246=EDGE_LOOP('',(#861));
#2247=EDGE_LOOP('',(#862));
#2248=EDGE_LOOP('',(#863));
#2249=EDGE_LOOP('',(#864));
#2250=EDGE_LOOP('',(#865));
#2251=EDGE_LOOP('',(#866));
#2252=EDGE_LOOP('',(#867));
#2253=EDGE_LOOP('',(#868,#869,#870,#871));
#2254=EDGE_LOOP('',(#872));
#2255=EDGE_LOOP('',(#873));
#2256=EDGE_LOOP('',(#874,#875,#876,#877));
#2257=EDGE_LOOP('',(#878));
#2258=EDGE_LOOP('',(#879));
#2259=EDGE_LOOP('',(#880));
#2260=EDGE_LOOP('',(#881));
#2261=EDGE_LOOP('',(#882,#883,#884,#885));
#2262=EDGE_LOOP('',(#886));
#2263=EDGE_LOOP('',(#887));
#2264=EDGE_LOOP('',(#888,#889,#890,#891));
#2265=EDGE_LOOP('',(#892));
#2266=EDGE_LOOP('',(#893));
#2267=EDGE_LOOP('',(#894));
#2268=EDGE_LOOP('',(#895));
#2269=EDGE_LOOP('',(#896));
#2270=EDGE_LOOP('',(#897));
#2271=EDGE_LOOP('',(#898));
#2272=EDGE_LOOP('',(#899));
#2273=EDGE_LOOP('',(#900));
#2274=EDGE_LOOP('',(#901));
#2275=EDGE_LOOP('',(#902,#903,#904,#905,#906,#907,#908,#909,#910,#911,#912,
#913));
#2276=EDGE_LOOP('',(#914));
#2277=EDGE_LOOP('',(#915));
#2278=EDGE_LOOP('',(#916));
#2279=EDGE_LOOP('',(#917));
#2280=EDGE_LOOP('',(#918));
#2281=EDGE_LOOP('',(#919));
#2282=EDGE_LOOP('',(#920));
#2283=EDGE_LOOP('',(#921));
#2284=EDGE_LOOP('',(#922));
#2285=EDGE_LOOP('',(#923));
#2286=EDGE_LOOP('',(#924));
#2287=EDGE_LOOP('',(#925));
#2288=EDGE_LOOP('',(#926));
#2289=EDGE_LOOP('',(#927));
#2290=EDGE_LOOP('',(#928));
#2291=EDGE_LOOP('',(#929));
#2292=EDGE_LOOP('',(#930,#931,#932,#933));
#2293=EDGE_LOOP('',(#934));
#2294=EDGE_LOOP('',(#935));
#2295=EDGE_LOOP('',(#936,#937,#938,#939));
#2296=EDGE_LOOP('',(#940));
#2297=EDGE_LOOP('',(#941));
#2298=EDGE_LOOP('',(#942));
#2299=EDGE_LOOP('',(#943));
#2300=EDGE_LOOP('',(#944,#945,#946,#947));
#2301=EDGE_LOOP('',(#948));
#2302=EDGE_LOOP('',(#949));
#2303=EDGE_LOOP('',(#950,#951,#952,#953));
#2304=EDGE_LOOP('',(#954));
#2305=EDGE_LOOP('',(#955));
#2306=EDGE_LOOP('',(#956));
#2307=EDGE_LOOP('',(#957));
#2308=EDGE_LOOP('',(#958));
#2309=EDGE_LOOP('',(#959));
#2310=EDGE_LOOP('',(#960));
#2311=EDGE_LOOP('',(#961));
#2312=EDGE_LOOP('',(#962));
#2313=EDGE_LOOP('',(#963));
#2314=EDGE_LOOP('',(#964,#965,#966,#967,#968,#969,#970,#971,#972,#973,#974,
#975));
#2315=EDGE_LOOP('',(#976,#977,#978,#979));
#2316=EDGE_LOOP('',(#980,#981,#982,#983));
#2317=EDGE_LOOP('',(#984,#985,#986,#987));
#2318=FACE_BOUND('',#2048,.T.);
#2319=FACE_BOUND('',#2049,.T.);
#2320=FACE_BOUND('',#2050,.T.);
#2321=FACE_BOUND('',#2051,.T.);
#2322=FACE_BOUND('',#2052,.T.);
#2323=FACE_BOUND('',#2053,.T.);
#2324=FACE_BOUND('',#2054,.T.);
#2325=FACE_BOUND('',#2055,.T.);
#2326=FACE_BOUND('',#2056,.T.);
#2327=FACE_BOUND('',#2057,.T.);
#2328=FACE_BOUND('',#2058,.T.);
#2329=FACE_BOUND('',#2059,.T.);
#2330=FACE_BOUND('',#2060,.T.);
#2331=FACE_BOUND('',#2061,.T.);
#2332=FACE_BOUND('',#2062,.T.);
#2333=FACE_BOUND('',#2063,.T.);
#2334=FACE_BOUND('',#2064,.T.);
#2335=FACE_BOUND('',#2065,.T.);
#2336=FACE_BOUND('',#2066,.T.);
#2337=FACE_BOUND('',#2067,.T.);
#2338=FACE_BOUND('',#2068,.T.);
#2339=FACE_BOUND('',#2069,.T.);
#2340=FACE_BOUND('',#2070,.T.);
#2341=FACE_BOUND('',#2071,.T.);
#2342=FACE_BOUND('',#2072,.T.);
#2343=FACE_BOUND('',#2073,.T.);
#2344=FACE_BOUND('',#2074,.T.);
#2345=FACE_BOUND('',#2075,.T.);
#2346=FACE_BOUND('',#2076,.T.);
#2347=FACE_BOUND('',#2077,.T.);
#2348=FACE_BOUND('',#2078,.T.);
#2349=FACE_BOUND('',#2079,.T.);
#2350=FACE_BOUND('',#2080,.T.);
#2351=FACE_BOUND('',#2081,.T.);
#2352=FACE_BOUND('',#2082,.T.);
#2353=FACE_BOUND('',#2083,.T.);
#2354=FACE_BOUND('',#2084,.T.);
#2355=FACE_BOUND('',#2085,.T.);
#2356=FACE_BOUND('',#2086,.T.);
#2357=FACE_BOUND('',#2087,.T.);
#2358=FACE_BOUND('',#2088,.T.);
#2359=FACE_BOUND('',#2089,.T.);
#2360=FACE_BOUND('',#2090,.T.);
#2361=FACE_BOUND('',#2091,.T.);
#2362=FACE_BOUND('',#2092,.T.);
#2363=FACE_BOUND('',#2093,.T.);
#2364=FACE_BOUND('',#2094,.T.);
#2365=FACE_BOUND('',#2095,.T.);
#2366=FACE_BOUND('',#2096,.T.);
#2367=FACE_BOUND('',#2097,.T.);
#2368=FACE_BOUND('',#2098,.T.);
#2369=FACE_BOUND('',#2099,.T.);
#2370=FACE_BOUND('',#2100,.T.);
#2371=FACE_BOUND('',#2101,.T.);
#2372=FACE_BOUND('',#2102,.T.);
#2373=FACE_BOUND('',#2103,.T.);
#2374=FACE_BOUND('',#2104,.T.);
#2375=FACE_BOUND('',#2105,.T.);
#2376=FACE_BOUND('',#2106,.T.);
#2377=FACE_BOUND('',#2107,.T.);
#2378=FACE_BOUND('',#2108,.T.);
#2379=FACE_BOUND('',#2109,.T.);
#2380=FACE_BOUND('',#2110,.T.);
#2381=FACE_BOUND('',#2111,.T.);
#2382=FACE_BOUND('',#2112,.T.);
#2383=FACE_BOUND('',#2113,.T.);
#2384=FACE_BOUND('',#2114,.T.);
#2385=FACE_BOUND('',#2115,.T.);
#2386=FACE_BOUND('',#2116,.T.);
#2387=FACE_BOUND('',#2117,.T.);
#2388=FACE_BOUND('',#2118,.T.);
#2389=FACE_BOUND('',#2119,.T.);
#2390=FACE_BOUND('',#2120,.T.);
#2391=FACE_BOUND('',#2121,.T.);
#2392=FACE_BOUND('',#2122,.T.);
#2393=FACE_BOUND('',#2123,.T.);
#2394=FACE_BOUND('',#2124,.T.);
#2395=FACE_BOUND('',#2125,.T.);
#2396=FACE_BOUND('',#2126,.T.);
#2397=FACE_BOUND('',#2127,.T.);
#2398=FACE_BOUND('',#2128,.T.);
#2399=FACE_BOUND('',#2129,.T.);
#2400=FACE_BOUND('',#2130,.T.);
#2401=FACE_BOUND('',#2131,.T.);
#2402=FACE_BOUND('',#2132,.T.);
#2403=FACE_BOUND('',#2133,.T.);
#2404=FACE_BOUND('',#2134,.T.);
#2405=FACE_BOUND('',#2135,.T.);
#2406=FACE_BOUND('',#2136,.T.);
#2407=FACE_BOUND('',#2137,.T.);
#2408=FACE_BOUND('',#2138,.T.);
#2409=FACE_BOUND('',#2139,.T.);
#2410=FACE_BOUND('',#2140,.T.);
#2411=FACE_BOUND('',#2141,.T.);
#2412=FACE_BOUND('',#2142,.T.);
#2413=FACE_BOUND('',#2143,.T.);
#2414=FACE_BOUND('',#2144,.T.);
#2415=FACE_BOUND('',#2145,.T.);
#2416=FACE_BOUND('',#2146,.T.);
#2417=FACE_BOUND('',#2147,.T.);
#2418=FACE_BOUND('',#2148,.T.);
#2419=FACE_BOUND('',#2149,.T.);
#2420=FACE_BOUND('',#2150,.T.);
#2421=FACE_BOUND('',#2151,.T.);
#2422=FACE_BOUND('',#2152,.T.);
#2423=FACE_BOUND('',#2153,.T.);
#2424=FACE_BOUND('',#2154,.T.);
#2425=FACE_BOUND('',#2155,.T.);
#2426=FACE_BOUND('',#2156,.T.);
#2427=FACE_BOUND('',#2157,.T.);
#2428=FACE_BOUND('',#2158,.T.);
#2429=FACE_BOUND('',#2159,.T.);
#2430=FACE_BOUND('',#2160,.T.);
#2431=FACE_BOUND('',#2161,.T.);
#2432=FACE_BOUND('',#2162,.T.);
#2433=FACE_BOUND('',#2163,.T.);
#2434=FACE_BOUND('',#2164,.T.);
#2435=FACE_BOUND('',#2165,.T.);
#2436=FACE_BOUND('',#2166,.T.);
#2437=FACE_BOUND('',#2167,.T.);
#2438=FACE_BOUND('',#2168,.T.);
#2439=FACE_BOUND('',#2169,.T.);
#2440=FACE_BOUND('',#2170,.T.);
#2441=FACE_BOUND('',#2171,.T.);
#2442=FACE_BOUND('',#2172,.T.);
#2443=FACE_BOUND('',#2173,.T.);
#2444=FACE_BOUND('',#2174,.T.);
#2445=FACE_BOUND('',#2175,.T.);
#2446=FACE_BOUND('',#2176,.T.);
#2447=FACE_BOUND('',#2177,.T.);
#2448=FACE_BOUND('',#2178,.T.);
#2449=FACE_BOUND('',#2179,.T.);
#2450=FACE_BOUND('',#2180,.T.);
#2451=FACE_BOUND('',#2181,.T.);
#2452=FACE_BOUND('',#2182,.T.);
#2453=FACE_BOUND('',#2183,.T.);
#2454=FACE_BOUND('',#2184,.T.);
#2455=FACE_BOUND('',#2185,.T.);
#2456=FACE_BOUND('',#2186,.T.);
#2457=FACE_BOUND('',#2187,.T.);
#2458=FACE_BOUND('',#2188,.T.);
#2459=FACE_BOUND('',#2189,.T.);
#2460=FACE_BOUND('',#2190,.T.);
#2461=FACE_BOUND('',#2191,.T.);
#2462=FACE_BOUND('',#2192,.T.);
#2463=FACE_BOUND('',#2193,.T.);
#2464=FACE_BOUND('',#2194,.T.);
#2465=FACE_BOUND('',#2195,.T.);
#2466=FACE_BOUND('',#2196,.T.);
#2467=FACE_BOUND('',#2197,.T.);
#2468=FACE_BOUND('',#2198,.T.);
#2469=FACE_BOUND('',#2199,.T.);
#2470=FACE_BOUND('',#2200,.T.);
#2471=FACE_BOUND('',#2201,.T.);
#2472=FACE_BOUND('',#2202,.T.);
#2473=FACE_BOUND('',#2203,.T.);
#2474=FACE_BOUND('',#2204,.T.);
#2475=FACE_BOUND('',#2205,.T.);
#2476=FACE_BOUND('',#2206,.T.);
#2477=FACE_BOUND('',#2207,.T.);
#2478=FACE_BOUND('',#2208,.T.);
#2479=FACE_BOUND('',#2209,.T.);
#2480=FACE_BOUND('',#2210,.T.);
#2481=FACE_BOUND('',#2211,.T.);
#2482=FACE_BOUND('',#2212,.T.);
#2483=FACE_BOUND('',#2213,.T.);
#2484=FACE_BOUND('',#2214,.T.);
#2485=FACE_BOUND('',#2215,.T.);
#2486=FACE_BOUND('',#2216,.T.);
#2487=FACE_BOUND('',#2217,.T.);
#2488=FACE_BOUND('',#2218,.T.);
#2489=FACE_BOUND('',#2219,.T.);
#2490=FACE_BOUND('',#2220,.T.);
#2491=FACE_BOUND('',#2221,.T.);
#2492=FACE_BOUND('',#2222,.T.);
#2493=FACE_BOUND('',#2223,.T.);
#2494=FACE_BOUND('',#2224,.T.);
#2495=FACE_BOUND('',#2225,.T.);
#2496=FACE_BOUND('',#2226,.T.);
#2497=FACE_BOUND('',#2227,.T.);
#2498=FACE_BOUND('',#2228,.T.);
#2499=FACE_BOUND('',#2229,.T.);
#2500=FACE_BOUND('',#2230,.T.);
#2501=FACE_BOUND('',#2231,.T.);
#2502=FACE_BOUND('',#2232,.T.);
#2503=FACE_BOUND('',#2233,.T.);
#2504=FACE_BOUND('',#2234,.T.);
#2505=FACE_BOUND('',#2235,.T.);
#2506=FACE_BOUND('',#2236,.T.);
#2507=FACE_BOUND('',#2237,.T.);
#2508=FACE_BOUND('',#2238,.T.);
#2509=FACE_BOUND('',#2239,.T.);
#2510=FACE_BOUND('',#2240,.T.);
#2511=FACE_BOUND('',#2241,.T.);
#2512=FACE_BOUND('',#2242,.T.);
#2513=FACE_BOUND('',#2243,.T.);
#2514=FACE_BOUND('',#2244,.T.);
#2515=FACE_BOUND('',#2245,.T.);
#2516=FACE_BOUND('',#2246,.T.);
#2517=FACE_BOUND('',#2247,.T.);
#2518=FACE_BOUND('',#2248,.T.);
#2519=FACE_BOUND('',#2249,.T.);
#2520=FACE_BOUND('',#2250,.T.);
#2521=FACE_BOUND('',#2251,.T.);
#2522=FACE_BOUND('',#2252,.T.);
#2523=FACE_BOUND('',#2253,.T.);
#2524=FACE_BOUND('',#2254,.T.);
#2525=FACE_BOUND('',#2255,.T.);
#2526=FACE_BOUND('',#2256,.T.);
#2527=FACE_BOUND('',#2257,.T.);
#2528=FACE_BOUND('',#2258,.T.);
#2529=FACE_BOUND('',#2259,.T.);
#2530=FACE_BOUND('',#2260,.T.);
#2531=FACE_BOUND('',#2261,.T.);
#2532=FACE_BOUND('',#2262,.T.);
#2533=FACE_BOUND('',#2263,.T.);
#2534=FACE_BOUND('',#2264,.T.);
#2535=FACE_BOUND('',#2265,.T.);
#2536=FACE_BOUND('',#2266,.T.);
#2537=FACE_BOUND('',#2267,.T.);
#2538=FACE_BOUND('',#2268,.T.);
#2539=FACE_BOUND('',#2269,.T.);
#2540=FACE_BOUND('',#2270,.T.);
#2541=FACE_BOUND('',#2271,.T.);
#2542=FACE_BOUND('',#2272,.T.);
#2543=FACE_BOUND('',#2273,.T.);
#2544=FACE_BOUND('',#2274,.T.);
#2545=FACE_BOUND('',#2275,.T.);
#2546=FACE_BOUND('',#2276,.T.);
#2547=FACE_BOUND('',#2277,.T.);
#2548=FACE_BOUND('',#2278,.T.);
#2549=FACE_BOUND('',#2279,.T.);
#2550=FACE_BOUND('',#2280,.T.);
#2551=FACE_BOUND('',#2281,.T.);
#2552=FACE_BOUND('',#2282,.T.);
#2553=FACE_BOUND('',#2283,.T.);
#2554=FACE_BOUND('',#2284,.T.);
#2555=FACE_BOUND('',#2285,.T.);
#2556=FACE_BOUND('',#2286,.T.);
#2557=FACE_BOUND('',#2287,.T.);
#2558=FACE_BOUND('',#2288,.T.);
#2559=FACE_BOUND('',#2289,.T.);
#2560=FACE_BOUND('',#2290,.T.);
#2561=FACE_BOUND('',#2291,.T.);
#2562=FACE_BOUND('',#2292,.T.);
#2563=FACE_BOUND('',#2293,.T.);
#2564=FACE_BOUND('',#2294,.T.);
#2565=FACE_BOUND('',#2295,.T.);
#2566=FACE_BOUND('',#2296,.T.);
#2567=FACE_BOUND('',#2297,.T.);
#2568=FACE_BOUND('',#2298,.T.);
#2569=FACE_BOUND('',#2299,.T.);
#2570=FACE_BOUND('',#2300,.T.);
#2571=FACE_BOUND('',#2301,.T.);
#2572=FACE_BOUND('',#2302,.T.);
#2573=FACE_BOUND('',#2303,.T.);
#2574=FACE_BOUND('',#2304,.T.);
#2575=FACE_BOUND('',#2305,.T.);
#2576=FACE_BOUND('',#2306,.T.);
#2577=FACE_BOUND('',#2307,.T.);
#2578=FACE_BOUND('',#2308,.T.);
#2579=FACE_BOUND('',#2309,.T.);
#2580=FACE_BOUND('',#2310,.T.);
#2581=FACE_BOUND('',#2311,.T.);
#2582=FACE_BOUND('',#2312,.T.);
#2583=FACE_BOUND('',#2313,.T.);
#2584=FACE_BOUND('',#2314,.T.);
#2585=FACE_BOUND('',#2315,.T.);
#2586=FACE_BOUND('',#2316,.T.);
#2587=FACE_BOUND('',#2317,.T.);
#2588=PLANE('',#2902);
#2589=PLANE('',#2903);
#2590=PLANE('',#2904);
#2591=PLANE('',#2905);
#2592=PLANE('',#2906);
#2593=PLANE('',#2907);
#2594=PLANE('',#2908);
#2595=PLANE('',#2909);
#2596=PLANE('',#2910);
#2597=PLANE('',#2911);
#2598=PLANE('',#2912);
#2599=PLANE('',#2913);
#2600=PLANE('',#2914);
#2601=PLANE('',#2915);
#2602=PLANE('',#2916);
#2603=PLANE('',#2917);
#2604=PLANE('',#2918);
#2605=PLANE('',#2919);
#2606=PLANE('',#2920);
#2607=PLANE('',#2921);
#2608=PLANE('',#2922);
#2609=PLANE('',#2923);
#2610=PLANE('',#2924);
#2611=PLANE('',#2925);
#2612=PLANE('',#2926);
#2613=PLANE('',#2927);
#2614=PLANE('',#2928);
#2615=PLANE('',#2929);
#2616=PLANE('',#2930);
#2617=PLANE('',#2931);
#2618=PLANE('',#2932);
#2619=PLANE('',#2933);
#2620=PLANE('',#2934);
#2621=PLANE('',#2935);
#2622=PLANE('',#2936);
#2623=PLANE('',#2937);
#2624=PLANE('',#2938);
#2625=PLANE('',#2939);
#2626=PLANE('',#2940);
#2627=PLANE('',#2941);
#2628=PLANE('',#2942);
#2629=PLANE('',#2988);
#2630=PLANE('',#2993);
#2631=PLANE('',#2998);
#2632=PLANE('',#2999);
#2633=PLANE('',#3004);
#2634=PLANE('',#3005);
#2635=PLANE('',#3010);
#2636=PLANE('',#3013);
#2637=PLANE('',#3016);
#2638=PLANE('',#3019);
#2639=PLANE('',#3022);
#2640=PLANE('',#3027);
#2641=PLANE('',#3032);
#2642=PLANE('',#3033);
#2643=PLANE('',#3038);
#2644=PLANE('',#3039);
#2645=PLANE('',#3089);
#2646=PLANE('',#3093);
#2647=PLANE('',#3103);
#2648=PLANE('',#3107);
#2649=PLANE('',#3123);
#2650=PLANE('',#3127);
#2651=PLANE('',#3137);
#2652=PLANE('',#3141);
#2653=PLANE('',#3178);
#2654=PLANE('',#3179);
#2655=PLANE('',#3186);
#2656=PLANE('',#3187);
#2657=PLANE('',#3194);
#2658=PLANE('',#3196);
#2659=PLANE('',#3198);
#2660=PLANE('',#3199);
#2661=ADVANCED_FACE('',(#2318,#2319),#2588,.T.);
#2662=ADVANCED_FACE('',(#2320),#2589,.T.);
#2663=ADVANCED_FACE('',(#2321),#2590,.F.);
#2664=ADVANCED_FACE('',(#2322),#2591,.F.);
#2665=ADVANCED_FACE('',(#2323),#2592,.T.);
#2666=ADVANCED_FACE('',(#2324,#2325),#2593,.F.);
#2667=ADVANCED_FACE('',(#2326,#2327),#2594,.T.);
#2668=ADVANCED_FACE('',(#2328),#2595,.F.);
#2669=ADVANCED_FACE('',(#2329),#2596,.T.);
#2670=ADVANCED_FACE('',(#2330),#2597,.T.);
#2671=ADVANCED_FACE('',(#2331),#2598,.T.);
#2672=ADVANCED_FACE('',(#2332),#2599,.F.);
#2673=ADVANCED_FACE('',(#2333),#2600,.F.);
#2674=ADVANCED_FACE('',(#2334),#2601,.T.);
#2675=ADVANCED_FACE('',(#2335),#2602,.T.);
#2676=ADVANCED_FACE('',(#2336),#2603,.F.);
#2677=ADVANCED_FACE('',(#2337),#2604,.F.);
#2678=ADVANCED_FACE('',(#2338),#2605,.F.);
#2679=ADVANCED_FACE('',(#2339),#2606,.F.);
#2680=ADVANCED_FACE('',(#2340),#2607,.F.);
#2681=ADVANCED_FACE('',(#2341),#2608,.T.);
#2682=ADVANCED_FACE('',(#2342),#2609,.T.);
#2683=ADVANCED_FACE('',(#2343,#2344),#2610,.T.);
#2684=ADVANCED_FACE('',(#2345),#2611,.T.);
#2685=ADVANCED_FACE('',(#2346),#2612,.T.);
#2686=ADVANCED_FACE('',(#2347),#2613,.F.);
#2687=ADVANCED_FACE('',(#2348),#2614,.F.);
#2688=ADVANCED_FACE('',(#2349),#2615,.T.);
#2689=ADVANCED_FACE('',(#2350),#2616,.F.);
#2690=ADVANCED_FACE('',(#2351),#2617,.T.);
#2691=ADVANCED_FACE('',(#2352),#2618,.T.);
#2692=ADVANCED_FACE('',(#2353),#2619,.F.);
#2693=ADVANCED_FACE('',(#2354),#2620,.T.);
#2694=ADVANCED_FACE('',(#2355),#2621,.F.);
#2695=ADVANCED_FACE('',(#2356),#2622,.F.);
#2696=ADVANCED_FACE('',(#2357),#2623,.F.);
#2697=ADVANCED_FACE('',(#2358),#2624,.T.);
#2698=ADVANCED_FACE('',(#2359),#2625,.F.);
#2699=ADVANCED_FACE('',(#2360),#2626,.F.);
#2700=ADVANCED_FACE('',(#2361),#2627,.T.);
#2701=ADVANCED_FACE('',(#2362,#2363),#2628,.T.);
#2702=ADVANCED_FACE('',(#2364),#188,.T.);
#2703=ADVANCED_FACE('',(#2365),#36,.T.);
#2704=ADVANCED_FACE('',(#2366),#37,.T.);
#2705=ADVANCED_FACE('',(#2367),#189,.T.);
#2706=ADVANCED_FACE('',(#2368),#190,.T.);
#2707=ADVANCED_FACE('',(#2369),#191,.T.);
#2708=ADVANCED_FACE('',(#2370),#192,.T.);
#2709=ADVANCED_FACE('',(#2371),#193,.T.);
#2710=ADVANCED_FACE('',(#2372),#194,.T.);
#2711=ADVANCED_FACE('',(#2373),#38,.T.);
#2712=ADVANCED_FACE('',(#2374),#39,.T.);
#2713=ADVANCED_FACE('',(#2375),#40,.T.);
#2714=ADVANCED_FACE('',(#2376),#41,.T.);
#2715=ADVANCED_FACE('',(#2377),#195,.T.);
#2716=ADVANCED_FACE('',(#2378),#196,.T.);
#2717=ADVANCED_FACE('',(#2379),#197,.T.);
#2718=ADVANCED_FACE('',(#2380),#198,.T.);
#2719=ADVANCED_FACE('',(#2381),#42,.T.);
#2720=ADVANCED_FACE('',(#2382),#43,.T.);
#2721=ADVANCED_FACE('',(#2383),#199,.T.);
#2722=ADVANCED_FACE('',(#2384),#2629,.T.);
#2723=ADVANCED_FACE('',(#2385),#2630,.T.);
#2724=ADVANCED_FACE('',(#2386),#200,.T.);
#2725=ADVANCED_FACE('',(#2387),#201,.T.);
#2726=ADVANCED_FACE('',(#2388),#2631,.T.);
#2727=ADVANCED_FACE('',(#2389),#2632,.F.);
#2728=ADVANCED_FACE('',(#2390),#202,.T.);
#2729=ADVANCED_FACE('',(#2391),#203,.T.);
#2730=ADVANCED_FACE('',(#2392),#2633,.F.);
#2731=ADVANCED_FACE('',(#2393,#2394),#2634,.F.);
#2732=ADVANCED_FACE('',(#2395),#2635,.F.);
#2733=ADVANCED_FACE('',(#2396),#204,.T.);
#2734=ADVANCED_FACE('',(#2397),#2636,.T.);
#2735=ADVANCED_FACE('',(#2398),#205,.T.);
#2736=ADVANCED_FACE('',(#2399),#2637,.T.);
#2737=ADVANCED_FACE('',(#2400),#206,.T.);
#2738=ADVANCED_FACE('',(#2401),#2638,.F.);
#2739=ADVANCED_FACE('',(#2402),#207,.T.);
#2740=ADVANCED_FACE('',(#2403,#2404),#2639,.T.);
#2741=ADVANCED_FACE('',(#2405),#2640,.T.);
#2742=ADVANCED_FACE('',(#2406),#208,.T.);
#2743=ADVANCED_FACE('',(#2407),#209,.T.);
#2744=ADVANCED_FACE('',(#2408),#2641,.T.);
#2745=ADVANCED_FACE('',(#2409),#2642,.F.);
#2746=ADVANCED_FACE('',(#2410),#210,.T.);
#2747=ADVANCED_FACE('',(#2411),#211,.T.);
#2748=ADVANCED_FACE('',(#2412),#2643,.F.);
#2749=ADVANCED_FACE('',(#2413),#2644,.F.);
#2750=ADVANCED_FACE('',(#2414,#2415),#212,.F.);
#2751=ADVANCED_FACE('',(#2416,#2417),#213,.F.);
#2752=ADVANCED_FACE('',(#2418,#2419),#214,.F.);
#2753=ADVANCED_FACE('',(#2420,#2421),#215,.F.);
#2754=ADVANCED_FACE('',(#2422,#2423),#216,.F.);
#2755=ADVANCED_FACE('',(#2424,#2425),#217,.F.);
#2756=ADVANCED_FACE('',(#2426,#2427),#218,.F.);
#2757=ADVANCED_FACE('',(#2428,#2429),#219,.F.);
#2758=ADVANCED_FACE('',(#2430,#2431),#220,.F.);
#2759=ADVANCED_FACE('',(#2432,#2433),#221,.F.);
#2760=ADVANCED_FACE('',(#2434,#2435),#222,.F.);
#2761=ADVANCED_FACE('',(#2436,#2437),#223,.F.);
#2762=ADVANCED_FACE('',(#2438,#2439),#224,.F.);
#2763=ADVANCED_FACE('',(#2440,#2441),#225,.F.);
#2764=ADVANCED_FACE('',(#2442,#2443),#226,.F.);
#2765=ADVANCED_FACE('',(#2444,#2445),#227,.F.);
#2766=ADVANCED_FACE('',(#2446),#2645,.T.);
#2767=ADVANCED_FACE('',(#2447),#228,.F.);
#2768=ADVANCED_FACE('',(#2448),#2646,.T.);
#2769=ADVANCED_FACE('',(#2449),#229,.F.);
#2770=ADVANCED_FACE('',(#2450,#2451),#230,.F.);
#2771=ADVANCED_FACE('',(#2452,#2453),#231,.F.);
#2772=ADVANCED_FACE('',(#2454),#2647,.T.);
#2773=ADVANCED_FACE('',(#2455),#232,.F.);
#2774=ADVANCED_FACE('',(#2456),#2648,.T.);
#2775=ADVANCED_FACE('',(#2457),#233,.F.);
#2776=ADVANCED_FACE('',(#2458,#2459),#234,.F.);
#2777=ADVANCED_FACE('',(#2460,#2461),#235,.F.);
#2778=ADVANCED_FACE('',(#2462,#2463),#236,.F.);
#2779=ADVANCED_FACE('',(#2464,#2465),#237,.F.);
#2780=ADVANCED_FACE('',(#2466),#2649,.T.);
#2781=ADVANCED_FACE('',(#2467),#238,.F.);
#2782=ADVANCED_FACE('',(#2468),#2650,.T.);
#2783=ADVANCED_FACE('',(#2469),#239,.F.);
#2784=ADVANCED_FACE('',(#2470,#2471),#240,.F.);
#2785=ADVANCED_FACE('',(#2472,#2473),#241,.F.);
#2786=ADVANCED_FACE('',(#2474),#2651,.T.);
#2787=ADVANCED_FACE('',(#2475),#242,.F.);
#2788=ADVANCED_FACE('',(#2476),#2652,.T.);
#2789=ADVANCED_FACE('',(#2477),#243,.F.);
#2790=ADVANCED_FACE('',(#2478,#2479),#244,.F.);
#2791=ADVANCED_FACE('',(#2480,#2481),#245,.F.);
#2792=ADVANCED_FACE('',(#2482,#2483),#246,.F.);
#2793=ADVANCED_FACE('',(#2484,#2485),#247,.F.);
#2794=ADVANCED_FACE('',(#2486,#2487),#248,.F.);
#2795=ADVANCED_FACE('',(#2488,#2489),#249,.F.);
#2796=ADVANCED_FACE('',(#2490,#2491),#250,.F.);
#2797=ADVANCED_FACE('',(#2492,#2493),#251,.F.);
#2798=ADVANCED_FACE('',(#2494,#2495),#252,.F.);
#2799=ADVANCED_FACE('',(#2496,#2497),#253,.F.);
#2800=ADVANCED_FACE('',(#2498),#254,.T.);
#2801=ADVANCED_FACE('',(#2499),#2653,.T.);
#2802=ADVANCED_FACE('',(#2500),#2654,.T.);
#2803=ADVANCED_FACE('',(#2501),#255,.F.);
#2804=ADVANCED_FACE('',(#2502),#256,.T.);
#2805=ADVANCED_FACE('',(#2503),#2655,.T.);
#2806=ADVANCED_FACE('',(#2504),#2656,.T.);
#2807=ADVANCED_FACE('',(#2505),#257,.T.);
#2808=ADVANCED_FACE('',(#2506),#258,.T.);
#2809=ADVANCED_FACE('',(#2507,#2508,#2509,#2510,#2511,#2512,#2513,#2514,
#2515,#2516,#2517,#2518,#2519,#2520,#2521,#2522,#2523,#2524,#2525,#2526,
#2527,#2528,#2529,#2530,#2531,#2532,#2533,#2534,#2535,#2536,#2537,#2538,
#2539,#2540,#2541,#2542,#2543,#2544,#2545),#2657,.T.);
#2810=ADVANCED_FACE('',(#2546,#2547,#2548,#2549,#2550,#2551,#2552,#2553,
#2554,#2555,#2556,#2557,#2558,#2559,#2560,#2561,#2562,#2563,#2564,#2565,
#2566,#2567,#2568,#2569,#2570,#2571,#2572,#2573,#2574,#2575,#2576,#2577,
#2578,#2579,#2580,#2581,#2582,#2583,#2584),#2658,.F.);
#2811=ADVANCED_FACE('',(#2585),#2659,.T.);
#2812=ADVANCED_FACE('',(#2586),#2660,.T.);
#2813=ADVANCED_FACE('',(#2587),#259,.T.);
#2814=CLOSED_SHELL('',(#2661,#2662,#2663,#2664,#2665,#2666,#2667,#2668,
#2669,#2670,#2671,#2672,#2673,#2674,#2675,#2676,#2677,#2678,#2679,#2680,
#2681,#2682,#2683,#2684,#2685,#2686,#2687,#2688,#2689,#2690,#2691,#2692,
#2693,#2694,#2695,#2696,#2697,#2698,#2699,#2700,#2701,#2702,#2703,#2704,
#2705,#2706,#2707,#2708,#2709,#2710,#2711,#2712,#2713,#2714,#2715,#2716,
#2717,#2718,#2719,#2720,#2721));
#2815=CLOSED_SHELL('',(#2722,#2723,#2724,#2725,#2726,#2727,#2728,#2729,
#2730,#2731,#2732,#2733,#2734,#2735,#2736,#2737,#2738,#2739,#2740,#2741,
#2742,#2743,#2744,#2745,#2746,#2747,#2748,#2749));
#2816=CLOSED_SHELL('',(#2750,#2751,#2752,#2753,#2754,#2755,#2756,#2757,
#2758,#2759,#2760,#2761,#2762,#2763,#2764,#2765,#2766,#2767,#2768,#2769,
#2770,#2771,#2772,#2773,#2774,#2775,#2776,#2777,#2778,#2779,#2780,#2781,
#2782,#2783,#2784,#2785,#2786,#2787,#2788,#2789,#2790,#2791,#2792,#2793,
#2794,#2795,#2796,#2797,#2798,#2799,#2800,#2801,#2802,#2803,#2804,#2805,
#2806,#2807,#2808,#2809,#2810,#2811,#2812,#2813));
#2817=STYLED_ITEM('',(#2820),#2890);
#2818=STYLED_ITEM('',(#2821),#2891);
#2819=STYLED_ITEM('',(#2830),#2892);
#2820=PRESENTATION_STYLE_ASSIGNMENT((#2831));
#2821=PRESENTATION_STYLE_ASSIGNMENT((#2832));
#2822=PRESENTATION_STYLE_ASSIGNMENT((#2833));
#2823=PRESENTATION_STYLE_ASSIGNMENT((#2834));
#2824=PRESENTATION_STYLE_ASSIGNMENT((#2835));
#2825=PRESENTATION_STYLE_ASSIGNMENT((#2836));
#2826=PRESENTATION_STYLE_ASSIGNMENT((#2837));
#2827=PRESENTATION_STYLE_ASSIGNMENT((#2838));
#2828=PRESENTATION_STYLE_ASSIGNMENT((#2839));
#2829=PRESENTATION_STYLE_ASSIGNMENT((#2840));
#2830=PRESENTATION_STYLE_ASSIGNMENT((#2841));
#2831=SURFACE_STYLE_USAGE(.BOTH.,#2842);
#2832=SURFACE_STYLE_USAGE(.BOTH.,#2843);
#2833=SURFACE_STYLE_USAGE(.BOTH.,#2844);
#2834=SURFACE_STYLE_USAGE(.BOTH.,#2845);
#2835=SURFACE_STYLE_USAGE(.BOTH.,#2846);
#2836=SURFACE_STYLE_USAGE(.BOTH.,#2847);
#2837=SURFACE_STYLE_USAGE(.BOTH.,#2848);
#2838=SURFACE_STYLE_USAGE(.BOTH.,#2849);
#2839=SURFACE_STYLE_USAGE(.BOTH.,#2850);
#2840=SURFACE_STYLE_USAGE(.BOTH.,#2851);
#2841=SURFACE_STYLE_USAGE(.BOTH.,#2852);
#2842=SURFACE_SIDE_STYLE('',(#2853));
#2843=SURFACE_SIDE_STYLE('',(#2854));
#2844=SURFACE_SIDE_STYLE('',(#2855));
#2845=SURFACE_SIDE_STYLE('',(#2856));
#2846=SURFACE_SIDE_STYLE('',(#2857));
#2847=SURFACE_SIDE_STYLE('',(#2858));
#2848=SURFACE_SIDE_STYLE('',(#2859));
#2849=SURFACE_SIDE_STYLE('',(#2860));
#2850=SURFACE_SIDE_STYLE('',(#2861));
#2851=SURFACE_SIDE_STYLE('',(#2862));
#2852=SURFACE_SIDE_STYLE('',(#2863));
#2853=SURFACE_STYLE_FILL_AREA(#2864);
#2854=SURFACE_STYLE_FILL_AREA(#2865);
#2855=SURFACE_STYLE_FILL_AREA(#2866);
#2856=SURFACE_STYLE_FILL_AREA(#2867);
#2857=SURFACE_STYLE_FILL_AREA(#2868);
#2858=SURFACE_STYLE_FILL_AREA(#2869);
#2859=SURFACE_STYLE_FILL_AREA(#2870);
#2860=SURFACE_STYLE_FILL_AREA(#2871);
#2861=SURFACE_STYLE_FILL_AREA(#2872);
#2862=SURFACE_STYLE_FILL_AREA(#2873);
#2863=SURFACE_STYLE_FILL_AREA(#2874);
#2864=FILL_AREA_STYLE('',(#2875));
#2865=FILL_AREA_STYLE('',(#2876));
#2866=FILL_AREA_STYLE('',(#2877));
#2867=FILL_AREA_STYLE('',(#2878));
#2868=FILL_AREA_STYLE('',(#2879));
#2869=FILL_AREA_STYLE('',(#2880));
#2870=FILL_AREA_STYLE('',(#2881));
#2871=FILL_AREA_STYLE('',(#2882));
#2872=FILL_AREA_STYLE('',(#2883));
#2873=FILL_AREA_STYLE('',(#2884));
#2874=FILL_AREA_STYLE('',(#2885));
#2875=FILL_AREA_STYLE_COLOUR('',#2886);
#2876=FILL_AREA_STYLE_COLOUR('',#2887);
#2877=FILL_AREA_STYLE_COLOUR('',#2888);
#2878=FILL_AREA_STYLE_COLOUR('',#2888);
#2879=FILL_AREA_STYLE_COLOUR('',#2888);
#2880=FILL_AREA_STYLE_COLOUR('',#2888);
#2881=FILL_AREA_STYLE_COLOUR('',#2888);
#2882=FILL_AREA_STYLE_COLOUR('',#2888);
#2883=FILL_AREA_STYLE_COLOUR('',#2888);
#2884=FILL_AREA_STYLE_COLOUR('',#2888);
#2885=FILL_AREA_STYLE_COLOUR('',#2889);
#2886=COLOUR_RGB('',0.615686274509804,0.811764705882353,0.929411764705882);
#2887=COLOUR_RGB('',0.823529411764706,0.819607843137255,0.780392156862745);
#2888=COLOUR_RGB('',0.380392156862745,0.270588235294118,0.215686274509804);
#2889=COLOUR_RGB('',0.313725490196078,0.486274509803922,0.411764705882353);
#2890=MANIFOLD_SOLID_BREP('Part 1',#2814);
#2891=MANIFOLD_SOLID_BREP('C_0805_2012Metric',#2815);
#2892=MANIFOLD_SOLID_BREP('expression faders_PCB',#2816);
#2893=SHAPE_DEFINITION_REPRESENTATION(#4813,#2897);
#2894=SHAPE_DEFINITION_REPRESENTATION(#4814,#2898);
#2895=SHAPE_DEFINITION_REPRESENTATION(#4816,#2899);
#2896=SHAPE_DEFINITION_REPRESENTATION(#4818,#2900);
#2897=SHAPE_REPRESENTATION('Assembly 1',(#2901,#2987,#3040,#3201),#4802);
#2898=SHAPE_REPRESENTATION('Part 1',(#2901),#4803);
#2899=SHAPE_REPRESENTATION('C_0805_2012Metric',(#2901),#4804);
#2900=SHAPE_REPRESENTATION('expression faders_PCB',(#2901),#4805);
#2901=AXIS2_PLACEMENT_3D('',#4024,#3202,#3203);
#2902=AXIS2_PLACEMENT_3D('',#4025,#3204,#3205);
#2903=AXIS2_PLACEMENT_3D('',#4042,#3214,#3215);
#2904=AXIS2_PLACEMENT_3D('',#4051,#3220,#3221);
#2905=AXIS2_PLACEMENT_3D('',#4057,#3225,#3226);
#2906=AXIS2_PLACEMENT_3D('',#4063,#3230,#3231);
#2907=AXIS2_PLACEMENT_3D('',#4066,#3234,#3235);
#2908=AXIS2_PLACEMENT_3D('',#4075,#3240,#3241);
#2909=AXIS2_PLACEMENT_3D('',#4113,#3261,#3262);
#2910=AXIS2_PLACEMENT_3D('',#4119,#3266,#3267);
#2911=AXIS2_PLACEMENT_3D('',#4125,#3271,#3272);
#2912=AXIS2_PLACEMENT_3D('',#4131,#3276,#3277);
#2913=AXIS2_PLACEMENT_3D('',#4137,#3281,#3282);
#2914=AXIS2_PLACEMENT_3D('',#4139,#3284,#3285);
#2915=AXIS2_PLACEMENT_3D('',#4143,#3288,#3289);
#2916=AXIS2_PLACEMENT_3D('',#4147,#3292,#3293);
#2917=AXIS2_PLACEMENT_3D('',#4149,#3295,#3296);
#2918=AXIS2_PLACEMENT_3D('',#4153,#3299,#3300);
#2919=AXIS2_PLACEMENT_3D('',#4157,#3303,#3304);
#2920=AXIS2_PLACEMENT_3D('',#4159,#3306,#3307);
#2921=AXIS2_PLACEMENT_3D('',#4161,#3309,#3310);
#2922=AXIS2_PLACEMENT_3D('',#4165,#3313,#3314);
#2923=AXIS2_PLACEMENT_3D('',#4169,#3317,#3318);
#2924=AXIS2_PLACEMENT_3D('',#4171,#3320,#3321);
#2925=AXIS2_PLACEMENT_3D('',#4180,#3326,#3327);
#2926=AXIS2_PLACEMENT_3D('',#4189,#3332,#3333);
#2927=AXIS2_PLACEMENT_3D('',#4192,#3336,#3337);
#2928=AXIS2_PLACEMENT_3D('',#4194,#3339,#3340);
#2929=AXIS2_PLACEMENT_3D('',#4196,#3342,#3343);
#2930=AXIS2_PLACEMENT_3D('',#4197,#3344,#3345);
#2931=AXIS2_PLACEMENT_3D('',#4203,#3349,#3350);
#2932=AXIS2_PLACEMENT_3D('',#4207,#3353,#3354);
#2933=AXIS2_PLACEMENT_3D('',#4211,#3357,#3358);
#2934=AXIS2_PLACEMENT_3D('',#4213,#3360,#3361);
#2935=AXIS2_PLACEMENT_3D('',#4222,#3366,#3367);
#2936=AXIS2_PLACEMENT_3D('',#4231,#3372,#3373);
#2937=AXIS2_PLACEMENT_3D('',#4240,#3378,#3379);
#2938=AXIS2_PLACEMENT_3D('',#4249,#3384,#3385);
#2939=AXIS2_PLACEMENT_3D('',#4255,#3389,#3390);
#2940=AXIS2_PLACEMENT_3D('',#4259,#3393,#3394);
#2941=AXIS2_PLACEMENT_3D('',#4263,#3397,#3398);
#2942=AXIS2_PLACEMENT_3D('',#4265,#3400,#3401);
#2943=AXIS2_PLACEMENT_3D('',#4266,#3402,#3403);
#2944=AXIS2_PLACEMENT_3D('',#4267,#3404,#3405);
#2945=AXIS2_PLACEMENT_3D('',#4268,#3406,#3407);
#2946=AXIS2_PLACEMENT_3D('',#4269,#3408,#3409);
#2947=AXIS2_PLACEMENT_3D('',#4270,#3410,#3411);
#2948=AXIS2_PLACEMENT_3D('',#4271,#3412,#3413);
#2949=AXIS2_PLACEMENT_3D('',#4272,#3414,#3415);
#2950=AXIS2_PLACEMENT_3D('',#4273,#3416,#3417);
#2951=AXIS2_PLACEMENT_3D('',#4274,#3418,#3419);
#2952=AXIS2_PLACEMENT_3D('',#4275,#3420,#3421);
#2953=AXIS2_PLACEMENT_3D('',#4276,#3422,#3423);
#2954=AXIS2_PLACEMENT_3D('',#4277,#3424,#3425);
#2955=AXIS2_PLACEMENT_3D('',#4278,#3426,#3427);
#2956=AXIS2_PLACEMENT_3D('',#4279,#3428,#3429);
#2957=AXIS2_PLACEMENT_3D('',#4280,#3430,#3431);
#2958=AXIS2_PLACEMENT_3D('',#4281,#3432,#3433);
#2959=AXIS2_PLACEMENT_3D('',#4282,#3434,#3435);
#2960=AXIS2_PLACEMENT_3D('',#4283,#3436,#3437);
#2961=AXIS2_PLACEMENT_3D('',#4284,#3438,#3439);
#2962=AXIS2_PLACEMENT_3D('',#4285,#3440,#3441);
#2963=AXIS2_PLACEMENT_3D('',#4286,#3442,#3443);
#2964=AXIS2_PLACEMENT_3D('',#4287,#3444,#3445);
#2965=AXIS2_PLACEMENT_3D('',#4288,#3446,#3447);
#2966=AXIS2_PLACEMENT_3D('',#4289,#3448,#3449);
#2967=AXIS2_PLACEMENT_3D('',#4290,#3450,#3451);
#2968=AXIS2_PLACEMENT_3D('',#4291,#3452,#3453);
#2969=AXIS2_PLACEMENT_3D('',#4292,#3454,#3455);
#2970=AXIS2_PLACEMENT_3D('',#4293,#3456,#3457);
#2971=AXIS2_PLACEMENT_3D('',#4294,#3458,#3459);
#2972=AXIS2_PLACEMENT_3D('',#4295,#3460,#3461);
#2973=AXIS2_PLACEMENT_3D('',#4296,#3462,#3463);
#2974=AXIS2_PLACEMENT_3D('',#4297,#3464,#3465);
#2975=AXIS2_PLACEMENT_3D('',#4298,#3466,#3467);
#2976=AXIS2_PLACEMENT_3D('',#4299,#3468,#3469);
#2977=AXIS2_PLACEMENT_3D('',#4300,#3470,#3471);
#2978=AXIS2_PLACEMENT_3D('',#4301,#3472,#3473);
#2979=AXIS2_PLACEMENT_3D('',#4302,#3474,#3475);
#2980=AXIS2_PLACEMENT_3D('',#4303,#3476,#3477);
#2981=AXIS2_PLACEMENT_3D('',#4304,#3478,#3479);
#2982=AXIS2_PLACEMENT_3D('',#4305,#3480,#3481);
#2983=AXIS2_PLACEMENT_3D('',#4306,#3482,#3483);
#2984=AXIS2_PLACEMENT_3D('',#4307,#3484,#3485);
#2985=AXIS2_PLACEMENT_3D('',#4308,#3486,#3487);
#2986=AXIS2_PLACEMENT_3D('',#4309,#3488,#3489);
#2987=AXIS2_PLACEMENT_3D('',#4310,#3490,#3491);
#2988=AXIS2_PLACEMENT_3D('',#4311,#3492,#3493);
#2989=AXIS2_PLACEMENT_3D('',#4315,#3495,#3496);
#2990=AXIS2_PLACEMENT_3D('',#4319,#3498,#3499);
#2991=AXIS2_PLACEMENT_3D('',#4323,#3501,#3502);
#2992=AXIS2_PLACEMENT_3D('',#4327,#3504,#3505);
#2993=AXIS2_PLACEMENT_3D('',#4328,#3506,#3507);
#2994=AXIS2_PLACEMENT_3D('',#4334,#3511,#3512);
#2995=AXIS2_PLACEMENT_3D('',#4335,#3513,#3514);
#2996=AXIS2_PLACEMENT_3D('',#4338,#3516,#3517);
#2997=AXIS2_PLACEMENT_3D('',#4341,#3519,#3520);
#2998=AXIS2_PLACEMENT_3D('',#4342,#3521,#3522);
#2999=AXIS2_PLACEMENT_3D('',#4346,#3525,#3526);
#3000=AXIS2_PLACEMENT_3D('',#4350,#3529,#3530);
#3001=AXIS2_PLACEMENT_3D('',#4353,#3532,#3533);
#3002=AXIS2_PLACEMENT_3D('',#4354,#3534,#3535);
#3003=AXIS2_PLACEMENT_3D('',#4355,#3536,#3537);
#3004=AXIS2_PLACEMENT_3D('',#4358,#3539,#3540);
#3005=AXIS2_PLACEMENT_3D('',#4360,#3542,#3543);
#3006=AXIS2_PLACEMENT_3D('',#4364,#3545,#3546);
#3007=AXIS2_PLACEMENT_3D('',#4368,#3548,#3549);
#3008=AXIS2_PLACEMENT_3D('',#4372,#3551,#3552);
#3009=AXIS2_PLACEMENT_3D('',#4376,#3554,#3555);
#3010=AXIS2_PLACEMENT_3D('',#4377,#3556,#3557);
#3011=AXIS2_PLACEMENT_3D('',#4383,#3561,#3562);
#3012=AXIS2_PLACEMENT_3D('',#4386,#3564,#3565);
#3013=AXIS2_PLACEMENT_3D('',#4387,#3566,#3567);
#3014=AXIS2_PLACEMENT_3D('',#4391,#3570,#3571);
#3015=AXIS2_PLACEMENT_3D('',#4392,#3572,#3573);
#3016=AXIS2_PLACEMENT_3D('',#4395,#3575,#3576);
#3017=AXIS2_PLACEMENT_3D('',#4399,#3579,#3580);
#3018=AXIS2_PLACEMENT_3D('',#4402,#3582,#3583);
#3019=AXIS2_PLACEMENT_3D('',#4403,#3584,#3585);
#3020=AXIS2_PLACEMENT_3D('',#4407,#3588,#3589);
#3021=AXIS2_PLACEMENT_3D('',#4408,#3590,#3591);
#3022=AXIS2_PLACEMENT_3D('',#4409,#3592,#3593);
#3023=AXIS2_PLACEMENT_3D('',#4413,#3595,#3596);
#3024=AXIS2_PLACEMENT_3D('',#4417,#3598,#3599);
#3025=AXIS2_PLACEMENT_3D('',#4421,#3601,#3602);
#3026=AXIS2_PLACEMENT_3D('',#4425,#3604,#3605);
#3027=AXIS2_PLACEMENT_3D('',#4426,#3606,#3607);
#3028=AXIS2_PLACEMENT_3D('',#4432,#3611,#3612);
#3029=AXIS2_PLACEMENT_3D('',#4433,#3613,#3614);
#3030=AXIS2_PLACEMENT_3D('',#4436,#3616,#3617);
#3031=AXIS2_PLACEMENT_3D('',#4439,#3619,#3620);
#3032=AXIS2_PLACEMENT_3D('',#4440,#3621,#3622);
#3033=AXIS2_PLACEMENT_3D('',#4444,#3625,#3626);
#3034=AXIS2_PLACEMENT_3D('',#4448,#3629,#3630);
#3035=AXIS2_PLACEMENT_3D('',#4451,#3632,#3633);
#3036=AXIS2_PLACEMENT_3D('',#4452,#3634,#3635);
#3037=AXIS2_PLACEMENT_3D('',#4453,#3636,#3637);
#3038=AXIS2_PLACEMENT_3D('',#4456,#3639,#3640);
#3039=AXIS2_PLACEMENT_3D('',#4458,#3642,#3643);
#3040=AXIS2_PLACEMENT_3D('',#4459,#3644,#3645);
#3041=AXIS2_PLACEMENT_3D('',#4460,#3646,#3647);
#3042=AXIS2_PLACEMENT_3D('',#4461,#3648,#3649);
#3043=AXIS2_PLACEMENT_3D('',#4463,#3650,#3651);
#3044=AXIS2_PLACEMENT_3D('',#4465,#3652,#3653);
#3045=AXIS2_PLACEMENT_3D('',#4466,#3654,#3655);
#3046=AXIS2_PLACEMENT_3D('',#4468,#3656,#3657);
#3047=AXIS2_PLACEMENT_3D('',#4470,#3658,#3659);
#3048=AXIS2_PLACEMENT_3D('',#4471,#3660,#3661);
#3049=AXIS2_PLACEMENT_3D('',#4473,#3662,#3663);
#3050=AXIS2_PLACEMENT_3D('',#4475,#3664,#3665);
#3051=AXIS2_PLACEMENT_3D('',#4476,#3666,#3667);
#3052=AXIS2_PLACEMENT_3D('',#4478,#3668,#3669);
#3053=AXIS2_PLACEMENT_3D('',#4480,#3670,#3671);
#3054=AXIS2_PLACEMENT_3D('',#4481,#3672,#3673);
#3055=AXIS2_PLACEMENT_3D('',#4483,#3674,#3675);
#3056=AXIS2_PLACEMENT_3D('',#4485,#3676,#3677);
#3057=AXIS2_PLACEMENT_3D('',#4486,#3678,#3679);
#3058=AXIS2_PLACEMENT_3D('',#4488,#3680,#3681);
#3059=AXIS2_PLACEMENT_3D('',#4490,#3682,#3683);
#3060=AXIS2_PLACEMENT_3D('',#4491,#3684,#3685);
#3061=AXIS2_PLACEMENT_3D('',#4493,#3686,#3687);
#3062=AXIS2_PLACEMENT_3D('',#4495,#3688,#3689);
#3063=AXIS2_PLACEMENT_3D('',#4496,#3690,#3691);
#3064=AXIS2_PLACEMENT_3D('',#4498,#3692,#3693);
#3065=AXIS2_PLACEMENT_3D('',#4500,#3694,#3695);
#3066=AXIS2_PLACEMENT_3D('',#4501,#3696,#3697);
#3067=AXIS2_PLACEMENT_3D('',#4503,#3698,#3699);
#3068=AXIS2_PLACEMENT_3D('',#4505,#3700,#3701);
#3069=AXIS2_PLACEMENT_3D('',#4506,#3702,#3703);
#3070=AXIS2_PLACEMENT_3D('',#4508,#3704,#3705);
#3071=AXIS2_PLACEMENT_3D('',#4510,#3706,#3707);
#3072=AXIS2_PLACEMENT_3D('',#4511,#3708,#3709);
#3073=AXIS2_PLACEMENT_3D('',#4513,#3710,#3711);
#3074=AXIS2_PLACEMENT_3D('',#4515,#3712,#3713);
#3075=AXIS2_PLACEMENT_3D('',#4516,#3714,#3715);
#3076=AXIS2_PLACEMENT_3D('',#4518,#3716,#3717);
#3077=AXIS2_PLACEMENT_3D('',#4520,#3718,#3719);
#3078=AXIS2_PLACEMENT_3D('',#4521,#3720,#3721);
#3079=AXIS2_PLACEMENT_3D('',#4523,#3722,#3723);
#3080=AXIS2_PLACEMENT_3D('',#4525,#3724,#3725);
#3081=AXIS2_PLACEMENT_3D('',#4526,#3726,#3727);
#3082=AXIS2_PLACEMENT_3D('',#4528,#3728,#3729);
#3083=AXIS2_PLACEMENT_3D('',#4530,#3730,#3731);
#3084=AXIS2_PLACEMENT_3D('',#4531,#3732,#3733);
#3085=AXIS2_PLACEMENT_3D('',#4533,#3734,#3735);
#3086=AXIS2_PLACEMENT_3D('',#4535,#3736,#3737);
#3087=AXIS2_PLACEMENT_3D('',#4536,#3738,#3739);
#3088=AXIS2_PLACEMENT_3D('',#4538,#3740,#3741);
#3089=AXIS2_PLACEMENT_3D('',#4540,#3742,#3743);
#3090=AXIS2_PLACEMENT_3D('',#4549,#3748,#3749);
#3091=AXIS2_PLACEMENT_3D('',#4550,#3750,#3751);
#3092=AXIS2_PLACEMENT_3D('',#4554,#3753,#3754);
#3093=AXIS2_PLACEMENT_3D('',#4555,#3755,#3756);
#3094=AXIS2_PLACEMENT_3D('',#4561,#3760,#3761);
#3095=AXIS2_PLACEMENT_3D('',#4562,#3762,#3763);
#3096=AXIS2_PLACEMENT_3D('',#4563,#3764,#3765);
#3097=AXIS2_PLACEMENT_3D('',#4564,#3766,#3767);
#3098=AXIS2_PLACEMENT_3D('',#4565,#3768,#3769);
#3099=AXIS2_PLACEMENT_3D('',#4567,#3770,#3771);
#3100=AXIS2_PLACEMENT_3D('',#4569,#3772,#3773);
#3101=AXIS2_PLACEMENT_3D('',#4570,#3774,#3775);
#3102=AXIS2_PLACEMENT_3D('',#4572,#3776,#3777);
#3103=AXIS2_PLACEMENT_3D('',#4574,#3778,#3779);
#3104=AXIS2_PLACEMENT_3D('',#4583,#3784,#3785);
#3105=AXIS2_PLACEMENT_3D('',#4584,#3786,#3787);
#3106=AXIS2_PLACEMENT_3D('',#4588,#3789,#3790);
#3107=AXIS2_PLACEMENT_3D('',#4589,#3791,#3792);
#3108=AXIS2_PLACEMENT_3D('',#4595,#3796,#3797);
#3109=AXIS2_PLACEMENT_3D('',#4596,#3798,#3799);
#3110=AXIS2_PLACEMENT_3D('',#4597,#3800,#3801);
#3111=AXIS2_PLACEMENT_3D('',#4598,#3802,#3803);
#3112=AXIS2_PLACEMENT_3D('',#4599,#3804,#3805);
#3113=AXIS2_PLACEMENT_3D('',#4601,#3806,#3807);
#3114=AXIS2_PLACEMENT_3D('',#4603,#3808,#3809);
#3115=AXIS2_PLACEMENT_3D('',#4604,#3810,#3811);
#3116=AXIS2_PLACEMENT_3D('',#4606,#3812,#3813);
#3117=AXIS2_PLACEMENT_3D('',#4608,#3814,#3815);
#3118=AXIS2_PLACEMENT_3D('',#4609,#3816,#3817);
#3119=AXIS2_PLACEMENT_3D('',#4611,#3818,#3819);
#3120=AXIS2_PLACEMENT_3D('',#4613,#3820,#3821);
#3121=AXIS2_PLACEMENT_3D('',#4614,#3822,#3823);
#3122=AXIS2_PLACEMENT_3D('',#4616,#3824,#3825);
#3123=AXIS2_PLACEMENT_3D('',#4618,#3826,#3827);
#3124=AXIS2_PLACEMENT_3D('',#4627,#3832,#3833);
#3125=AXIS2_PLACEMENT_3D('',#4628,#3834,#3835);
#3126=AXIS2_PLACEMENT_3D('',#4632,#3837,#3838);
#3127=AXIS2_PLACEMENT_3D('',#4633,#3839,#3840);
#3128=AXIS2_PLACEMENT_3D('',#4639,#3844,#3845);
#3129=AXIS2_PLACEMENT_3D('',#4640,#3846,#3847);
#3130=AXIS2_PLACEMENT_3D('',#4641,#3848,#3849);
#3131=AXIS2_PLACEMENT_3D('',#4642,#3850,#3851);
#3132=AXIS2_PLACEMENT_3D('',#4643,#3852,#3853);
#3133=AXIS2_PLACEMENT_3D('',#4645,#3854,#3855);
#3134=AXIS2_PLACEMENT_3D('',#4647,#3856,#3857);
#3135=AXIS2_PLACEMENT_3D('',#4648,#3858,#3859);
#3136=AXIS2_PLACEMENT_3D('',#4650,#3860,#3861);
#3137=AXIS2_PLACEMENT_3D('',#4652,#3862,#3863);
#3138=AXIS2_PLACEMENT_3D('',#4661,#3868,#3869);
#3139=AXIS2_PLACEMENT_3D('',#4662,#3870,#3871);
#3140=AXIS2_PLACEMENT_3D('',#4666,#3873,#3874);
#3141=AXIS2_PLACEMENT_3D('',#4667,#3875,#3876);
#3142=AXIS2_PLACEMENT_3D('',#4673,#3880,#3881);
#3143=AXIS2_PLACEMENT_3D('',#4674,#3882,#3883);
#3144=AXIS2_PLACEMENT_3D('',#4675,#3884,#3885);
#3145=AXIS2_PLACEMENT_3D('',#4676,#3886,#3887);
#3146=AXIS2_PLACEMENT_3D('',#4677,#3888,#3889);
#3147=AXIS2_PLACEMENT_3D('',#4679,#3890,#3891);
#3148=AXIS2_PLACEMENT_3D('',#4681,#3892,#3893);
#3149=AXIS2_PLACEMENT_3D('',#4682,#3894,#3895);
#3150=AXIS2_PLACEMENT_3D('',#4684,#3896,#3897);
#3151=AXIS2_PLACEMENT_3D('',#4686,#3898,#3899);
#3152=AXIS2_PLACEMENT_3D('',#4687,#3900,#3901);
#3153=AXIS2_PLACEMENT_3D('',#4689,#3902,#3903);
#3154=AXIS2_PLACEMENT_3D('',#4691,#3904,#3905);
#3155=AXIS2_PLACEMENT_3D('',#4692,#3906,#3907);
#3156=AXIS2_PLACEMENT_3D('',#4694,#3908,#3909);
#3157=AXIS2_PLACEMENT_3D('',#4696,#3910,#3911);
#3158=AXIS2_PLACEMENT_3D('',#4697,#3912,#3913);
#3159=AXIS2_PLACEMENT_3D('',#4699,#3914,#3915);
#3160=AXIS2_PLACEMENT_3D('',#4701,#3916,#3917);
#3161=AXIS2_PLACEMENT_3D('',#4702,#3918,#3919);
#3162=AXIS2_PLACEMENT_3D('',#4704,#3920,#3921);
#3163=AXIS2_PLACEMENT_3D('',#4706,#3922,#3923);
#3164=AXIS2_PLACEMENT_3D('',#4707,#3924,#3925);
#3165=AXIS2_PLACEMENT_3D('',#4709,#3926,#3927);
#3166=AXIS2_PLACEMENT_3D('',#4711,#3928,#3929);
#3167=AXIS2_PLACEMENT_3D('',#4712,#3930,#3931);
#3168=AXIS2_PLACEMENT_3D('',#4714,#3932,#3933);
#3169=AXIS2_PLACEMENT_3D('',#4716,#3934,#3935);
#3170=AXIS2_PLACEMENT_3D('',#4717,#3936,#3937);
#3171=AXIS2_PLACEMENT_3D('',#4719,#3938,#3939);
#3172=AXIS2_PLACEMENT_3D('',#4721,#3940,#3941);
#3173=AXIS2_PLACEMENT_3D('',#4722,#3942,#3943);
#3174=AXIS2_PLACEMENT_3D('',#4724,#3944,#3945);
#3175=AXIS2_PLACEMENT_3D('',#4726,#3946,#3947);
#3176=AXIS2_PLACEMENT_3D('',#4730,#3949,#3950);
#3177=AXIS2_PLACEMENT_3D('',#4734,#3952,#3953);
#3178=AXIS2_PLACEMENT_3D('',#4735,#3954,#3955);
#3179=AXIS2_PLACEMENT_3D('',#4741,#3959,#3960);
#3180=AXIS2_PLACEMENT_3D('',#4747,#3964,#3965);
#3181=AXIS2_PLACEMENT_3D('',#4751,#3967,#3968);
#3182=AXIS2_PLACEMENT_3D('',#4752,#3969,#3970);
#3183=AXIS2_PLACEMENT_3D('',#4753,#3971,#3972);
#3184=AXIS2_PLACEMENT_3D('',#4754,#3973,#3974);
#3185=AXIS2_PLACEMENT_3D('',#4758,#3976,#3977);
#3186=AXIS2_PLACEMENT_3D('',#4759,#3978,#3979);
#3187=AXIS2_PLACEMENT_3D('',#4765,#3983,#3984);
#3188=AXIS2_PLACEMENT_3D('',#4771,#3988,#3989);
#3189=AXIS2_PLACEMENT_3D('',#4775,#3991,#3992);
#3190=AXIS2_PLACEMENT_3D('',#4776,#3993,#3994);
#3191=AXIS2_PLACEMENT_3D('',#4777,#3995,#3996);
#3192=AXIS2_PLACEMENT_3D('',#4778,#3997,#3998);
#3193=AXIS2_PLACEMENT_3D('',#4782,#4000,#4001);
#3194=AXIS2_PLACEMENT_3D('',#4783,#4002,#4003);
#3195=AXIS2_PLACEMENT_3D('',#4784,#4004,#4005);
#3196=AXIS2_PLACEMENT_3D('',#4789,#4008,#4009);
#3197=AXIS2_PLACEMENT_3D('',#4794,#4012,#4013);
#3198=AXIS2_PLACEMENT_3D('',#4795,#4014,#4015);
#3199=AXIS2_PLACEMENT_3D('',#4797,#4017,#4018);
#3200=AXIS2_PLACEMENT_3D('',#4799,#4020,#4021);
#3201=AXIS2_PLACEMENT_3D('',#4800,#4022,#4023);
#3202=DIRECTION('',(0.,0.,1.));
#3203=DIRECTION('',(1.,0.,0.));
#3204=DIRECTION('',(0.,1.,0.));
#3205=DIRECTION('',(0.,0.,1.));
#3206=DIRECTION('',(0.,0.,-1.));
#3207=DIRECTION('',(1.,0.,0.));
#3208=DIRECTION('',(0.,0.,-1.));
#3209=DIRECTION('',(1.,0.,0.));
#3210=DIRECTION('',(0.,0.,-1.));
#3211=DIRECTION('',(-1.,0.,0.));
#3212=DIRECTION('',(0.,0.,-1.));
#3213=DIRECTION('',(-1.,0.,0.));
#3214=DIRECTION('',(0.,0.,-1.));
#3215=DIRECTION('',(-1.,0.,0.));
#3216=DIRECTION('',(0.,1.,0.));
#3217=DIRECTION('',(-1.,0.,0.));
#3218=DIRECTION('',(0.,1.,0.));
#3219=DIRECTION('',(-1.,0.,0.));
#3220=DIRECTION('',(1.,0.,0.));
#3221=DIRECTION('',(0.,0.,-1.));
#3222=DIRECTION('',(0.,0.,-1.));
#3223=DIRECTION('',(0.,1.,0.));
#3224=DIRECTION('',(0.,0.,-1.));
#3225=DIRECTION('',(0.,0.,-1.));
#3226=DIRECTION('',(-1.,0.,0.));
#3227=DIRECTION('',(-1.,0.,0.));
#3228=DIRECTION('',(0.,1.,0.));
#3229=DIRECTION('',(-1.,0.,0.));
#3230=DIRECTION('',(1.,0.,0.));
#3231=DIRECTION('',(0.,0.,-1.));
#3232=DIRECTION('',(0.,0.,-1.));
#3233=DIRECTION('',(0.,0.,-1.));
#3234=DIRECTION('',(0.,1.,0.));
#3235=DIRECTION('',(0.,0.,1.));
#3236=DIRECTION('',(0.,0.,-1.));
#3237=DIRECTION('',(1.,0.,0.));
#3238=DIRECTION('',(0.,0.,-1.));
#3239=DIRECTION('',(1.,0.,0.));
#3240=DIRECTION('',(0.,0.,1.));
#3241=DIRECTION('',(1.,0.,0.));
#3242=DIRECTION('',(-1.,0.,0.));
#3243=DIRECTION('',(0.,1.,0.));
#3244=DIRECTION('',(1.,0.,0.));
#3245=DIRECTION('',(0.,1.,0.));
#3246=DIRECTION('',(1.,0.,0.));
#3247=DIRECTION('',(0.,1.,0.));
#3248=DIRECTION('',(1.,0.,0.));
#3249=DIRECTION('',(0.,1.,0.));
#3250=DIRECTION('',(1.,0.,0.));
#3251=DIRECTION('',(0.,1.,0.));
#3252=DIRECTION('',(0.,1.,0.));
#3253=DIRECTION('',(1.,0.,0.));
#3254=DIRECTION('',(0.,-1.,0.));
#3255=DIRECTION('',(-1.,0.,0.));
#3256=DIRECTION('',(-9.25185853854297E-17,1.,0.));
#3257=DIRECTION('',(1.,0.,0.));
#3258=DIRECTION('',(0.,1.,0.));
#3259=DIRECTION('',(1.,0.,0.));
#3260=DIRECTION('',(0.,1.,0.));
#3261=DIRECTION('',(0.,-1.,0.));
#3262=DIRECTION('',(0.,0.,-1.));
#3263=DIRECTION('',(0.,0.,-1.));
#3264=DIRECTION('',(0.,0.,-1.));
#3265=DIRECTION('',(-1.,0.,0.));
#3266=DIRECTION('',(0.,1.,0.));
#3267=DIRECTION('',(0.,0.,1.));
#3268=DIRECTION('',(0.,0.,-1.));
#3269=DIRECTION('',(1.,0.,0.));
#3270=DIRECTION('',(0.,0.,-1.));
#3271=DIRECTION('',(0.,1.,0.));
#3272=DIRECTION('',(0.,0.,1.));
#3273=DIRECTION('',(0.,0.,-1.));
#3274=DIRECTION('',(1.,0.,0.));
#3275=DIRECTION('',(0.,0.,-1.));
#3276=DIRECTION('',(0.,-1.,0.));
#3277=DIRECTION('',(0.,0.,-1.));
#3278=DIRECTION('',(0.,0.,-1.));
#3279=DIRECTION('',(-1.,0.,0.));
#3280=DIRECTION('',(0.,0.,-1.));
#3281=DIRECTION('',(-1.,-9.25185853854297E-17,0.));
#3282=DIRECTION('',(9.25185853854297E-17,-1.,0.));
#3283=DIRECTION('',(-9.25185853854297E-17,1.,0.));
#3284=DIRECTION('',(-1.,0.,0.));
#3285=DIRECTION('',(0.,0.,1.));
#3286=DIRECTION('',(0.,0.,-1.));
#3287=DIRECTION('',(0.,1.,0.));
#3288=DIRECTION('',(0.,1.,0.));
#3289=DIRECTION('',(0.,0.,1.));
#3290=DIRECTION('',(0.,0.,-1.));
#3291=DIRECTION('',(1.,0.,0.));
#3292=DIRECTION('',(-1.,0.,0.));
#3293=DIRECTION('',(0.,0.,1.));
#3294=DIRECTION('',(0.,1.,0.));
#3295=DIRECTION('',(1.,0.,0.));
#3296=DIRECTION('',(0.,0.,-1.));
#3297=DIRECTION('',(0.,0.,-1.));
#3298=DIRECTION('',(0.,-1.,0.));
#3299=DIRECTION('',(0.,1.,0.));
#3300=DIRECTION('',(0.,0.,1.));
#3301=DIRECTION('',(0.,0.,-1.));
#3302=DIRECTION('',(1.,0.,0.));
#3303=DIRECTION('',(-1.,0.,0.));
#3304=DIRECTION('',(0.,0.,1.));
#3305=DIRECTION('',(0.,1.,0.));
#3306=DIRECTION('',(1.,0.,0.));
#3307=DIRECTION('',(0.,0.,-1.));
#3308=DIRECTION('',(0.,-1.,0.));
#3309=DIRECTION('',(-1.,0.,0.));
#3310=DIRECTION('',(0.,0.,1.));
#3311=DIRECTION('',(0.,0.,-1.));
#3312=DIRECTION('',(0.,1.,0.));
#3313=DIRECTION('',(0.,1.,0.));
#3314=DIRECTION('',(0.,0.,1.));
#3315=DIRECTION('',(0.,0.,-1.));
#3316=DIRECTION('',(1.,0.,0.));
#3317=DIRECTION('',(-1.,0.,0.));
#3318=DIRECTION('',(0.,0.,1.));
#3319=DIRECTION('',(0.,1.,0.));
#3320=DIRECTION('',(0.,0.,1.));
#3321=DIRECTION('',(1.,0.,0.));
#3322=DIRECTION('',(0.,1.,0.));
#3323=DIRECTION('',(1.,0.,0.));
#3324=DIRECTION('',(0.,1.,0.));
#3325=DIRECTION('',(1.,0.,0.));
#3326=DIRECTION('',(0.,0.,1.));
#3327=DIRECTION('',(1.,0.,0.));
#3328=DIRECTION('',(0.,1.,0.));
#3329=DIRECTION('',(1.,0.,0.));
#3330=DIRECTION('',(0.,1.,0.));
#3331=DIRECTION('',(1.,0.,0.));
#3332=DIRECTION('',(0.,1.,0.));
#3333=DIRECTION('',(0.,0.,1.));
#3334=DIRECTION('',(0.,0.,-1.));
#3335=DIRECTION('',(0.,0.,-1.));
#3336=DIRECTION('',(-1.,0.,0.));
#3337=DIRECTION('',(0.,0.,1.));
#3338=DIRECTION('',(0.,0.,-1.));
#3339=DIRECTION('',(0.,1.,0.));
#3340=DIRECTION('',(0.,0.,1.));
#3341=DIRECTION('',(0.,0.,-1.));
#3342=DIRECTION('',(-1.,0.,0.));
#3343=DIRECTION('',(0.,0.,1.));
#3344=DIRECTION('',(-1.,0.,0.));
#3345=DIRECTION('',(0.,0.,1.));
#3346=DIRECTION('',(0.,0.,-1.));
#3347=DIRECTION('',(0.,0.,-1.));
#3348=DIRECTION('',(0.,1.,0.));
#3349=DIRECTION('',(0.,1.,0.));
#3350=DIRECTION('',(0.,0.,1.));
#3351=DIRECTION('',(1.,0.,0.));
#3352=DIRECTION('',(0.,0.,-1.));
#3353=DIRECTION('',(-1.,0.,0.));
#3354=DIRECTION('',(0.,0.,1.));
#3355=DIRECTION('',(0.,1.,0.));
#3356=DIRECTION('',(0.,0.,-1.));
#3357=DIRECTION('',(0.,1.,0.));
#3358=DIRECTION('',(0.,0.,1.));
#3359=DIRECTION('',(1.,0.,0.));
#3360=DIRECTION('',(-1.,0.,0.));
#3361=DIRECTION('',(0.,0.,1.));
#3362=DIRECTION('',(0.,0.,-1.));
#3363=DIRECTION('',(0.,1.,0.));
#3364=DIRECTION('',(0.,0.,-1.));
#3365=DIRECTION('',(0.,1.,0.));
#3366=DIRECTION('',(0.,1.,0.));
#3367=DIRECTION('',(0.,0.,1.));
#3368=DIRECTION('',(1.,0.,0.));
#3369=DIRECTION('',(0.,0.,-1.));
#3370=DIRECTION('',(1.,0.,0.));
#3371=DIRECTION('',(0.,0.,-1.));
#3372=DIRECTION('',(-1.,0.,0.));
#3373=DIRECTION('',(0.,0.,1.));
#3374=DIRECTION('',(0.,0.,-1.));
#3375=DIRECTION('',(0.,1.,0.));
#3376=DIRECTION('',(0.,0.,-1.));
#3377=DIRECTION('',(0.,1.,0.));
#3378=DIRECTION('',(0.,0.,1.));
#3379=DIRECTION('',(1.,0.,0.));
#3380=DIRECTION('',(1.,0.,0.));
#3381=DIRECTION('',(0.,1.,0.));
#3382=DIRECTION('',(1.,0.,0.));
#3383=DIRECTION('',(0.,1.,0.));
#3384=DIRECTION('',(0.,0.,-1.));
#3385=DIRECTION('',(-1.,0.,0.));
#3386=DIRECTION('',(0.,1.,0.));
#3387=DIRECTION('',(-1.,0.,0.));
#3388=DIRECTION('',(0.,1.,0.));
#3389=DIRECTION('',(1.,0.,0.));
#3390=DIRECTION('',(0.,0.,-1.));
#3391=DIRECTION('',(0.,1.,0.));
#3392=DIRECTION('',(0.,0.,-1.));
#3393=DIRECTION('',(0.,0.,-1.));
#3394=DIRECTION('',(-1.,0.,0.));
#3395=DIRECTION('',(0.,1.,0.));
#3396=DIRECTION('',(-1.,0.,0.));
#3397=DIRECTION('',(1.,0.,0.));
#3398=DIRECTION('',(0.,0.,-1.));
#3399=DIRECTION('',(0.,0.,-1.));
#3400=DIRECTION('',(0.,1.,0.));
#3401=DIRECTION('',(-1.,0.,0.));
#3402=DIRECTION('',(0.,1.,0.));
#3403=DIRECTION('',(0.,0.,1.));
#3404=DIRECTION('',(0.,-1.,0.));
#3405=DIRECTION('',(0.,0.,-1.));
#3406=DIRECTION('',(0.,1.,0.));
#3407=DIRECTION('',(0.,0.,1.));
#3408=DIRECTION('',(-1.,0.,0.));
#3409=DIRECTION('',(0.,0.,1.));
#3410=DIRECTION('',(-1.,0.,0.));
#3411=DIRECTION('',(0.,0.,1.));
#3412=DIRECTION('',(0.,0.,1.));
#3413=DIRECTION('',(1.,0.,0.));
#3414=DIRECTION('',(0.,0.,1.));
#3415=DIRECTION('',(1.,0.,0.));
#3416=DIRECTION('',(0.,0.,1.));
#3417=DIRECTION('',(1.,0.,0.));
#3418=DIRECTION('',(-1.,0.,0.));
#3419=DIRECTION('',(0.,0.,1.));
#3420=DIRECTION('',(0.,0.,1.));
#3421=DIRECTION('',(1.,0.,0.));
#3422=DIRECTION('',(-8.67361737988403E-16,0.,-1.));
#3423=DIRECTION('',(-1.,0.,8.67361737988403E-16));
#3424=DIRECTION('',(-1.,0.,0.));
#3425=DIRECTION('',(0.,0.,1.));
#3426=DIRECTION('',(1.,0.,0.));
#3427=DIRECTION('',(0.,0.,-1.));
#3428=DIRECTION('',(0.,-1.,0.));
#3429=DIRECTION('',(0.,0.,-1.));
#3430=DIRECTION('',(0.,1.,0.));
#3431=DIRECTION('',(0.,0.,1.));
#3432=DIRECTION('',(0.,-1.,0.));
#3433=DIRECTION('',(0.,0.,-1.));
#3434=DIRECTION('',(1.,0.,0.));
#3435=DIRECTION('',(0.,0.,-1.));
#3436=DIRECTION('',(1.,0.,0.));
#3437=DIRECTION('',(0.,0.,-1.));
#3438=DIRECTION('',(0.,0.,-1.));
#3439=DIRECTION('',(-1.,0.,0.));
#3440=DIRECTION('',(0.,0.,-1.));
#3441=DIRECTION('',(-1.,0.,0.));
#3442=DIRECTION('',(0.,-1.,0.));
#3443=DIRECTION('',(0.,0.,-1.));
#3444=DIRECTION('',(0.,-1.,0.));
#3445=DIRECTION('',(0.,0.,-1.));
#3446=DIRECTION('',(0.,1.,0.));
#3447=DIRECTION('',(0.,0.,1.));
#3448=DIRECTION('',(-1.,0.,0.));
#3449=DIRECTION('',(0.,0.,1.));
#3450=DIRECTION('',(-1.,0.,0.));
#3451=DIRECTION('',(0.,0.,1.));
#3452=DIRECTION('',(0.,0.,1.));
#3453=DIRECTION('',(1.,0.,0.));
#3454=DIRECTION('',(0.,0.,1.));
#3455=DIRECTION('',(1.,0.,0.));
#3456=DIRECTION('',(0.,0.,1.));
#3457=DIRECTION('',(1.,0.,0.));
#3458=DIRECTION('',(0.,0.,1.));
#3459=DIRECTION('',(1.,0.,0.));
#3460=DIRECTION('',(-1.,0.,0.));
#3461=DIRECTION('',(0.,0.,1.));
#3462=DIRECTION('',(-1.,0.,0.));
#3463=DIRECTION('',(0.,0.,1.));
#3464=DIRECTION('',(1.,0.,0.));
#3465=DIRECTION('',(0.,0.,-1.));
#3466=DIRECTION('',(1.,0.,0.));
#3467=DIRECTION('',(0.,0.,-1.));
#3468=DIRECTION('',(0.,0.,-1.));
#3469=DIRECTION('',(-1.,0.,0.));
#3470=DIRECTION('',(0.,0.,-1.));
#3471=DIRECTION('',(-1.,0.,0.));
#3472=DIRECTION('',(0.,0.,1.));
#3473=DIRECTION('',(1.,0.,0.));
#3474=DIRECTION('',(-8.67361737988403E-16,0.,-1.));
#3475=DIRECTION('',(-1.,0.,8.67361737988403E-16));
#3476=DIRECTION('',(-1.,0.,0.));
#3477=DIRECTION('',(0.,0.,1.));
#3478=DIRECTION('',(1.,0.,0.));
#3479=DIRECTION('',(0.,0.,-1.));
#3480=DIRECTION('',(0.,-1.,-8.67361737988403E-16));
#3481=DIRECTION('',(0.,8.67361737988403E-16,-1.));
#3482=DIRECTION('',(0.,-1.,0.));
#3483=DIRECTION('',(0.,0.,-1.));
#3484=DIRECTION('',(0.,1.,0.));
#3485=DIRECTION('',(0.,0.,1.));
#3486=DIRECTION('',(0.,1.,0.));
#3487=DIRECTION('',(0.,0.,1.));
#3488=DIRECTION('',(0.,1.,0.));
#3489=DIRECTION('',(0.,0.,1.));
#3490=DIRECTION('',(0.,0.,1.));
#3491=DIRECTION('',(1.,0.,0.));
#3492=DIRECTION('',(1.,0.,0.));
#3493=DIRECTION('',(0.,0.,1.));
#3494=DIRECTION('',(0.,0.,1.));
#3495=DIRECTION('',(1.,0.,0.));
#3496=DIRECTION('',(0.,0.,1.));
#3497=DIRECTION('',(0.,1.,0.));
#3498=DIRECTION('',(-1.,0.,0.));
#3499=DIRECTION('',(0.,0.,1.));
#3500=DIRECTION('',(0.,0.,1.));
#3501=DIRECTION('',(1.,0.,0.));
#3502=DIRECTION('',(0.,0.,1.));
#3503=DIRECTION('',(0.,1.,0.));
#3504=DIRECTION('',(-1.,0.,0.));
#3505=DIRECTION('',(0.,0.,1.));
#3506=DIRECTION('',(0.,1.,0.));
#3507=DIRECTION('',(0.,0.,1.));
#3508=DIRECTION('',(1.,0.,0.));
#3509=DIRECTION('',(0.,0.,1.));
#3510=DIRECTION('',(1.,0.,0.));
#3511=DIRECTION('',(1.,0.,0.));
#3512=DIRECTION('',(0.,1.,0.));
#3513=DIRECTION('',(1.,0.,0.));
#3514=DIRECTION('',(0.,0.,1.));
#3515=DIRECTION('',(1.,0.,0.));
#3516=DIRECTION('',(1.,0.,0.));
#3517=DIRECTION('',(0.,1.,0.));
#3518=DIRECTION('',(1.,0.,0.));
#3519=DIRECTION('',(-1.,0.,0.));
#3520=DIRECTION('',(0.,0.,1.));
#3521=DIRECTION('',(0.,0.,1.));
#3522=DIRECTION('',(1.,0.,0.));
#3523=DIRECTION('',(0.,1.,0.));
#3524=DIRECTION('',(1.,0.,0.));
#3525=DIRECTION('',(0.,0.,1.));
#3526=DIRECTION('',(1.,0.,0.));
#3527=DIRECTION('',(1.,0.,0.));
#3528=DIRECTION('',(0.,1.,0.));
#3529=DIRECTION('',(1.,0.,0.));
#3530=DIRECTION('',(0.,-1.,0.));
#3531=DIRECTION('',(1.,0.,0.));
#3532=DIRECTION('',(-1.,0.,0.));
#3533=DIRECTION('',(0.,0.,1.));
#3534=DIRECTION('',(1.,0.,0.));
#3535=DIRECTION('',(0.,-1.,0.));
#3536=DIRECTION('',(1.,0.,0.));
#3537=DIRECTION('',(0.,0.,1.));
#3538=DIRECTION('',(1.,0.,0.));
#3539=DIRECTION('',(0.,1.,0.));
#3540=DIRECTION('',(0.,0.,1.));
#3541=DIRECTION('',(0.,0.,1.));
#3542=DIRECTION('',(1.,0.,0.));
#3543=DIRECTION('',(0.,0.,1.));
#3544=DIRECTION('',(0.,1.,0.));
#3545=DIRECTION('',(-1.,0.,0.));
#3546=DIRECTION('',(0.,0.,1.));
#3547=DIRECTION('',(0.,0.,1.));
#3548=DIRECTION('',(1.,0.,0.));
#3549=DIRECTION('',(0.,0.,1.));
#3550=DIRECTION('',(0.,1.,0.));
#3551=DIRECTION('',(-1.,0.,0.));
#3552=DIRECTION('',(0.,0.,1.));
#3553=DIRECTION('',(0.,0.,1.));
#3554=DIRECTION('',(1.,0.,0.));
#3555=DIRECTION('',(0.,0.,1.));
#3556=DIRECTION('',(0.,1.,0.));
#3557=DIRECTION('',(0.,0.,1.));
#3558=DIRECTION('',(1.,0.,0.));
#3559=DIRECTION('',(0.,0.,1.));
#3560=DIRECTION('',(1.,0.,0.));
#3561=DIRECTION('',(1.,0.,0.));
#3562=DIRECTION('',(0.,-1.,0.));
#3563=DIRECTION('',(1.,0.,0.));
#3564=DIRECTION('',(-1.,0.,0.));
#3565=DIRECTION('',(0.,0.,1.));
#3566=DIRECTION('',(0.,0.,1.));
#3567=DIRECTION('',(1.,0.,0.));
#3568=DIRECTION('',(0.,1.,0.));
#3569=DIRECTION('',(1.,0.,0.));
#3570=DIRECTION('',(1.,0.,0.));
#3571=DIRECTION('',(0.,1.,0.));
#3572=DIRECTION('',(1.,0.,0.));
#3573=DIRECTION('',(0.,0.,1.));
#3574=DIRECTION('',(1.,0.,0.));
#3575=DIRECTION('',(0.,1.,0.));
#3576=DIRECTION('',(0.,0.,1.));
#3577=DIRECTION('',(1.,0.,0.));
#3578=DIRECTION('',(0.,0.,1.));
#3579=DIRECTION('',(1.,0.,0.));
#3580=DIRECTION('',(0.,1.,0.));
#3581=DIRECTION('',(1.,0.,0.));
#3582=DIRECTION('',(-1.,0.,0.));
#3583=DIRECTION('',(0.,0.,1.));
#3584=DIRECTION('',(0.,0.,1.));
#3585=DIRECTION('',(1.,0.,0.));
#3586=DIRECTION('',(1.,0.,0.));
#3587=DIRECTION('',(0.,1.,0.));
#3588=DIRECTION('',(1.,0.,0.));
#3589=DIRECTION('',(0.,-1.,0.));
#3590=DIRECTION('',(1.,0.,0.));
#3591=DIRECTION('',(0.,0.,1.));
#3592=DIRECTION('',(1.,0.,0.));
#3593=DIRECTION('',(0.,0.,1.));
#3594=DIRECTION('',(0.,0.,1.));
#3595=DIRECTION('',(1.,0.,0.));
#3596=DIRECTION('',(0.,0.,1.));
#3597=DIRECTION('',(0.,1.,0.));
#3598=DIRECTION('',(-1.,0.,0.));
#3599=DIRECTION('',(0.,0.,1.));
#3600=DIRECTION('',(0.,0.,1.));
#3601=DIRECTION('',(1.,0.,0.));
#3602=DIRECTION('',(0.,0.,1.));
#3603=DIRECTION('',(0.,1.,0.));
#3604=DIRECTION('',(-1.,0.,0.));
#3605=DIRECTION('',(0.,0.,1.));
#3606=DIRECTION('',(0.,1.,0.));
#3607=DIRECTION('',(0.,0.,1.));
#3608=DIRECTION('',(1.,0.,0.));
#3609=DIRECTION('',(0.,0.,1.));
#3610=DIRECTION('',(1.,0.,0.));
#3611=DIRECTION('',(1.,0.,0.));
#3612=DIRECTION('',(0.,1.,0.));
#3613=DIRECTION('',(1.,0.,0.));
#3614=DIRECTION('',(0.,0.,1.));
#3615=DIRECTION('',(1.,0.,0.));
#3616=DIRECTION('',(1.,0.,0.));
#3617=DIRECTION('',(0.,1.,0.));
#3618=DIRECTION('',(1.,0.,0.));
#3619=DIRECTION('',(-1.,0.,0.));
#3620=DIRECTION('',(0.,0.,1.));
#3621=DIRECTION('',(0.,0.,1.));
#3622=DIRECTION('',(1.,0.,0.));
#3623=DIRECTION('',(0.,1.,0.));
#3624=DIRECTION('',(1.,0.,0.));
#3625=DIRECTION('',(0.,0.,1.));
#3626=DIRECTION('',(1.,0.,0.));
#3627=DIRECTION('',(1.,0.,0.));
#3628=DIRECTION('',(0.,1.,0.));
#3629=DIRECTION('',(1.,0.,0.));
#3630=DIRECTION('',(0.,-1.,0.));
#3631=DIRECTION('',(1.,0.,0.));
#3632=DIRECTION('',(-1.,0.,0.));
#3633=DIRECTION('',(0.,0.,1.));
#3634=DIRECTION('',(1.,0.,0.));
#3635=DIRECTION('',(0.,-1.,0.));
#3636=DIRECTION('',(1.,0.,0.));
#3637=DIRECTION('',(0.,0.,1.));
#3638=DIRECTION('',(1.,0.,0.));
#3639=DIRECTION('',(0.,1.,0.));
#3640=DIRECTION('',(0.,0.,1.));
#3641=DIRECTION('',(0.,0.,1.));
#3642=DIRECTION('',(1.,0.,0.));
#3643=DIRECTION('',(0.,0.,1.));
#3644=DIRECTION('',(0.,0.,1.));
#3645=DIRECTION('',(1.,0.,0.));
#3646=DIRECTION('',(0.,0.,-1.));
#3647=DIRECTION('',(0.,-1.,0.));
#3648=DIRECTION('',(0.,0.,-1.));
#3649=DIRECTION('',(0.,-1.,0.));
#3650=DIRECTION('',(0.,0.,-1.));
#3651=DIRECTION('',(0.,-1.,0.));
#3652=DIRECTION('',(0.,0.,-1.));
#3653=DIRECTION('',(0.,-1.,0.));
#3654=DIRECTION('',(0.,0.,-1.));
#3655=DIRECTION('',(0.,-1.,0.));
#3656=DIRECTION('',(0.,0.,-1.));
#3657=DIRECTION('',(0.,-1.,0.));
#3658=DIRECTION('',(0.,0.,-1.));
#3659=DIRECTION('',(0.,-1.,0.));
#3660=DIRECTION('',(0.,0.,-1.));
#3661=DIRECTION('',(0.,-1.,0.));
#3662=DIRECTION('',(0.,0.,-1.));
#3663=DIRECTION('',(0.,-1.,0.));
#3664=DIRECTION('',(0.,0.,-1.));
#3665=DIRECTION('',(0.,-1.,0.));
#3666=DIRECTION('',(0.,0.,-1.));
#3667=DIRECTION('',(0.,-1.,0.));
#3668=DIRECTION('',(0.,0.,-1.));
#3669=DIRECTION('',(0.,-1.,0.));
#3670=DIRECTION('',(0.,0.,-1.));
#3671=DIRECTION('',(0.,-1.,0.));
#3672=DIRECTION('',(0.,0.,-1.));
#3673=DIRECTION('',(0.,-1.,0.));
#3674=DIRECTION('',(0.,0.,-1.));
#3675=DIRECTION('',(0.,-1.,0.));
#3676=DIRECTION('',(0.,0.,-1.));
#3677=DIRECTION('',(0.,-1.,0.));
#3678=DIRECTION('',(0.,0.,-1.));
#3679=DIRECTION('',(0.,-1.,0.));
#3680=DIRECTION('',(0.,0.,-1.));
#3681=DIRECTION('',(0.,-1.,0.));
#3682=DIRECTION('',(0.,0.,-1.));
#3683=DIRECTION('',(0.,-1.,0.));
#3684=DIRECTION('',(0.,0.,-1.));
#3685=DIRECTION('',(0.,-1.,0.));
#3686=DIRECTION('',(0.,0.,-1.));
#3687=DIRECTION('',(0.,-1.,0.));
#3688=DIRECTION('',(0.,0.,-1.));
#3689=DIRECTION('',(0.,-1.,0.));
#3690=DIRECTION('',(0.,0.,-1.));
#3691=DIRECTION('',(0.,-1.,0.));
#3692=DIRECTION('',(0.,0.,-1.));
#3693=DIRECTION('',(0.,-1.,0.));
#3694=DIRECTION('',(0.,0.,-1.));
#3695=DIRECTION('',(0.,-1.,0.));
#3696=DIRECTION('',(0.,0.,-1.));
#3697=DIRECTION('',(0.,-1.,0.));
#3698=DIRECTION('',(0.,0.,-1.));
#3699=DIRECTION('',(0.,-1.,0.));
#3700=DIRECTION('',(0.,0.,-1.));
#3701=DIRECTION('',(0.,-1.,0.));
#3702=DIRECTION('',(0.,0.,-1.));
#3703=DIRECTION('',(0.,-1.,0.));
#3704=DIRECTION('',(0.,0.,-1.));
#3705=DIRECTION('',(0.,-1.,0.));
#3706=DIRECTION('',(0.,0.,-1.));
#3707=DIRECTION('',(0.,-1.,0.));
#3708=DIRECTION('',(0.,0.,-1.));
#3709=DIRECTION('',(0.,-1.,0.));
#3710=DIRECTION('',(0.,0.,-1.));
#3711=DIRECTION('',(0.,-1.,0.));
#3712=DIRECTION('',(0.,0.,-1.));
#3713=DIRECTION('',(0.,-1.,0.));
#3714=DIRECTION('',(0.,0.,-1.));
#3715=DIRECTION('',(0.,-1.,0.));
#3716=DIRECTION('',(0.,0.,-1.));
#3717=DIRECTION('',(0.,-1.,0.));
#3718=DIRECTION('',(0.,0.,-1.));
#3719=DIRECTION('',(0.,-1.,0.));
#3720=DIRECTION('',(0.,0.,-1.));
#3721=DIRECTION('',(0.,-1.,0.));
#3722=DIRECTION('',(0.,0.,-1.));
#3723=DIRECTION('',(0.,-1.,0.));
#3724=DIRECTION('',(0.,0.,-1.));
#3725=DIRECTION('',(0.,-1.,0.));
#3726=DIRECTION('',(0.,0.,-1.));
#3727=DIRECTION('',(0.,-1.,0.));
#3728=DIRECTION('',(0.,0.,-1.));
#3729=DIRECTION('',(0.,-1.,0.));
#3730=DIRECTION('',(0.,0.,-1.));
#3731=DIRECTION('',(0.,-1.,0.));
#3732=DIRECTION('',(0.,0.,-1.));
#3733=DIRECTION('',(0.,-1.,0.));
#3734=DIRECTION('',(0.,0.,-1.));
#3735=DIRECTION('',(0.,-1.,0.));
#3736=DIRECTION('',(0.,0.,-1.));
#3737=DIRECTION('',(0.,-1.,0.));
#3738=DIRECTION('',(0.,0.,-1.));
#3739=DIRECTION('',(0.,-1.,0.));
#3740=DIRECTION('',(0.,0.,-1.));
#3741=DIRECTION('',(0.,-1.,0.));
#3742=DIRECTION('',(0.,1.,0.));
#3743=DIRECTION('',(1.,0.,0.));
#3744=DIRECTION('',(-1.,0.,0.));
#3745=DIRECTION('',(0.,0.,1.));
#3746=DIRECTION('',(-1.,0.,0.));
#3747=DIRECTION('',(0.,0.,1.));
#3748=DIRECTION('',(0.,0.,-1.));
#3749=DIRECTION('',(0.,1.,0.));
#3750=DIRECTION('',(0.,0.,-1.));
#3751=DIRECTION('',(0.,1.,0.));
#3752=DIRECTION('',(0.,0.,1.));
#3753=DIRECTION('',(0.,0.,-1.));
#3754=DIRECTION('',(0.,1.,0.));
#3755=DIRECTION('',(0.,-1.,0.));
#3756=DIRECTION('',(-1.,0.,0.));
#3757=DIRECTION('',(1.,0.,0.));
#3758=DIRECTION('',(0.,0.,1.));
#3759=DIRECTION('',(1.,0.,0.));
#3760=DIRECTION('',(0.,0.,-1.));
#3761=DIRECTION('',(0.,-1.,0.));
#3762=DIRECTION('',(0.,0.,-1.));
#3763=DIRECTION('',(0.,-1.,0.));
#3764=DIRECTION('',(0.,0.,-1.));
#3765=DIRECTION('',(0.,-1.,0.));
#3766=DIRECTION('',(0.,0.,-1.));
#3767=DIRECTION('',(0.,-1.,0.));
#3768=DIRECTION('',(0.,0.,-1.));
#3769=DIRECTION('',(0.,-1.,0.));
#3770=DIRECTION('',(0.,0.,-1.));
#3771=DIRECTION('',(0.,-1.,0.));
#3772=DIRECTION('',(0.,0.,-1.));
#3773=DIRECTION('',(0.,-1.,0.));
#3774=DIRECTION('',(0.,0.,-1.));
#3775=DIRECTION('',(0.,-1.,0.));
#3776=DIRECTION('',(0.,0.,-1.));
#3777=DIRECTION('',(0.,-1.,0.));
#3778=DIRECTION('',(0.,1.,0.));
#3779=DIRECTION('',(1.,0.,0.));
#3780=DIRECTION('',(-1.,0.,0.));
#3781=DIRECTION('',(0.,0.,1.));
#3782=DIRECTION('',(-1.,0.,0.));
#3783=DIRECTION('',(0.,0.,1.));
#3784=DIRECTION('',(0.,0.,-1.));
#3785=DIRECTION('',(0.,1.,0.));
#3786=DIRECTION('',(0.,0.,-1.));
#3787=DIRECTION('',(0.,1.,0.));
#3788=DIRECTION('',(0.,0.,1.));
#3789=DIRECTION('',(0.,0.,-1.));
#3790=DIRECTION('',(0.,1.,0.));
#3791=DIRECTION('',(0.,-1.,0.));
#3792=DIRECTION('',(-1.,0.,0.));
#3793=DIRECTION('',(1.,0.,0.));
#3794=DIRECTION('',(0.,0.,1.));
#3795=DIRECTION('',(1.,0.,0.));
#3796=DIRECTION('',(0.,0.,-1.));
#3797=DIRECTION('',(0.,-1.,0.));
#3798=DIRECTION('',(0.,0.,-1.));
#3799=DIRECTION('',(0.,-1.,0.));
#3800=DIRECTION('',(0.,0.,-1.));
#3801=DIRECTION('',(0.,-1.,0.));
#3802=DIRECTION('',(0.,0.,-1.));
#3803=DIRECTION('',(0.,-1.,0.));
#3804=DIRECTION('',(0.,0.,-1.));
#3805=DIRECTION('',(0.,-1.,0.));
#3806=DIRECTION('',(0.,0.,-1.));
#3807=DIRECTION('',(0.,-1.,0.));
#3808=DIRECTION('',(0.,0.,-1.));
#3809=DIRECTION('',(0.,-1.,0.));
#3810=DIRECTION('',(0.,0.,-1.));
#3811=DIRECTION('',(0.,-1.,0.));
#3812=DIRECTION('',(0.,0.,-1.));
#3813=DIRECTION('',(0.,-1.,0.));
#3814=DIRECTION('',(0.,0.,-1.));
#3815=DIRECTION('',(0.,-1.,0.));
#3816=DIRECTION('',(0.,0.,-1.));
#3817=DIRECTION('',(0.,-1.,0.));
#3818=DIRECTION('',(0.,0.,-1.));
#3819=DIRECTION('',(0.,-1.,0.));
#3820=DIRECTION('',(0.,0.,-1.));
#3821=DIRECTION('',(0.,-1.,0.));
#3822=DIRECTION('',(0.,0.,-1.));
#3823=DIRECTION('',(0.,-1.,0.));
#3824=DIRECTION('',(0.,0.,-1.));
#3825=DIRECTION('',(0.,-1.,0.));
#3826=DIRECTION('',(0.,1.,0.));
#3827=DIRECTION('',(1.,0.,0.));
#3828=DIRECTION('',(-1.,0.,0.));
#3829=DIRECTION('',(0.,0.,1.));
#3830=DIRECTION('',(-1.,0.,0.));
#3831=DIRECTION('',(0.,0.,1.));
#3832=DIRECTION('',(0.,0.,-1.));
#3833=DIRECTION('',(0.,1.,0.));
#3834=DIRECTION('',(0.,0.,-1.));
#3835=DIRECTION('',(0.,1.,0.));
#3836=DIRECTION('',(0.,0.,1.));
#3837=DIRECTION('',(0.,0.,-1.));
#3838=DIRECTION('',(0.,1.,0.));
#3839=DIRECTION('',(0.,-1.,0.));
#3840=DIRECTION('',(-1.,0.,0.));
#3841=DIRECTION('',(1.,0.,0.));
#3842=DIRECTION('',(0.,0.,1.));
#3843=DIRECTION('',(1.,0.,0.));
#3844=DIRECTION('',(0.,0.,-1.));
#3845=DIRECTION('',(0.,-1.,0.));
#3846=DIRECTION('',(0.,0.,-1.));
#3847=DIRECTION('',(0.,-1.,0.));
#3848=DIRECTION('',(0.,0.,-1.));
#3849=DIRECTION('',(0.,-1.,0.));
#3850=DIRECTION('',(0.,0.,-1.));
#3851=DIRECTION('',(0.,-1.,0.));
#3852=DIRECTION('',(0.,0.,-1.));
#3853=DIRECTION('',(0.,-1.,0.));
#3854=DIRECTION('',(0.,0.,-1.));
#3855=DIRECTION('',(0.,-1.,0.));
#3856=DIRECTION('',(0.,0.,-1.));
#3857=DIRECTION('',(0.,-1.,0.));
#3858=DIRECTION('',(0.,0.,-1.));
#3859=DIRECTION('',(0.,-1.,0.));
#3860=DIRECTION('',(0.,0.,-1.));
#3861=DIRECTION('',(0.,-1.,0.));
#3862=DIRECTION('',(0.,1.,0.));
#3863=DIRECTION('',(1.,0.,0.));
#3864=DIRECTION('',(-1.,0.,0.));
#3865=DIRECTION('',(0.,0.,1.));
#3866=DIRECTION('',(-1.,0.,0.));
#3867=DIRECTION('',(0.,0.,1.));
#3868=DIRECTION('',(0.,0.,-1.));
#3869=DIRECTION('',(0.,1.,0.));
#3870=DIRECTION('',(0.,0.,-1.));
#3871=DIRECTION('',(0.,1.,0.));
#3872=DIRECTION('',(0.,0.,1.));
#3873=DIRECTION('',(0.,0.,-1.));
#3874=DIRECTION('',(0.,1.,0.));
#3875=DIRECTION('',(0.,-1.,0.));
#3876=DIRECTION('',(-1.,0.,0.));
#3877=DIRECTION('',(1.,0.,0.));
#3878=DIRECTION('',(0.,0.,1.));
#3879=DIRECTION('',(1.,0.,0.));
#3880=DIRECTION('',(0.,0.,-1.));
#3881=DIRECTION('',(0.,-1.,0.));
#3882=DIRECTION('',(0.,0.,-1.));
#3883=DIRECTION('',(0.,-1.,0.));
#3884=DIRECTION('',(0.,0.,-1.));
#3885=DIRECTION('',(0.,-1.,0.));
#3886=DIRECTION('',(0.,0.,-1.));
#3887=DIRECTION('',(0.,-1.,0.));
#3888=DIRECTION('',(0.,0.,-1.));
#3889=DIRECTION('',(0.,-1.,0.));
#3890=DIRECTION('',(0.,0.,-1.));
#3891=DIRECTION('',(0.,-1.,0.));
#3892=DIRECTION('',(0.,0.,-1.));
#3893=DIRECTION('',(0.,-1.,0.));
#3894=DIRECTION('',(0.,0.,-1.));
#3895=DIRECTION('',(0.,-1.,0.));
#3896=DIRECTION('',(0.,0.,-1.));
#3897=DIRECTION('',(0.,-1.,0.));
#3898=DIRECTION('',(0.,0.,-1.));
#3899=DIRECTION('',(0.,-1.,0.));
#3900=DIRECTION('',(0.,0.,-1.));
#3901=DIRECTION('',(0.,-1.,0.));
#3902=DIRECTION('',(0.,0.,-1.));
#3903=DIRECTION('',(0.,-1.,0.));
#3904=DIRECTION('',(0.,0.,-1.));
#3905=DIRECTION('',(0.,-1.,0.));
#3906=DIRECTION('',(0.,0.,-1.));
#3907=DIRECTION('',(0.,-1.,0.));
#3908=DIRECTION('',(0.,0.,-1.));
#3909=DIRECTION('',(0.,-1.,0.));
#3910=DIRECTION('',(0.,0.,-1.));
#3911=DIRECTION('',(0.,-1.,0.));
#3912=DIRECTION('',(0.,0.,-1.));
#3913=DIRECTION('',(0.,-1.,0.));
#3914=DIRECTION('',(0.,0.,-1.));
#3915=DIRECTION('',(0.,-1.,0.));
#3916=DIRECTION('',(0.,0.,-1.));
#3917=DIRECTION('',(0.,-1.,0.));
#3918=DIRECTION('',(0.,0.,-1.));
#3919=DIRECTION('',(0.,-1.,0.));
#3920=DIRECTION('',(0.,0.,-1.));
#3921=DIRECTION('',(0.,-1.,0.));
#3922=DIRECTION('',(0.,0.,-1.));
#3923=DIRECTION('',(0.,-1.,0.));
#3924=DIRECTION('',(0.,0.,-1.));
#3925=DIRECTION('',(0.,-1.,0.));
#3926=DIRECTION('',(0.,0.,-1.));
#3927=DIRECTION('',(0.,-1.,0.));
#3928=DIRECTION('',(0.,0.,-1.));
#3929=DIRECTION('',(0.,-1.,0.));
#3930=DIRECTION('',(0.,0.,-1.));
#3931=DIRECTION('',(0.,-1.,0.));
#3932=DIRECTION('',(0.,0.,-1.));
#3933=DIRECTION('',(0.,-1.,0.));
#3934=DIRECTION('',(0.,0.,-1.));
#3935=DIRECTION('',(0.,-1.,0.));
#3936=DIRECTION('',(0.,0.,-1.));
#3937=DIRECTION('',(0.,-1.,0.));
#3938=DIRECTION('',(0.,0.,-1.));
#3939=DIRECTION('',(0.,-1.,0.));
#3940=DIRECTION('',(0.,0.,-1.));
#3941=DIRECTION('',(0.,-1.,0.));
#3942=DIRECTION('',(0.,0.,-1.));
#3943=DIRECTION('',(0.,-1.,0.));
#3944=DIRECTION('',(0.,0.,-1.));
#3945=DIRECTION('',(0.,-1.,0.));
#3946=DIRECTION('',(0.,0.,-1.));
#3947=DIRECTION('',(0.999999999999924,-3.9099533318477E-7,0.));
#3948=DIRECTION('',(0.,0.,1.));
#3949=DIRECTION('',(0.,0.,-1.));
#3950=DIRECTION('',(0.999999999999924,-3.9099533318477E-7,0.));
#3951=DIRECTION('',(0.,0.,1.));
#3952=DIRECTION('',(0.,0.,-1.));
#3953=DIRECTION('',(0.999999999999924,-3.9099533318477E-7,0.));
#3954=DIRECTION('',(1.,0.,0.));
#3955=DIRECTION('',(0.,-1.,0.));
#3956=DIRECTION('',(0.,0.,1.));
#3957=DIRECTION('',(0.,-1.,0.));
#3958=DIRECTION('',(0.,-1.,0.));
#3959=DIRECTION('',(0.,-1.,0.));
#3960=DIRECTION('',(-1.,0.,0.));
#3961=DIRECTION('',(-1.,0.,0.));
#3962=DIRECTION('',(0.,0.,1.));
#3963=DIRECTION('',(-1.,0.,0.));
#3964=DIRECTION('',(0.,0.,-1.));
#3965=DIRECTION('',(7.47075734953692E-7,0.999999999999721,0.));
#3966=DIRECTION('',(0.,0.,1.));
#3967=DIRECTION('',(0.,0.,1.));
#3968=DIRECTION('',(7.47075734953692E-7,0.999999999999721,0.));
#3969=DIRECTION('',(0.,0.,1.));
#3970=DIRECTION('',(7.47075734953692E-7,0.999999999999721,0.));
#3971=DIRECTION('',(0.,0.,-1.));
#3972=DIRECTION('',(-3.9099535213257E-7,-0.999999999999924,0.));
#3973=DIRECTION('',(0.,0.,-1.));
#3974=DIRECTION('',(-3.9099535213257E-7,-0.999999999999924,0.));
#3975=DIRECTION('',(0.,0.,1.));
#3976=DIRECTION('',(0.,0.,-1.));
#3977=DIRECTION('',(-3.9099535213257E-7,-0.999999999999924,0.));
#3978=DIRECTION('',(0.,-1.,0.));
#3979=DIRECTION('',(-1.,0.,0.));
#3980=DIRECTION('',(0.,0.,1.));
#3981=DIRECTION('',(-1.,0.,0.));
#3982=DIRECTION('',(-1.,0.,0.));
#3983=DIRECTION('',(-1.,0.,0.));
#3984=DIRECTION('',(0.,1.,0.));
#3985=DIRECTION('',(0.,1.,0.));
#3986=DIRECTION('',(0.,0.,1.));
#3987=DIRECTION('',(0.,1.,0.));
#3988=DIRECTION('',(0.,0.,-1.));
#3989=DIRECTION('',(0.999999999999924,-3.9099534739557E-7,0.));
#3990=DIRECTION('',(0.,0.,1.));
#3991=DIRECTION('',(0.,0.,-1.));
#3992=DIRECTION('',(0.999999999999924,-3.9099534739557E-7,0.));
#3993=DIRECTION('',(0.,0.,-1.));
#3994=DIRECTION('',(0.999999999999924,-3.9099534739557E-7,0.));
#3995=DIRECTION('',(0.,0.,-1.));
#3996=DIRECTION('',(-0.999999999999721,-7.47075731400992E-7,0.));
#3997=DIRECTION('',(0.,0.,-1.));
#3998=DIRECTION('',(-0.999999999999721,-7.47075731400992E-7,0.));
#3999=DIRECTION('',(0.,0.,1.));
#4000=DIRECTION('',(0.,0.,-1.));
#4001=DIRECTION('',(-0.999999999999721,-7.47075731400992E-7,0.));
#4002=DIRECTION('',(0.,0.,1.));
#4003=DIRECTION('',(1.,0.,0.));
#4004=DIRECTION('',(0.,0.,-1.));
#4005=DIRECTION('',(3.9099535213257E-7,0.999999999999924,0.));
#4006=DIRECTION('',(1.,0.,0.));
#4007=DIRECTION('',(0.,-1.,0.));
#4008=DIRECTION('',(0.,0.,1.));
#4009=DIRECTION('',(1.,0.,0.));
#4010=DIRECTION('',(0.,-1.,0.));
#4011=DIRECTION('',(1.,0.,0.));
#4012=DIRECTION('',(0.,0.,-1.));
#4013=DIRECTION('',(3.9099535213257E-7,0.999999999999924,0.));
#4014=DIRECTION('',(1.,0.,0.));
#4015=DIRECTION('',(0.,-1.,0.));
#4016=DIRECTION('',(0.,0.,1.));
#4017=DIRECTION('',(0.,1.,0.));
#4018=DIRECTION('',(1.,0.,0.));
#4019=DIRECTION('',(0.,0.,1.));
#4020=DIRECTION('',(0.,0.,-1.));
#4021=DIRECTION('',(3.9099535213257E-7,0.999999999999924,0.));
#4022=DIRECTION('',(0.,0.,1.));
#4023=DIRECTION('',(1.,0.,0.));
#4024=CARTESIAN_POINT('',(0.,0.,0.));
#4025=CARTESIAN_POINT('',(0.00950102591057213,0.126508289767966,0.02));
#4026=CARTESIAN_POINT('',(0.0595010259105721,0.126508289767966,0.));
#4027=CARTESIAN_POINT('',(0.0595010259105721,0.126508289767966,0.018));
#4028=CARTESIAN_POINT('',(0.0595010259105721,0.126508289767966,0.002));
#4029=CARTESIAN_POINT('',(-0.0424989740894279,0.126508289767966,0.002));
#4030=CARTESIAN_POINT('',(-0.0404989740894279,0.126508289767966,0.002));
#4031=CARTESIAN_POINT('',(-0.0404989740894279,0.126508289767966,0.02));
#4032=CARTESIAN_POINT('',(-0.0404989740894279,0.126508289767966,0.018));
#4033=CARTESIAN_POINT('',(0.00950102591057213,0.126508289767966,0.018));
#4034=CARTESIAN_POINT('',(0.0495010259105721,0.126508289767966,0.007));
#4035=CARTESIAN_POINT('',(0.0495010259105721,0.126508289767966,0.0105));
#4036=CARTESIAN_POINT('',(0.0495010259105721,0.126508289767966,0.0035));
#4037=CARTESIAN_POINT('',(0.0425010259105722,0.126508289767966,0.0105));
#4038=CARTESIAN_POINT('',(0.0355010259105721,0.126508289767966,0.0105));
#4039=CARTESIAN_POINT('',(0.0355010259105721,0.126508289767966,0.007));
#4040=CARTESIAN_POINT('',(0.0355010259105721,0.126508289767966,0.0035));
#4041=CARTESIAN_POINT('',(0.0425010259105722,0.126508289767966,0.0035));
#4042=CARTESIAN_POINT('',(0.0425010259105722,0.101508289767966,0.009));
#4043=CARTESIAN_POINT('',(0.0375010259105721,0.101508289767966,0.009));
#4044=CARTESIAN_POINT('',(0.0375010259105721,0.119508289767966,0.009));
#4045=CARTESIAN_POINT('',(0.0375010259105721,0.121008289767966,0.009));
#4046=CARTESIAN_POINT('',(0.0425010259105722,0.121008289767966,0.009));
#4047=CARTESIAN_POINT('',(0.0475010259105721,0.121008289767966,0.009));
#4048=CARTESIAN_POINT('',(0.0475010259105721,0.101508289767966,0.009));
#4049=CARTESIAN_POINT('',(0.0475010259105721,0.119508289767966,0.009));
#4050=CARTESIAN_POINT('',(0.00400102591057212,0.119508289767966,0.009));
#4051=CARTESIAN_POINT('',(0.0475010259105721,0.101508289767966,0.007));
#4052=CARTESIAN_POINT('',(0.0475010259105721,0.121008289767966,0.007));
#4053=CARTESIAN_POINT('',(0.0475010259105721,0.121008289767966,0.005));
#4054=CARTESIAN_POINT('',(0.0475010259105721,0.101508289767966,0.005));
#4055=CARTESIAN_POINT('',(0.0475010259105721,0.119508289767966,0.005));
#4056=CARTESIAN_POINT('',(0.0475010259105721,0.119508289767966,0.016));
#4057=CARTESIAN_POINT('',(0.0425010259105722,0.101508289767966,0.005));
#4058=CARTESIAN_POINT('',(0.0425010259105722,0.121008289767966,0.005));
#4059=CARTESIAN_POINT('',(0.0375010259105721,0.121008289767966,0.005));
#4060=CARTESIAN_POINT('',(0.0375010259105721,0.101508289767966,0.005));
#4061=CARTESIAN_POINT('',(0.0375010259105721,0.119508289767966,0.005));
#4062=CARTESIAN_POINT('',(0.00400102591057212,0.119508289767966,0.005));
#4063=CARTESIAN_POINT('',(0.0375010259105721,0.101508289767966,0.007));
#4064=CARTESIAN_POINT('',(0.0375010259105721,0.121008289767966,0.007));
#4065=CARTESIAN_POINT('',(0.0375010259105721,0.119508289767966,0.016));
#4066=CARTESIAN_POINT('',(0.00400102591057212,0.119508289767966,0.016));
#4067=CARTESIAN_POINT('',(-0.0184989740894279,0.119508289767966,0.016));
#4068=CARTESIAN_POINT('',(-0.0184989740894279,0.119508289767966,0.016));
#4069=CARTESIAN_POINT('',(-0.0184989740894279,0.119508289767966,0.003));
#4070=CARTESIAN_POINT('',(0.00400102591057212,0.119508289767966,0.003));
#4071=CARTESIAN_POINT('',(0.0535010259105721,0.119508289767966,0.003));
#4072=CARTESIAN_POINT('',(0.0535010259105721,0.119508289767966,0.016));
#4073=CARTESIAN_POINT('',(0.0535010259105721,0.119508289767966,0.016));
#4074=CARTESIAN_POINT('',(0.00400102591057212,0.119508289767966,0.016));
#4075=CARTESIAN_POINT('',(0.00950102591057212,0.044508289767966,0.003));
#4076=CARTESIAN_POINT('',(-0.0284989740894279,-0.030491710232034,0.003));
#4077=CARTESIAN_POINT('',(-0.0224989740894279,-0.030491710232034,0.003));
#4078=CARTESIAN_POINT('',(-0.0344989740894278,-0.030491710232034,0.003));
#4079=CARTESIAN_POINT('',(-0.0224989740894279,-0.025491710232034,0.003));
#4080=CARTESIAN_POINT('',(-0.0224989740894279,-0.020491710232034,0.003));
#4081=CARTESIAN_POINT('',(-0.0204989740894279,-0.020491710232034,0.003));
#4082=CARTESIAN_POINT('',(-0.0184989740894279,-0.020491710232034,0.003));
#4083=CARTESIAN_POINT('',(-0.0184989740894279,-0.025491710232034,0.003));
#4084=CARTESIAN_POINT('',(-0.0184989740894279,-0.030491710232034,0.003));
#4085=CARTESIAN_POINT('',(0.00400102591057212,-0.030491710232034,0.003));
#4086=CARTESIAN_POINT('',(0.0265010259105721,-0.030491710232034,0.003));
#4087=CARTESIAN_POINT('',(0.0265010259105721,-0.025491710232034,0.003));
#4088=CARTESIAN_POINT('',(0.0265010259105721,-0.020491710232034,0.003));
#4089=CARTESIAN_POINT('',(0.0290010259105722,-0.020491710232034,0.003));
#4090=CARTESIAN_POINT('',(0.0315010259105721,-0.020491710232034,0.003));
#4091=CARTESIAN_POINT('',(0.0315010259105721,-0.025491710232034,0.003));
#4092=CARTESIAN_POINT('',(0.0315010259105721,-0.030491710232034,0.003));
#4093=CARTESIAN_POINT('',(0.0425010259105722,-0.030491710232034,0.003));
#4094=CARTESIAN_POINT('',(0.0535010259105721,-0.030491710232034,0.003));
#4095=CARTESIAN_POINT('',(0.0535010259105721,0.033258289767966,0.003));
#4096=CARTESIAN_POINT('',(-0.0184989740894279,0.114508289767966,0.003));
#4097=CARTESIAN_POINT('',(-0.0184989740894279,0.109508289767966,0.003));
#4098=CARTESIAN_POINT('',(-0.0204989740894279,0.109508289767966,0.003));
#4099=CARTESIAN_POINT('',(-0.0224989740894279,0.109508289767966,0.003));
#4100=CARTESIAN_POINT('',(-0.0224989740894279,0.114508289767966,0.003));
#4101=CARTESIAN_POINT('',(-0.0224989740894279,0.119508289767966,0.003));
#4102=CARTESIAN_POINT('',(-0.0284989740894279,0.119508289767966,0.003));
#4103=CARTESIAN_POINT('',(-0.0344989740894279,0.119508289767966,0.003));
#4104=CARTESIAN_POINT('',(-0.0344989740894278,0.044508289767966,0.003));
#4105=CARTESIAN_POINT('',(0.0290010259105721,0.0719822552513974,0.003));
#4106=CARTESIAN_POINT('',(0.0265010259105721,0.0719822552513974,0.003));
#4107=CARTESIAN_POINT('',(0.0315010259105721,0.0719822552513974,0.003));
#4108=CARTESIAN_POINT('',(0.0265010259105721,0.0769822552513974,0.003));
#4109=CARTESIAN_POINT('',(0.0265010259105721,0.0819822552513974,0.003));
#4110=CARTESIAN_POINT('',(0.0290010259105721,0.0819822552513974,0.003));
#4111=CARTESIAN_POINT('',(0.0315010259105721,0.0819822552513974,0.003));
#4112=CARTESIAN_POINT('',(0.0315010259105721,0.0769822552513974,0.003));
#4113=CARTESIAN_POINT('',(-0.0284989740894279,-0.030491710232034,0.016));
#4114=CARTESIAN_POINT('',(-0.0224989740894279,-0.030491710232034,0.016));
#4115=CARTESIAN_POINT('',(-0.0224989740894279,-0.030491710232034,0.016));
#4116=CARTESIAN_POINT('',(-0.0344989740894278,-0.030491710232034,0.016));
#4117=CARTESIAN_POINT('',(-0.0344989740894278,-0.030491710232034,0.016));
#4118=CARTESIAN_POINT('',(-0.0284989740894279,-0.030491710232034,0.016));
#4119=CARTESIAN_POINT('',(0.00400102591057212,-0.030491710232034,0.016));
#4120=CARTESIAN_POINT('',(-0.0184989740894279,-0.030491710232034,0.016));
#4121=CARTESIAN_POINT('',(-0.0184989740894279,-0.030491710232034,0.016));
#4122=CARTESIAN_POINT('',(0.00400102591057212,-0.030491710232034,0.016));
#4123=CARTESIAN_POINT('',(0.0265010259105721,-0.030491710232034,0.016));
#4124=CARTESIAN_POINT('',(0.0265010259105721,-0.030491710232034,0.016));
#4125=CARTESIAN_POINT('',(0.0425010259105722,-0.030491710232034,0.016));
#4126=CARTESIAN_POINT('',(0.0315010259105721,-0.030491710232034,0.016));
#4127=CARTESIAN_POINT('',(0.0315010259105721,-0.030491710232034,0.016));
#4128=CARTESIAN_POINT('',(0.0425010259105722,-0.030491710232034,0.016));
#4129=CARTESIAN_POINT('',(0.0535010259105721,-0.030491710232034,0.016));
#4130=CARTESIAN_POINT('',(0.0535010259105721,-0.030491710232034,0.016));
#4131=CARTESIAN_POINT('',(-0.0284989740894279,0.119508289767966,0.016));
#4132=CARTESIAN_POINT('',(-0.0224989740894279,0.119508289767966,0.016));
#4133=CARTESIAN_POINT('',(-0.0224989740894279,0.119508289767966,0.016));
#4134=CARTESIAN_POINT('',(-0.0284989740894279,0.119508289767966,0.016));
#4135=CARTESIAN_POINT('',(-0.0344989740894279,0.119508289767966,0.016));
#4136=CARTESIAN_POINT('',(-0.0344989740894279,0.119508289767966,0.016));
#4137=CARTESIAN_POINT('',(-0.0344989740894278,0.044508289767966,0.016));
#4138=CARTESIAN_POINT('',(-0.0344989740894278,0.044508289767966,0.016));
#4139=CARTESIAN_POINT('',(-0.0184989740894279,-0.025491710232034,0.016));
#4140=CARTESIAN_POINT('',(-0.0184989740894279,-0.020491710232034,0.016));
#4141=CARTESIAN_POINT('',(-0.0184989740894279,-0.020491710232034,0.016));
#4142=CARTESIAN_POINT('',(-0.0184989740894279,-0.025491710232034,0.016));
#4143=CARTESIAN_POINT('',(-0.0204989740894279,-0.020491710232034,0.016));
#4144=CARTESIAN_POINT('',(-0.0224989740894279,-0.020491710232034,0.016));
#4145=CARTESIAN_POINT('',(-0.0224989740894279,-0.020491710232034,0.016));
#4146=CARTESIAN_POINT('',(-0.0204989740894279,-0.020491710232034,0.016));
#4147=CARTESIAN_POINT('',(-0.0224989740894279,-0.025491710232034,0.016));
#4148=CARTESIAN_POINT('',(-0.0224989740894279,-0.025491710232034,0.016));
#4149=CARTESIAN_POINT('',(-0.0224989740894279,0.114508289767966,0.016));
#4150=CARTESIAN_POINT('',(-0.0224989740894279,0.109508289767966,0.016));
#4151=CARTESIAN_POINT('',(-0.0224989740894279,0.109508289767966,0.016));
#4152=CARTESIAN_POINT('',(-0.0224989740894279,0.114508289767966,0.016));
#4153=CARTESIAN_POINT('',(-0.0204989740894279,0.109508289767966,0.016));
#4154=CARTESIAN_POINT('',(-0.0184989740894279,0.109508289767966,0.016));
#4155=CARTESIAN_POINT('',(-0.0184989740894279,0.109508289767966,0.016));
#4156=CARTESIAN_POINT('',(-0.0204989740894279,0.109508289767966,0.016));
#4157=CARTESIAN_POINT('',(-0.0184989740894279,0.114508289767966,0.016));
#4158=CARTESIAN_POINT('',(-0.0184989740894279,0.114508289767966,0.016));
#4159=CARTESIAN_POINT('',(0.0535010259105721,0.108258289767966,0.016));
#4160=CARTESIAN_POINT('',(0.0535010259105721,0.108258289767966,0.016));
#4161=CARTESIAN_POINT('',(0.0315010259105721,-0.025491710232034,0.016));
#4162=CARTESIAN_POINT('',(0.0315010259105721,-0.020491710232034,0.016));
#4163=CARTESIAN_POINT('',(0.0315010259105721,-0.020491710232034,0.016));
#4164=CARTESIAN_POINT('',(0.0315010259105721,-0.025491710232034,0.016));
#4165=CARTESIAN_POINT('',(0.0290010259105722,-0.020491710232034,0.016));
#4166=CARTESIAN_POINT('',(0.0265010259105721,-0.020491710232034,0.016));
#4167=CARTESIAN_POINT('',(0.0265010259105721,-0.020491710232034,0.016));
#4168=CARTESIAN_POINT('',(0.0290010259105722,-0.020491710232034,0.016));
#4169=CARTESIAN_POINT('',(0.0265010259105721,-0.025491710232034,0.016));
#4170=CARTESIAN_POINT('',(0.0265010259105721,-0.025491710232034,0.016));
#4171=CARTESIAN_POINT('',(0.00950102591057212,0.044508289767966,0.016));
#4172=CARTESIAN_POINT('',(-0.0404989740894278,0.044508289767966,0.016));
#4173=CARTESIAN_POINT('',(-0.0404989740894278,-0.035491710232034,0.016));
#4174=CARTESIAN_POINT('',(-0.0404989740894278,0.124508289767966,0.016));
#4175=CARTESIAN_POINT('',(0.00950102591057213,-0.035491710232034,0.016));
#4176=CARTESIAN_POINT('',(0.0595010259105721,-0.035491710232034,0.016));
#4177=CARTESIAN_POINT('',(0.0595010259105721,0.044508289767966,0.016));
#4178=CARTESIAN_POINT('',(0.0595010259105721,0.124508289767966,0.016));
#4179=CARTESIAN_POINT('',(0.00950102591057213,0.124508289767966,0.016));
#4180=CARTESIAN_POINT('',(0.00950102591057212,0.044508289767966,0.016));
#4181=CARTESIAN_POINT('',(0.0265010259105721,0.0769822552513974,0.016));
#4182=CARTESIAN_POINT('',(0.0265010259105721,0.0719822552513974,0.016));
#4183=CARTESIAN_POINT('',(0.0265010259105721,0.0819822552513974,0.016));
#4184=CARTESIAN_POINT('',(0.0290010259105721,0.0719822552513974,0.016));
#4185=CARTESIAN_POINT('',(0.0315010259105721,0.0719822552513974,0.016));
#4186=CARTESIAN_POINT('',(0.0315010259105721,0.0769822552513974,0.016));
#4187=CARTESIAN_POINT('',(0.0315010259105721,0.0819822552513974,0.016));
#4188=CARTESIAN_POINT('',(0.0290010259105721,0.0819822552513974,0.016));
#4189=CARTESIAN_POINT('',(0.0290010259105721,0.0819822552513974,0.016));
#4190=CARTESIAN_POINT('',(0.0315010259105721,0.0819822552513974,0.016));
#4191=CARTESIAN_POINT('',(0.0265010259105721,0.0819822552513974,0.016));
#4192=CARTESIAN_POINT('',(0.0315010259105721,0.0769822552513974,0.016));
#4193=CARTESIAN_POINT('',(0.0315010259105721,0.0719822552513974,0.016));
#4194=CARTESIAN_POINT('',(0.0290010259105721,0.0719822552513974,0.016));
#4195=CARTESIAN_POINT('',(0.0265010259105721,0.0719822552513974,0.016));
#4196=CARTESIAN_POINT('',(0.0265010259105721,0.0769822552513974,0.016));
#4197=CARTESIAN_POINT('',(-0.0404989740894278,0.044508289767966,0.02));
#4198=CARTESIAN_POINT('',(-0.0404989740894278,-0.035491710232034,0.02));
#4199=CARTESIAN_POINT('',(-0.0404989740894278,-0.035491710232034,0.02));
#4200=CARTESIAN_POINT('',(-0.0404989740894278,0.124508289767966,0.02));
#4201=CARTESIAN_POINT('',(-0.0404989740894278,0.124508289767966,0.02));
#4202=CARTESIAN_POINT('',(-0.0404989740894278,0.044508289767966,0.02));
#4203=CARTESIAN_POINT('',(0.00950102591057213,-0.035491710232034,0.02));
#4204=CARTESIAN_POINT('',(0.00950102591057213,-0.035491710232034,0.02));
#4205=CARTESIAN_POINT('',(0.0595010259105721,-0.035491710232034,0.02));
#4206=CARTESIAN_POINT('',(0.0595010259105721,-0.035491710232034,0.02));
#4207=CARTESIAN_POINT('',(0.0595010259105721,0.044508289767966,0.02));
#4208=CARTESIAN_POINT('',(0.0595010259105721,0.044508289767966,0.02));
#4209=CARTESIAN_POINT('',(0.0595010259105721,0.124508289767966,0.02));
#4210=CARTESIAN_POINT('',(0.0595010259105721,0.124508289767966,0.02));
#4211=CARTESIAN_POINT('',(0.00950102591057213,0.124508289767966,0.02));
#4212=CARTESIAN_POINT('',(0.00950102591057213,0.124508289767966,0.02));
#4213=CARTESIAN_POINT('',(-0.0424989740894279,0.044508289767966,0.02));
#4214=CARTESIAN_POINT('',(-0.0424989740894279,0.124508289767966,0.02));
#4215=CARTESIAN_POINT('',(-0.0424989740894279,0.124508289767966,0.018));
#4216=CARTESIAN_POINT('',(-0.0424989740894279,0.124508289767966,0.002));
#4217=CARTESIAN_POINT('',(-0.0424989740894279,-0.037491710232034,0.002));
#4218=CARTESIAN_POINT('',(-0.0424989740894279,-0.035491710232034,0.002));
#4219=CARTESIAN_POINT('',(-0.0424989740894279,-0.035491710232034,0.02));
#4220=CARTESIAN_POINT('',(-0.0424989740894279,-0.035491710232034,0.018));
#4221=CARTESIAN_POINT('',(-0.0424989740894279,0.044508289767966,0.018));
#4222=CARTESIAN_POINT('',(0.00950102591057213,-0.037491710232034,0.02));
#4223=CARTESIAN_POINT('',(-0.0424989740894279,-0.037491710232034,0.018));
#4224=CARTESIAN_POINT('',(0.0595010259105721,-0.037491710232034,0.018));
#4225=CARTESIAN_POINT('',(-0.0404989740894279,-0.037491710232034,0.018));
#4226=CARTESIAN_POINT('',(-0.0404989740894279,-0.037491710232034,0.));
#4227=CARTESIAN_POINT('',(-0.0404989740894279,-0.037491710232034,0.002));
#4228=CARTESIAN_POINT('',(0.00950102591057213,-0.037491710232034,0.002));
#4229=CARTESIAN_POINT('',(0.0595010259105721,-0.037491710232034,0.002));
#4230=CARTESIAN_POINT('',(0.0595010259105721,-0.037491710232034,0.02));
#4231=CARTESIAN_POINT('',(0.0615010259105721,0.044508289767966,0.02));
#4232=CARTESIAN_POINT('',(0.0615010259105721,-0.035491710232034,0.02));
#4233=CARTESIAN_POINT('',(0.0615010259105721,-0.035491710232034,0.018));
#4234=CARTESIAN_POINT('',(0.0615010259105721,-0.035491710232034,0.002));
#4235=CARTESIAN_POINT('',(0.0615010259105721,0.044508289767966,0.002));
#4236=CARTESIAN_POINT('',(0.0615010259105721,0.124508289767966,0.002));
#4237=CARTESIAN_POINT('',(0.0615010259105721,0.124508289767966,0.02));
#4238=CARTESIAN_POINT('',(0.0615010259105721,0.124508289767966,0.018));
#4239=CARTESIAN_POINT('',(0.0615010259105721,-0.037491710232034,0.018));
#4240=CARTESIAN_POINT('',(0.00950102591057212,0.044508289767966,0.));
#4241=CARTESIAN_POINT('',(0.0615010259105721,0.124508289767966,0.));
#4242=CARTESIAN_POINT('',(-0.0404989740894279,0.124508289767966,0.));
#4243=CARTESIAN_POINT('',(0.0595010259105721,0.124508289767966,0.));
#4244=CARTESIAN_POINT('',(0.0595010259105721,0.044508289767966,0.));
#4245=CARTESIAN_POINT('',(0.0595010259105721,-0.035491710232034,0.));
#4246=CARTESIAN_POINT('',(0.00950102591057212,-0.035491710232034,0.));
#4247=CARTESIAN_POINT('',(-0.0404989740894279,-0.035491710232034,0.));
#4248=CARTESIAN_POINT('',(-0.0404989740894279,0.126508289767966,0.));
#4249=CARTESIAN_POINT('',(0.0425010259105722,0.121008289767966,0.0105));
#4250=CARTESIAN_POINT('',(0.0495010259105721,0.121008289767966,0.0105));
#4251=CARTESIAN_POINT('',(0.0495010259105721,0.121008289767966,0.0105));
#4252=CARTESIAN_POINT('',(0.0425010259105722,0.121008289767966,0.0105));
#4253=CARTESIAN_POINT('',(0.0355010259105721,0.121008289767966,0.0105));
#4254=CARTESIAN_POINT('',(0.0355010259105721,0.121008289767966,0.0105));
#4255=CARTESIAN_POINT('',(0.0495010259105721,0.121008289767966,0.007));
#4256=CARTESIAN_POINT('',(0.0495010259105721,0.121008289767966,0.0035));
#4257=CARTESIAN_POINT('',(0.0495010259105721,0.121008289767966,0.0035));
#4258=CARTESIAN_POINT('',(0.0495010259105721,0.121008289767966,0.007));
#4259=CARTESIAN_POINT('',(0.0425010259105722,0.121008289767966,0.0035));
#4260=CARTESIAN_POINT('',(0.0355010259105721,0.121008289767966,0.0035));
#4261=CARTESIAN_POINT('',(0.0355010259105721,0.121008289767966,0.0035));
#4262=CARTESIAN_POINT('',(0.0425010259105722,0.121008289767966,0.0035));
#4263=CARTESIAN_POINT('',(0.0355010259105721,0.121008289767966,0.007));
#4264=CARTESIAN_POINT('',(0.0355010259105721,0.121008289767966,0.007));
#4265=CARTESIAN_POINT('',(0.00950102591057212,0.121008289767966,0.01));
#4266=CARTESIAN_POINT('',(-0.0404989740894279,0.044508289767966,0.018));
#4267=CARTESIAN_POINT('',(-0.0404989740894279,-0.035491710232034,0.018));
#4268=CARTESIAN_POINT('',(-0.0404989740894279,0.124508289767966,0.018));
#4269=CARTESIAN_POINT('',(-0.0404989740894279,-0.035491710232034,0.018));
#4270=CARTESIAN_POINT('',(-0.0404989740894279,-0.035491710232034,0.018));
#4271=CARTESIAN_POINT('',(-0.0404989740894279,-0.035491710232034,0.018));
#4272=CARTESIAN_POINT('',(-0.0404989740894279,0.124508289767966,0.018));
#4273=CARTESIAN_POINT('',(-0.0404989740894279,0.124508289767966,0.018));
#4274=CARTESIAN_POINT('',(-0.0404989740894279,0.124508289767966,0.018));
#4275=CARTESIAN_POINT('',(-0.0404989740894279,-0.035491710232034,0.02));
#4276=CARTESIAN_POINT('',(-0.0404989740894279,-0.035491710232034,0.002));
#4277=CARTESIAN_POINT('',(0.00950102591057212,-0.035491710232034,0.018));
#4278=CARTESIAN_POINT('',(0.0595010259105721,-0.035491710232034,0.018));
#4279=CARTESIAN_POINT('',(0.0595010259105721,0.044508289767966,0.018));
#4280=CARTESIAN_POINT('',(0.0595010259105721,0.124508289767966,0.018));
#4281=CARTESIAN_POINT('',(0.0595010259105721,-0.035491710232034,0.018));
#4282=CARTESIAN_POINT('',(0.00950102591057213,0.124508289767966,0.018));
#4283=CARTESIAN_POINT('',(0.0595010259105721,0.124508289767966,0.018));
#4284=CARTESIAN_POINT('',(-0.0404989740894279,0.124508289767966,0.02));
#4285=CARTESIAN_POINT('',(-0.0404989740894279,0.124508289767966,0.002));
#4286=CARTESIAN_POINT('',(-0.0404989740894279,0.044508289767966,0.002));
#4287=CARTESIAN_POINT('',(-0.0404989740894279,-0.035491710232034,0.002));
#4288=CARTESIAN_POINT('',(-0.0404989740894279,0.124508289767966,0.002));
#4289=CARTESIAN_POINT('',(-0.0404989740894279,-0.035491710232034,0.002));
#4290=CARTESIAN_POINT('',(-0.0404989740894279,-0.035491710232034,0.002));
#4291=CARTESIAN_POINT('',(0.0595010259105721,-0.035491710232034,0.018));
#4292=CARTESIAN_POINT('',(0.0595010259105721,-0.035491710232034,0.018));
#4293=CARTESIAN_POINT('',(0.0595010259105721,0.124508289767966,0.018));
#4294=CARTESIAN_POINT('',(0.0595010259105721,0.124508289767966,0.018));
#4295=CARTESIAN_POINT('',(-0.0404989740894279,0.124508289767966,0.002));
#4296=CARTESIAN_POINT('',(-0.0404989740894279,0.124508289767966,0.002));
#4297=CARTESIAN_POINT('',(0.00950102591057213,-0.035491710232034,0.002));
#4298=CARTESIAN_POINT('',(0.0595010259105721,-0.035491710232034,0.002));
#4299=CARTESIAN_POINT('',(0.0595010259105721,-0.035491710232034,0.02));
#4300=CARTESIAN_POINT('',(0.0595010259105721,-0.035491710232034,0.002));
#4301=CARTESIAN_POINT('',(0.0595010259105721,0.124508289767966,0.02));
#4302=CARTESIAN_POINT('',(0.0595010259105721,0.124508289767966,0.002));
#4303=CARTESIAN_POINT('',(0.00950102591057212,0.124508289767966,0.002));
#4304=CARTESIAN_POINT('',(0.0595010259105721,0.124508289767966,0.002));
#4305=CARTESIAN_POINT('',(0.0595010259105721,-0.035491710232034,0.002));
#4306=CARTESIAN_POINT('',(0.0595010259105721,-0.035491710232034,0.002));
#4307=CARTESIAN_POINT('',(0.0595010259105721,0.124508289767966,0.002));
#4308=CARTESIAN_POINT('',(0.0595010259105721,0.124508289767966,0.002));
#4309=CARTESIAN_POINT('',(0.0595010259105721,0.044508289767966,0.002));
#4310=CARTESIAN_POINT('',(0.,0.,0.));
#4311=CARTESIAN_POINT('',(0.001,-0.000625,0.));
#4312=CARTESIAN_POINT('',(0.001,-0.000625,0.));
#4313=CARTESIAN_POINT('',(0.001,-0.000625,4.E-5));
#4314=CARTESIAN_POINT('',(0.001,-0.000625,0.00121));
#4315=CARTESIAN_POINT('',(0.001,-0.000585,4.E-5));
#4316=CARTESIAN_POINT('',(0.001,-0.000585,0.));
#4317=CARTESIAN_POINT('',(0.001,-0.000625,0.));
#4318=CARTESIAN_POINT('',(0.001,0.000585,0.));
#4319=CARTESIAN_POINT('',(0.001,0.000585,4.E-5));
#4320=CARTESIAN_POINT('',(0.001,0.000625,4.E-5));
#4321=CARTESIAN_POINT('',(0.001,0.000625,0.));
#4322=CARTESIAN_POINT('',(0.001,0.000625,0.00121));
#4323=CARTESIAN_POINT('',(0.001,0.000585,0.00121));
#4324=CARTESIAN_POINT('',(0.001,0.000585,0.00125));
#4325=CARTESIAN_POINT('',(0.001,-0.000625,0.00125));
#4326=CARTESIAN_POINT('',(0.001,-0.000585,0.00125));
#4327=CARTESIAN_POINT('',(0.001,-0.000585,0.00121));
#4328=CARTESIAN_POINT('',(-0.001,0.000625,0.));
#4329=CARTESIAN_POINT('',(0.0006,0.000625,4.E-5));
#4330=CARTESIAN_POINT('',(0.0006,0.000625,4.E-5));
#4331=CARTESIAN_POINT('',(0.0006,0.000625,0.));
#4332=CARTESIAN_POINT('',(0.0006,0.000625,0.00121));
#4333=CARTESIAN_POINT('',(0.0006,0.000625,0.00121));
#4334=CARTESIAN_POINT('',(-0.001,0.000585,0.00121));
#4335=CARTESIAN_POINT('',(0.0006,0.000585,0.00121));
#4336=CARTESIAN_POINT('',(0.0006,0.000585,0.00125));
#4337=CARTESIAN_POINT('',(0.0006,0.000585,0.00125));
#4338=CARTESIAN_POINT('',(-0.001,0.000585,4.E-5));
#4339=CARTESIAN_POINT('',(0.0006,0.000585,0.));
#4340=CARTESIAN_POINT('',(0.0006,0.000585,0.));
#4341=CARTESIAN_POINT('',(0.0006,0.000585,4.E-5));
#4342=CARTESIAN_POINT('',(-0.001,-0.000625,0.00125));
#4343=CARTESIAN_POINT('',(0.0006,-0.000625,0.00125));
#4344=CARTESIAN_POINT('',(0.0006,-0.000585,0.00125));
#4345=CARTESIAN_POINT('',(0.0006,-0.000585,0.00125));
#4346=CARTESIAN_POINT('',(-0.001,-0.000625,0.));
#4347=CARTESIAN_POINT('',(0.0006,-0.000585,0.));
#4348=CARTESIAN_POINT('',(0.0006,-0.000585,0.));
#4349=CARTESIAN_POINT('',(0.0006,-0.000625,0.));
#4350=CARTESIAN_POINT('',(-0.001,-0.000585,0.00121));
#4351=CARTESIAN_POINT('',(0.0006,-0.000625,0.00121));
#4352=CARTESIAN_POINT('',(0.0006,-0.000625,0.00121));
#4353=CARTESIAN_POINT('',(0.0006,-0.000585,0.00121));
#4354=CARTESIAN_POINT('',(-0.001,-0.000585,4.E-5));
#4355=CARTESIAN_POINT('',(0.0006,-0.000585,4.E-5));
#4356=CARTESIAN_POINT('',(0.0006,-0.000625,4.E-5));
#4357=CARTESIAN_POINT('',(0.0006,-0.000625,4.E-5));
#4358=CARTESIAN_POINT('',(-0.001,-0.000625,0.));
#4359=CARTESIAN_POINT('',(0.0006,-0.000625,0.));
#4360=CARTESIAN_POINT('',(0.0006,-0.000625,0.));
#4361=CARTESIAN_POINT('',(0.0006,-0.000585,4.E-5));
#4362=CARTESIAN_POINT('',(0.0006,-0.000545,4.E-5));
#4363=CARTESIAN_POINT('',(0.0006,0.000545,4.E-5));
#4364=CARTESIAN_POINT('',(0.0006,0.000545,8.E-5));
#4365=CARTESIAN_POINT('',(0.0006,0.000585,8.E-5));
#4366=CARTESIAN_POINT('',(0.0006,0.000585,4.E-5));
#4367=CARTESIAN_POINT('',(0.0006,0.000585,0.00117));
#4368=CARTESIAN_POINT('',(0.0006,0.000545,0.00117));
#4369=CARTESIAN_POINT('',(0.0006,0.000545,0.00121));
#4370=CARTESIAN_POINT('',(0.0006,-0.000585,0.00121));
#4371=CARTESIAN_POINT('',(0.0006,-0.000545,0.00121));
#4372=CARTESIAN_POINT('',(0.0006,-0.000545,0.00117));
#4373=CARTESIAN_POINT('',(0.0006,-0.000585,0.00117));
#4374=CARTESIAN_POINT('',(0.0006,-0.000585,4.E-5));
#4375=CARTESIAN_POINT('',(0.0006,-0.000585,8.E-5));
#4376=CARTESIAN_POINT('',(0.0006,-0.000545,8.E-5));
#4377=CARTESIAN_POINT('',(-0.0006,-0.000585,4.E-5));
#4378=CARTESIAN_POINT('',(-0.0006,-0.000585,0.00117));
#4379=CARTESIAN_POINT('',(-0.0006,-0.000585,0.00117));
#4380=CARTESIAN_POINT('',(-0.0006,-0.000585,4.E-5));
#4381=CARTESIAN_POINT('',(-0.0006,-0.000585,8.E-5));
#4382=CARTESIAN_POINT('',(-0.0006,-0.000585,8.E-5));
#4383=CARTESIAN_POINT('',(-0.0006,-0.000545,0.00117));
#4384=CARTESIAN_POINT('',(-0.0006,-0.000545,0.00121));
#4385=CARTESIAN_POINT('',(-0.0006,-0.000545,0.00121));
#4386=CARTESIAN_POINT('',(-0.0006,-0.000545,0.00117));
#4387=CARTESIAN_POINT('',(-0.0006,-0.000585,0.00121));
#4388=CARTESIAN_POINT('',(-0.0006,-0.000585,0.00121));
#4389=CARTESIAN_POINT('',(-0.0006,0.000545,0.00121));
#4390=CARTESIAN_POINT('',(-0.0006,0.000545,0.00121));
#4391=CARTESIAN_POINT('',(-0.0006,0.000545,0.00117));
#4392=CARTESIAN_POINT('',(-0.0006,0.000545,0.00117));
#4393=CARTESIAN_POINT('',(-0.0006,0.000585,0.00117));
#4394=CARTESIAN_POINT('',(-0.0006,0.000585,0.00117));
#4395=CARTESIAN_POINT('',(-0.0006,0.000585,4.E-5));
#4396=CARTESIAN_POINT('',(-0.0006,0.000585,8.E-5));
#4397=CARTESIAN_POINT('',(-0.0006,0.000585,8.E-5));
#4398=CARTESIAN_POINT('',(-0.0006,0.000585,4.E-5));
#4399=CARTESIAN_POINT('',(-0.0006,0.000545,8.E-5));
#4400=CARTESIAN_POINT('',(-0.0006,0.000545,4.E-5));
#4401=CARTESIAN_POINT('',(-0.0006,0.000545,4.E-5));
#4402=CARTESIAN_POINT('',(-0.0006,0.000545,8.E-5));
#4403=CARTESIAN_POINT('',(-0.0006,-0.000585,4.E-5));
#4404=CARTESIAN_POINT('',(-0.0006,-0.000545,4.E-5));
#4405=CARTESIAN_POINT('',(-0.0006,-0.000545,4.E-5));
#4406=CARTESIAN_POINT('',(-0.0006,-0.000585,4.E-5));
#4407=CARTESIAN_POINT('',(-0.0006,-0.000545,8.E-5));
#4408=CARTESIAN_POINT('',(-0.0006,-0.000545,8.E-5));
#4409=CARTESIAN_POINT('',(-0.0006,-0.000625,0.));
#4410=CARTESIAN_POINT('',(-0.0006,-0.000625,0.));
#4411=CARTESIAN_POINT('',(-0.0006,-0.000625,4.E-5));
#4412=CARTESIAN_POINT('',(-0.0006,-0.000625,0.00121));
#4413=CARTESIAN_POINT('',(-0.0006,-0.000585,4.E-5));
#4414=CARTESIAN_POINT('',(-0.0006,-0.000585,0.));
#4415=CARTESIAN_POINT('',(-0.0006,-0.000625,0.));
#4416=CARTESIAN_POINT('',(-0.0006,0.000585,0.));
#4417=CARTESIAN_POINT('',(-0.0006,0.000585,4.E-5));
#4418=CARTESIAN_POINT('',(-0.0006,0.000625,4.E-5));
#4419=CARTESIAN_POINT('',(-0.0006,0.000625,0.));
#4420=CARTESIAN_POINT('',(-0.0006,0.000625,0.00121));
#4421=CARTESIAN_POINT('',(-0.0006,0.000585,0.00121));
#4422=CARTESIAN_POINT('',(-0.0006,0.000585,0.00125));
#4423=CARTESIAN_POINT('',(-0.0006,-0.000625,0.00125));
#4424=CARTESIAN_POINT('',(-0.0006,-0.000585,0.00125));
#4425=CARTESIAN_POINT('',(-0.0006,-0.000585,0.00121));
#4426=CARTESIAN_POINT('',(-0.001,0.000625,0.));
#4427=CARTESIAN_POINT('',(-0.001,0.000625,4.E-5));
#4428=CARTESIAN_POINT('',(-0.001,0.000625,4.E-5));
#4429=CARTESIAN_POINT('',(-0.001,0.000625,0.));
#4430=CARTESIAN_POINT('',(-0.001,0.000625,0.00121));
#4431=CARTESIAN_POINT('',(-0.001,0.000625,0.00121));
#4432=CARTESIAN_POINT('',(-0.001,0.000585,0.00121));
#4433=CARTESIAN_POINT('',(-0.001,0.000585,0.00121));
#4434=CARTESIAN_POINT('',(-0.001,0.000585,0.00125));
#4435=CARTESIAN_POINT('',(-0.001,0.000585,0.00125));
#4436=CARTESIAN_POINT('',(-0.001,0.000585,4.E-5));
#4437=CARTESIAN_POINT('',(-0.001,0.000585,0.));
#4438=CARTESIAN_POINT('',(-0.001,0.000585,0.));
#4439=CARTESIAN_POINT('',(-0.001,0.000585,4.E-5));
#4440=CARTESIAN_POINT('',(-0.001,-0.000625,0.00125));
#4441=CARTESIAN_POINT('',(-0.001,-0.000625,0.00125));
#4442=CARTESIAN_POINT('',(-0.001,-0.000585,0.00125));
#4443=CARTESIAN_POINT('',(-0.001,-0.000585,0.00125));
#4444=CARTESIAN_POINT('',(-0.001,-0.000625,0.));
#4445=CARTESIAN_POINT('',(-0.001,-0.000585,0.));
#4446=CARTESIAN_POINT('',(-0.001,-0.000585,0.));
#4447=CARTESIAN_POINT('',(-0.001,-0.000625,0.));
#4448=CARTESIAN_POINT('',(-0.001,-0.000585,0.00121));
#4449=CARTESIAN_POINT('',(-0.001,-0.000625,0.00121));
#4450=CARTESIAN_POINT('',(-0.001,-0.000625,0.00121));
#4451=CARTESIAN_POINT('',(-0.001,-0.000585,0.00121));
#4452=CARTESIAN_POINT('',(-0.001,-0.000585,4.E-5));
#4453=CARTESIAN_POINT('',(-0.001,-0.000585,4.E-5));
#4454=CARTESIAN_POINT('',(-0.001,-0.000625,4.E-5));
#4455=CARTESIAN_POINT('',(-0.001,-0.000625,4.E-5));
#4456=CARTESIAN_POINT('',(-0.001,-0.000625,0.));
#4457=CARTESIAN_POINT('',(-0.001,-0.000625,0.));
#4458=CARTESIAN_POINT('',(-0.001,-0.000625,0.));
#4459=CARTESIAN_POINT('',(-0.128161674723029,0.102382973782718,0.0438444026958942));
#4460=CARTESIAN_POINT('',(0.191375,-0.03163,-4.6E-5));
#4461=CARTESIAN_POINT('',(0.191375,-0.03163,0.00151));
#4462=CARTESIAN_POINT('',(0.191375,-0.03213,0.00151));
#4463=CARTESIAN_POINT('',(0.191375,-0.03163,0.));
#4464=CARTESIAN_POINT('',(0.191375,-0.03213,0.));
#4465=CARTESIAN_POINT('',(0.191375,-0.03417,-4.6E-5));
#4466=CARTESIAN_POINT('',(0.191375,-0.03417,0.00151));
#4467=CARTESIAN_POINT('',(0.191375,-0.03467,0.00151));
#4468=CARTESIAN_POINT('',(0.191375,-0.03417,0.));
#4469=CARTESIAN_POINT('',(0.191375,-0.03467,0.));
#4470=CARTESIAN_POINT('',(0.191375,-0.03671,-4.6E-5));
#4471=CARTESIAN_POINT('',(0.191375,-0.03671,0.00151));
#4472=CARTESIAN_POINT('',(0.191375,-0.03721,0.00151));
#4473=CARTESIAN_POINT('',(0.191375,-0.03671,0.));
#4474=CARTESIAN_POINT('',(0.191375,-0.03721,0.));
#4475=CARTESIAN_POINT('',(0.191375,-0.03925,-4.6E-5));
#4476=CARTESIAN_POINT('',(0.191375,-0.03925,0.00151));
#4477=CARTESIAN_POINT('',(0.191375,-0.03975,0.00151));
#4478=CARTESIAN_POINT('',(0.191375,-0.03925,0.));
#4479=CARTESIAN_POINT('',(0.191375,-0.03975,0.));
#4480=CARTESIAN_POINT('',(0.191375,-0.04179,-4.6E-5));
#4481=CARTESIAN_POINT('',(0.191375,-0.04179,0.00151));
#4482=CARTESIAN_POINT('',(0.191375,-0.04229,0.00151));
#4483=CARTESIAN_POINT('',(0.191375,-0.04179,0.));
#4484=CARTESIAN_POINT('',(0.191375,-0.04229,0.));
#4485=CARTESIAN_POINT('',(0.191375,-0.04433,-4.6E-5));
#4486=CARTESIAN_POINT('',(0.191375,-0.04433,0.00151));
#4487=CARTESIAN_POINT('',(0.191375,-0.04483,0.00151));
#4488=CARTESIAN_POINT('',(0.191375,-0.04433,0.));
#4489=CARTESIAN_POINT('',(0.191375,-0.04483,0.));
#4490=CARTESIAN_POINT('',(0.191375,-0.04687,-4.6E-5));
#4491=CARTESIAN_POINT('',(0.191375,-0.04687,0.00151));
#4492=CARTESIAN_POINT('',(0.191375,-0.04737,0.00151));
#4493=CARTESIAN_POINT('',(0.191375,-0.04687,0.));
#4494=CARTESIAN_POINT('',(0.191375,-0.04737,0.));
#4495=CARTESIAN_POINT('',(0.176125,-0.03163,-4.6E-5));
#4496=CARTESIAN_POINT('',(0.176125,-0.03163,0.00151));
#4497=CARTESIAN_POINT('',(0.176125,-0.03213,0.00151));
#4498=CARTESIAN_POINT('',(0.176125,-0.03163,0.));
#4499=CARTESIAN_POINT('',(0.176125,-0.03213,0.));
#4500=CARTESIAN_POINT('',(0.176125,-0.03417,-4.6E-5));
#4501=CARTESIAN_POINT('',(0.176125,-0.03417,0.00151));
#4502=CARTESIAN_POINT('',(0.176125,-0.03467,0.00151));
#4503=CARTESIAN_POINT('',(0.176125,-0.03417,0.));
#4504=CARTESIAN_POINT('',(0.176125,-0.03467,0.));
#4505=CARTESIAN_POINT('',(0.176125,-0.03671,-4.6E-5));
#4506=CARTESIAN_POINT('',(0.176125,-0.03671,0.00151));
#4507=CARTESIAN_POINT('',(0.176125,-0.03721,0.00151));
#4508=CARTESIAN_POINT('',(0.176125,-0.03671,0.));
#4509=CARTESIAN_POINT('',(0.176125,-0.03721,0.));
#4510=CARTESIAN_POINT('',(0.176125,-0.03925,-4.6E-5));
#4511=CARTESIAN_POINT('',(0.176125,-0.03925,0.00151));
#4512=CARTESIAN_POINT('',(0.176125,-0.03975,0.00151));
#4513=CARTESIAN_POINT('',(0.176125,-0.03925,0.));
#4514=CARTESIAN_POINT('',(0.176125,-0.03975,0.));
#4515=CARTESIAN_POINT('',(0.176125,-0.04179,-4.6E-5));
#4516=CARTESIAN_POINT('',(0.176125,-0.04179,0.00151));
#4517=CARTESIAN_POINT('',(0.176125,-0.04229,0.00151));
#4518=CARTESIAN_POINT('',(0.176125,-0.04179,0.));
#4519=CARTESIAN_POINT('',(0.176125,-0.04229,0.));
#4520=CARTESIAN_POINT('',(0.176125,-0.04433,-4.6E-5));
#4521=CARTESIAN_POINT('',(0.176125,-0.04433,0.00151));
#4522=CARTESIAN_POINT('',(0.176125,-0.04483,0.00151));
#4523=CARTESIAN_POINT('',(0.176125,-0.04433,0.));
#4524=CARTESIAN_POINT('',(0.176125,-0.04483,0.));
#4525=CARTESIAN_POINT('',(0.176125,-0.04687,-4.6E-5));
#4526=CARTESIAN_POINT('',(0.176125,-0.04687,0.00151));
#4527=CARTESIAN_POINT('',(0.176125,-0.04737,0.00151));
#4528=CARTESIAN_POINT('',(0.176125,-0.04687,0.));
#4529=CARTESIAN_POINT('',(0.176125,-0.04737,0.));
#4530=CARTESIAN_POINT('',(0.1658,-0.036,-4.6E-5));
#4531=CARTESIAN_POINT('',(0.1658,-0.036,0.00151));
#4532=CARTESIAN_POINT('',(0.1658,-0.0365,0.00151));
#4533=CARTESIAN_POINT('',(0.1658,-0.036,0.));
#4534=CARTESIAN_POINT('',(0.1658,-0.0365,0.));
#4535=CARTESIAN_POINT('',(0.1658,-0.041,-4.6E-5));
#4536=CARTESIAN_POINT('',(0.1658,-0.041,0.00151));
#4537=CARTESIAN_POINT('',(0.1658,-0.0415,0.00151));
#4538=CARTESIAN_POINT('',(0.1658,-0.041,0.));
#4539=CARTESIAN_POINT('',(0.1658,-0.0415,0.));
#4540=CARTESIAN_POINT('',(0.13315,-0.03365,-4.6E-5));
#4541=CARTESIAN_POINT('',(0.079075,-0.03365,0.));
#4542=CARTESIAN_POINT('',(0.15945,-0.03365,0.));
#4543=CARTESIAN_POINT('',(0.15815,-0.03365,0.));
#4544=CARTESIAN_POINT('',(0.15815,-0.03365,-4.6E-5));
#4545=CARTESIAN_POINT('',(0.15815,-0.03365,0.00151));
#4546=CARTESIAN_POINT('',(0.079075,-0.03365,0.00151));
#4547=CARTESIAN_POINT('',(0.15945,-0.03365,0.00151));
#4548=CARTESIAN_POINT('',(0.15945,-0.03365,-4.6E-5));
#4549=CARTESIAN_POINT('',(0.15815,-0.0329,-4.6E-5));
#4550=CARTESIAN_POINT('',(0.15815,-0.0329,0.));
#4551=CARTESIAN_POINT('',(0.15815,-0.03215,0.));
#4552=CARTESIAN_POINT('',(0.15815,-0.03215,-4.6E-5));
#4553=CARTESIAN_POINT('',(0.15815,-0.03215,0.00151));
#4554=CARTESIAN_POINT('',(0.15815,-0.0329,0.00151));
#4555=CARTESIAN_POINT('',(0.13445,-0.03215,-4.6E-5));
#4556=CARTESIAN_POINT('',(0.079725,-0.03215,0.));
#4557=CARTESIAN_POINT('',(0.15945,-0.03215,0.));
#4558=CARTESIAN_POINT('',(0.15945,-0.03215,-4.6E-5));
#4559=CARTESIAN_POINT('',(0.15945,-0.03215,0.00151));
#4560=CARTESIAN_POINT('',(0.079725,-0.03215,0.00151));
#4561=CARTESIAN_POINT('',(0.15945,-0.0329,-4.6E-5));
#4562=CARTESIAN_POINT('',(0.15945,-0.0329,0.));
#4563=CARTESIAN_POINT('',(0.15945,-0.0329,0.00151));
#4564=CARTESIAN_POINT('',(0.1513,-0.036,-4.6E-5));
#4565=CARTESIAN_POINT('',(0.1513,-0.036,0.00151));
#4566=CARTESIAN_POINT('',(0.1513,-0.0365,0.00151));
#4567=CARTESIAN_POINT('',(0.1513,-0.036,0.));
#4568=CARTESIAN_POINT('',(0.1513,-0.0365,0.));
#4569=CARTESIAN_POINT('',(0.1513,-0.0385,-4.6E-5));
#4570=CARTESIAN_POINT('',(0.1513,-0.0385,0.00151));
#4571=CARTESIAN_POINT('',(0.1513,-0.039,0.00151));
#4572=CARTESIAN_POINT('',(0.1513,-0.0385,0.));
#4573=CARTESIAN_POINT('',(0.1513,-0.039,0.));
#4574=CARTESIAN_POINT('',(0.13315,-0.04485,-4.6E-5));
#4575=CARTESIAN_POINT('',(0.079075,-0.04485,0.));
#4576=CARTESIAN_POINT('',(0.15945,-0.04485,0.));
#4577=CARTESIAN_POINT('',(0.15815,-0.04485,0.));
#4578=CARTESIAN_POINT('',(0.15815,-0.04485,-4.6E-5));
#4579=CARTESIAN_POINT('',(0.15815,-0.04485,0.00151));
#4580=CARTESIAN_POINT('',(0.079075,-0.04485,0.00151));
#4581=CARTESIAN_POINT('',(0.15945,-0.04485,0.00151));
#4582=CARTESIAN_POINT('',(0.15945,-0.04485,-4.6E-5));
#4583=CARTESIAN_POINT('',(0.15815,-0.0441,-4.6E-5));
#4584=CARTESIAN_POINT('',(0.15815,-0.0441,0.));
#4585=CARTESIAN_POINT('',(0.15815,-0.04335,0.));
#4586=CARTESIAN_POINT('',(0.15815,-0.04335,-4.6E-5));
#4587=CARTESIAN_POINT('',(0.15815,-0.04335,0.00151));
#4588=CARTESIAN_POINT('',(0.15815,-0.0441,0.00151));
#4589=CARTESIAN_POINT('',(0.13445,-0.04335,-4.6E-5));
#4590=CARTESIAN_POINT('',(0.079725,-0.04335,0.));
#4591=CARTESIAN_POINT('',(0.15945,-0.04335,0.));
#4592=CARTESIAN_POINT('',(0.15945,-0.04335,-4.6E-5));
#4593=CARTESIAN_POINT('',(0.15945,-0.04335,0.00151));
#4594=CARTESIAN_POINT('',(0.079725,-0.04335,0.00151));
#4595=CARTESIAN_POINT('',(0.15945,-0.0441,-4.6E-5));
#4596=CARTESIAN_POINT('',(0.15945,-0.0441,0.));
#4597=CARTESIAN_POINT('',(0.15945,-0.0441,0.00151));
#4598=CARTESIAN_POINT('',(0.1578,-0.04775,-4.6E-5));
#4599=CARTESIAN_POINT('',(0.1578,-0.04775,0.00151));
#4600=CARTESIAN_POINT('',(0.1578,-0.0485,0.00151));
#4601=CARTESIAN_POINT('',(0.1578,-0.04775,0.));
#4602=CARTESIAN_POINT('',(0.1578,-0.0485,0.));
#4603=CARTESIAN_POINT('',(0.1513,-0.041,-4.6E-5));
#4604=CARTESIAN_POINT('',(0.1513,-0.041,0.00151));
#4605=CARTESIAN_POINT('',(0.1513,-0.0415,0.00151));
#4606=CARTESIAN_POINT('',(0.1513,-0.041,0.));
#4607=CARTESIAN_POINT('',(0.1513,-0.0415,0.));
#4608=CARTESIAN_POINT('',(0.1408,-0.036,-4.6E-5));
#4609=CARTESIAN_POINT('',(0.1408,-0.036,0.00151));
#4610=CARTESIAN_POINT('',(0.1408,-0.0365,0.00151));
#4611=CARTESIAN_POINT('',(0.1408,-0.036,0.));
#4612=CARTESIAN_POINT('',(0.1408,-0.0365,0.));
#4613=CARTESIAN_POINT('',(0.1408,-0.041,-4.6E-5));
#4614=CARTESIAN_POINT('',(0.1408,-0.041,0.00151));
#4615=CARTESIAN_POINT('',(0.1408,-0.0415,0.00151));
#4616=CARTESIAN_POINT('',(0.1408,-0.041,0.));
#4617=CARTESIAN_POINT('',(0.1408,-0.0415,0.));
#4618=CARTESIAN_POINT('',(0.13315,-0.03365,-4.6E-5));
#4619=CARTESIAN_POINT('',(0.066575,-0.03365,0.));
#4620=CARTESIAN_POINT('',(0.13445,-0.03365,0.));
#4621=CARTESIAN_POINT('',(0.13315,-0.03365,0.));
#4622=CARTESIAN_POINT('',(0.13315,-0.03365,-4.6E-5));
#4623=CARTESIAN_POINT('',(0.13315,-0.03365,0.00151));
#4624=CARTESIAN_POINT('',(0.066575,-0.03365,0.00151));
#4625=CARTESIAN_POINT('',(0.13445,-0.03365,0.00151));
#4626=CARTESIAN_POINT('',(0.13445,-0.03365,-4.6E-5));
#4627=CARTESIAN_POINT('',(0.13315,-0.0329,-4.6E-5));
#4628=CARTESIAN_POINT('',(0.13315,-0.0329,0.));
#4629=CARTESIAN_POINT('',(0.13315,-0.03215,0.));
#4630=CARTESIAN_POINT('',(0.13315,-0.03215,-4.6E-5));
#4631=CARTESIAN_POINT('',(0.13315,-0.03215,0.00151));
#4632=CARTESIAN_POINT('',(0.13315,-0.0329,0.00151));
#4633=CARTESIAN_POINT('',(0.13445,-0.03215,-4.6E-5));
#4634=CARTESIAN_POINT('',(0.067225,-0.03215,0.));
#4635=CARTESIAN_POINT('',(0.13445,-0.03215,0.));
#4636=CARTESIAN_POINT('',(0.13445,-0.03215,-4.6E-5));
#4637=CARTESIAN_POINT('',(0.13445,-0.03215,0.00151));
#4638=CARTESIAN_POINT('',(0.067225,-0.03215,0.00151));
#4639=CARTESIAN_POINT('',(0.13445,-0.0329,-4.6E-5));
#4640=CARTESIAN_POINT('',(0.13445,-0.0329,0.));
#4641=CARTESIAN_POINT('',(0.13445,-0.0329,0.00151));
#4642=CARTESIAN_POINT('',(0.1263,-0.036,-4.6E-5));
#4643=CARTESIAN_POINT('',(0.1263,-0.036,0.00151));
#4644=CARTESIAN_POINT('',(0.1263,-0.0365,0.00151));
#4645=CARTESIAN_POINT('',(0.1263,-0.036,0.));
#4646=CARTESIAN_POINT('',(0.1263,-0.0365,0.));
#4647=CARTESIAN_POINT('',(0.1263,-0.0385,-4.6E-5));
#4648=CARTESIAN_POINT('',(0.1263,-0.0385,0.00151));
#4649=CARTESIAN_POINT('',(0.1263,-0.039,0.00151));
#4650=CARTESIAN_POINT('',(0.1263,-0.0385,0.));
#4651=CARTESIAN_POINT('',(0.1263,-0.039,0.));
#4652=CARTESIAN_POINT('',(0.13315,-0.04485,-4.6E-5));
#4653=CARTESIAN_POINT('',(0.066575,-0.04485,0.));
#4654=CARTESIAN_POINT('',(0.13445,-0.04485,0.));
#4655=CARTESIAN_POINT('',(0.13315,-0.04485,0.));
#4656=CARTESIAN_POINT('',(0.13315,-0.04485,-4.6E-5));
#4657=CARTESIAN_POINT('',(0.13315,-0.04485,0.00151));
#4658=CARTESIAN_POINT('',(0.066575,-0.04485,0.00151));
#4659=CARTESIAN_POINT('',(0.13445,-0.04485,0.00151));
#4660=CARTESIAN_POINT('',(0.13445,-0.04485,-4.6E-5));
#4661=CARTESIAN_POINT('',(0.13315,-0.0441,-4.6E-5));
#4662=CARTESIAN_POINT('',(0.13315,-0.0441,0.));
#4663=CARTESIAN_POINT('',(0.13315,-0.04335,0.));
#4664=CARTESIAN_POINT('',(0.13315,-0.04335,-4.6E-5));
#4665=CARTESIAN_POINT('',(0.13315,-0.04335,0.00151));
#4666=CARTESIAN_POINT('',(0.13315,-0.0441,0.00151));
#4667=CARTESIAN_POINT('',(0.13445,-0.04335,-4.6E-5));
#4668=CARTESIAN_POINT('',(0.067225,-0.04335,0.));
#4669=CARTESIAN_POINT('',(0.13445,-0.04335,0.));
#4670=CARTESIAN_POINT('',(0.13445,-0.04335,-4.6E-5));
#4671=CARTESIAN_POINT('',(0.13445,-0.04335,0.00151));
#4672=CARTESIAN_POINT('',(0.067225,-0.04335,0.00151));
#4673=CARTESIAN_POINT('',(0.13445,-0.0441,-4.6E-5));
#4674=CARTESIAN_POINT('',(0.13445,-0.0441,0.));
#4675=CARTESIAN_POINT('',(0.13445,-0.0441,0.00151));
#4676=CARTESIAN_POINT('',(0.1328,-0.04775,-4.6E-5));
#4677=CARTESIAN_POINT('',(0.1328,-0.04775,0.00151));
#4678=CARTESIAN_POINT('',(0.1328,-0.0485,0.00151));
#4679=CARTESIAN_POINT('',(0.1328,-0.04775,0.));
#4680=CARTESIAN_POINT('',(0.1328,-0.0485,0.));
#4681=CARTESIAN_POINT('',(0.1263,-0.041,-4.6E-5));
#4682=CARTESIAN_POINT('',(0.1263,-0.041,0.00151));
#4683=CARTESIAN_POINT('',(0.1263,-0.0415,0.00151));
#4684=CARTESIAN_POINT('',(0.1263,-0.041,0.));
#4685=CARTESIAN_POINT('',(0.1263,-0.0415,0.));
#4686=CARTESIAN_POINT('',(0.15875,-0.0727,-4.6E-5));
#4687=CARTESIAN_POINT('',(0.15875,-0.0727,0.00151));
#4688=CARTESIAN_POINT('',(0.15875,-0.0737,0.00151));
#4689=CARTESIAN_POINT('',(0.15875,-0.0727,0.));
#4690=CARTESIAN_POINT('',(0.15875,-0.0737,0.));
#4691=CARTESIAN_POINT('',(0.13375,-0.0727,-4.6E-5));
#4692=CARTESIAN_POINT('',(0.13375,-0.0727,0.00151));
#4693=CARTESIAN_POINT('',(0.13375,-0.0737,0.00151));
#4694=CARTESIAN_POINT('',(0.13375,-0.0727,0.));
#4695=CARTESIAN_POINT('',(0.13375,-0.0737,0.));
#4696=CARTESIAN_POINT('',(0.15875,-0.1552,-4.6E-5));
#4697=CARTESIAN_POINT('',(0.15875,-0.1552,0.00151));
#4698=CARTESIAN_POINT('',(0.15875,-0.1562,0.00151));
#4699=CARTESIAN_POINT('',(0.15875,-0.1552,0.));
#4700=CARTESIAN_POINT('',(0.15875,-0.1562,0.));
#4701=CARTESIAN_POINT('',(0.1578,-0.17525,-4.6E-5));
#4702=CARTESIAN_POINT('',(0.1578,-0.17525,0.00151));
#4703=CARTESIAN_POINT('',(0.1578,-0.176,0.00151));
#4704=CARTESIAN_POINT('',(0.1578,-0.17525,0.));
#4705=CARTESIAN_POINT('',(0.1578,-0.176,0.));
#4706=CARTESIAN_POINT('',(0.154,-0.17525,-4.6E-5));
#4707=CARTESIAN_POINT('',(0.154,-0.17525,0.00151));
#4708=CARTESIAN_POINT('',(0.154,-0.176,0.00151));
#4709=CARTESIAN_POINT('',(0.154,-0.17525,0.));
#4710=CARTESIAN_POINT('',(0.154,-0.176,0.));
#4711=CARTESIAN_POINT('',(0.13375,-0.1552,-4.6E-5));
#4712=CARTESIAN_POINT('',(0.13375,-0.1552,0.00151));
#4713=CARTESIAN_POINT('',(0.13375,-0.1562,0.00151));
#4714=CARTESIAN_POINT('',(0.13375,-0.1552,0.));
#4715=CARTESIAN_POINT('',(0.13375,-0.1562,0.));
#4716=CARTESIAN_POINT('',(0.1328,-0.17525,-4.6E-5));
#4717=CARTESIAN_POINT('',(0.1328,-0.17525,0.00151));
#4718=CARTESIAN_POINT('',(0.1328,-0.176,0.00151));
#4719=CARTESIAN_POINT('',(0.1328,-0.17525,0.));
#4720=CARTESIAN_POINT('',(0.1328,-0.176,0.));
#4721=CARTESIAN_POINT('',(0.129,-0.17525,-4.6E-5));
#4722=CARTESIAN_POINT('',(0.129,-0.17525,0.00151));
#4723=CARTESIAN_POINT('',(0.129,-0.176,0.00151));
#4724=CARTESIAN_POINT('',(0.129,-0.17525,0.));
#4725=CARTESIAN_POINT('',(0.129,-0.176,0.));
#4726=CARTESIAN_POINT('',(0.1669999994135,-0.1764999994135,0.));
#4727=CARTESIAN_POINT('',(0.1685,-0.1765,0.));
#4728=CARTESIAN_POINT('',(0.1685,-0.1765,0.));
#4729=CARTESIAN_POINT('',(0.1685,-0.1765,0.00151));
#4730=CARTESIAN_POINT('',(0.1669999994135,-0.1764999994135,0.00151));
#4731=CARTESIAN_POINT('',(0.167,-0.178,0.00151));
#4732=CARTESIAN_POINT('',(0.167,-0.178,0.));
#4733=CARTESIAN_POINT('',(0.167,-0.178,0.));
#4734=CARTESIAN_POINT('',(0.1669999994135,-0.1764999994135,0.));
#4735=CARTESIAN_POINT('',(0.1685,-0.0525,0.));
#4736=CARTESIAN_POINT('',(0.1685,-0.0525,0.));
#4737=CARTESIAN_POINT('',(0.1685,-0.0525,0.));
#4738=CARTESIAN_POINT('',(0.1685,-0.0525,0.00151));
#4739=CARTESIAN_POINT('',(0.1685,-0.0525,0.00151));
#4740=CARTESIAN_POINT('',(0.1685,-0.0525,0.));
#4741=CARTESIAN_POINT('',(0.167,-0.178,0.));
#4742=CARTESIAN_POINT('',(0.167,-0.178,0.00151));
#4743=CARTESIAN_POINT('',(0.1255,-0.178,0.00151));
#4744=CARTESIAN_POINT('',(0.1255,-0.178,0.));
#4745=CARTESIAN_POINT('',(0.1255,-0.178,0.));
#4746=CARTESIAN_POINT('',(0.167,-0.178,0.));
#4747=CARTESIAN_POINT('',(0.17049999850585,-0.05249999850585,0.));
#4748=CARTESIAN_POINT('',(0.1705,-0.0505,0.));
#4749=CARTESIAN_POINT('',(0.1705,-0.0505,0.));
#4750=CARTESIAN_POINT('',(0.1705,-0.0505,0.00151));
#4751=CARTESIAN_POINT('',(0.17049999850585,-0.05249999850585,0.00151));
#4752=CARTESIAN_POINT('',(0.17049999850585,-0.05249999850585,0.));
#4753=CARTESIAN_POINT('',(0.12550000058649,-0.1764999994135,0.));
#4754=CARTESIAN_POINT('',(0.12550000058649,-0.1764999994135,0.00151));
#4755=CARTESIAN_POINT('',(0.124,-0.1765,0.00151));
#4756=CARTESIAN_POINT('',(0.124,-0.1765,0.));
#4757=CARTESIAN_POINT('',(0.124,-0.1765,0.));
#4758=CARTESIAN_POINT('',(0.12550000058649,-0.1764999994135,0.));
#4759=CARTESIAN_POINT('',(0.194,-0.0505,0.));
#4760=CARTESIAN_POINT('',(0.194,-0.0505,0.));
#4761=CARTESIAN_POINT('',(0.194,-0.0505,0.));
#4762=CARTESIAN_POINT('',(0.194,-0.0505,0.00151));
#4763=CARTESIAN_POINT('',(0.194,-0.0505,0.00151));
#4764=CARTESIAN_POINT('',(0.194,-0.0505,0.));
#4765=CARTESIAN_POINT('',(0.124,-0.1765,0.));
#4766=CARTESIAN_POINT('',(0.124,-0.1765,0.00151));
#4767=CARTESIAN_POINT('',(0.124,-0.0295,0.00151));
#4768=CARTESIAN_POINT('',(0.124,-0.0295,0.));
#4769=CARTESIAN_POINT('',(0.124,-0.0295,0.));
#4770=CARTESIAN_POINT('',(0.124,-0.1765,0.));
#4771=CARTESIAN_POINT('',(0.1939999994135,-0.0489999994135,0.));
#4772=CARTESIAN_POINT('',(0.1955,-0.049,0.));
#4773=CARTESIAN_POINT('',(0.1955,-0.049,0.));
#4774=CARTESIAN_POINT('',(0.1955,-0.049,0.00151));
#4775=CARTESIAN_POINT('',(0.1939999994135,-0.0489999994135,0.00151));
#4776=CARTESIAN_POINT('',(0.1939999994135,-0.0489999994135,0.));
#4777=CARTESIAN_POINT('',(0.12499999925292,-0.02949999925292,0.));
#4778=CARTESIAN_POINT('',(0.12499999925292,-0.02949999925292,0.00151));
#4779=CARTESIAN_POINT('',(0.125,-0.0285,0.00151));
#4780=CARTESIAN_POINT('',(0.125,-0.0285,0.));
#4781=CARTESIAN_POINT('',(0.125,-0.0285,0.));
#4782=CARTESIAN_POINT('',(0.12499999925292,-0.02949999925292,0.));
#4783=CARTESIAN_POINT('',(0.,0.,0.00151));
#4784=CARTESIAN_POINT('',(0.1939999994135,-0.03000000058649,0.00151));
#4785=CARTESIAN_POINT('',(0.194,-0.0285,0.00151));
#4786=CARTESIAN_POINT('',(0.1955,-0.03,0.00151));
#4787=CARTESIAN_POINT('',(0.125,-0.0285,0.00151));
#4788=CARTESIAN_POINT('',(0.1955,-0.03,0.00151));
#4789=CARTESIAN_POINT('',(0.,0.,0.));
#4790=CARTESIAN_POINT('',(0.1955,-0.03,0.));
#4791=CARTESIAN_POINT('',(0.1955,-0.03,0.));
#4792=CARTESIAN_POINT('',(0.125,-0.0285,0.));
#4793=CARTESIAN_POINT('',(0.194,-0.0285,0.));
#4794=CARTESIAN_POINT('',(0.1939999994135,-0.03000000058649,0.));
#4795=CARTESIAN_POINT('',(0.1955,-0.03,0.));
#4796=CARTESIAN_POINT('',(0.1955,-0.03,0.));
#4797=CARTESIAN_POINT('',(0.125,-0.0285,0.));
#4798=CARTESIAN_POINT('',(0.194,-0.0285,0.));
#4799=CARTESIAN_POINT('',(0.1939999994135,-0.03000000058649,0.));
#4800=CARTESIAN_POINT('',(-0.142361674723029,0.147882973782718,0.00374440269589424));
#4801=MECHANICAL_DESIGN_GEOMETRIC_PRESENTATION_REPRESENTATION('',(#2817,
#2818,#10,#11,#12,#13,#14,#15,#16,#17,#2819),#4802);
#4802=(
GEOMETRIC_REPRESENTATION_CONTEXT(3)
GLOBAL_UNCERTAINTY_ASSIGNED_CONTEXT((#4806))
GLOBAL_UNIT_ASSIGNED_CONTEXT((#4812,#4811,#4810))
REPRESENTATION_CONTEXT('Assembly 1','TOP_LEVEL_ASSEMBLY_PART')
);
#4803=(
GEOMETRIC_REPRESENTATION_CONTEXT(3)
GLOBAL_UNCERTAINTY_ASSIGNED_CONTEXT((#4807))
GLOBAL_UNIT_ASSIGNED_CONTEXT((#4812,#4811,#4810))
REPRESENTATION_CONTEXT('Part 1','COMPONENT_PART')
);
#4804=(
GEOMETRIC_REPRESENTATION_CONTEXT(3)
GLOBAL_UNCERTAINTY_ASSIGNED_CONTEXT((#4808))
GLOBAL_UNIT_ASSIGNED_CONTEXT((#4812,#4811,#4810))
REPRESENTATION_CONTEXT('C_0805_2012Metric','COMPONENT_PART')
);
#4805=(
GEOMETRIC_REPRESENTATION_CONTEXT(3)
GLOBAL_UNCERTAINTY_ASSIGNED_CONTEXT((#4809))
GLOBAL_UNIT_ASSIGNED_CONTEXT((#4812,#4811,#4810))
REPRESENTATION_CONTEXT('expression faders_PCB','COMPONENT_PART')
);
#4806=UNCERTAINTY_MEASURE_WITH_UNIT(LENGTH_MEASURE(1.E-8),#4812,
'DISTANCE_ACCURACY_VALUE','Maximum Tolerance applied to model');
#4807=UNCERTAINTY_MEASURE_WITH_UNIT(LENGTH_MEASURE(1.E-8),#4812,
'DISTANCE_ACCURACY_VALUE','Maximum Tolerance applied to model');
#4808=UNCERTAINTY_MEASURE_WITH_UNIT(LENGTH_MEASURE(1.E-6),#4812,
'DISTANCE_ACCURACY_VALUE','Maximum Tolerance applied to model');
#4809=UNCERTAINTY_MEASURE_WITH_UNIT(LENGTH_MEASURE(1.E-6),#4812,
'DISTANCE_ACCURACY_VALUE','Maximum Tolerance applied to model');
#4810=(
NAMED_UNIT(*)
SI_UNIT($,.STERADIAN.)
SOLID_ANGLE_UNIT()
);
#4811=(
NAMED_UNIT(*)
PLANE_ANGLE_UNIT()
SI_UNIT($,.RADIAN.)
);
#4812=(
LENGTH_UNIT()
NAMED_UNIT(*)
SI_UNIT($,.METRE.)
);
#4813=PRODUCT_DEFINITION_SHAPE('','',#4820);
#4814=PRODUCT_DEFINITION_SHAPE('','',#4821);
#4815=PRODUCT_DEFINITION_SHAPE(' ','NAUO PRDDFN',#21);
#4816=PRODUCT_DEFINITION_SHAPE('','',#4822);
#4817=PRODUCT_DEFINITION_SHAPE(' ','NAUO PRDDFN',#22);
#4818=PRODUCT_DEFINITION_SHAPE('','',#4823);
#4819=PRODUCT_DEFINITION_SHAPE(' ','NAUO PRDDFN',#23);
#4820=PRODUCT_DEFINITION('','',#4828,#4824);
#4821=PRODUCT_DEFINITION('','',#4829,#4825);
#4822=PRODUCT_DEFINITION('','',#4830,#4826);
#4823=PRODUCT_DEFINITION('','',#4831,#4827);
#4824=PRODUCT_DEFINITION_CONTEXT('',#4849,'design');
#4825=PRODUCT_DEFINITION_CONTEXT('',#4849,'design');
#4826=PRODUCT_DEFINITION_CONTEXT('',#4849,'design');
#4827=PRODUCT_DEFINITION_CONTEXT('',#4849,'design');
#4828=PRODUCT_DEFINITION_FORMATION_WITH_SPECIFIED_SOURCE('','',#4836,
 .NOT_KNOWN.);
#4829=PRODUCT_DEFINITION_FORMATION_WITH_SPECIFIED_SOURCE('','',#4837,
 .NOT_KNOWN.);
#4830=PRODUCT_DEFINITION_FORMATION_WITH_SPECIFIED_SOURCE('','',#4838,
 .NOT_KNOWN.);
#4831=PRODUCT_DEFINITION_FORMATION_WITH_SPECIFIED_SOURCE('','',#4839,
 .NOT_KNOWN.);
#4832=PRODUCT_RELATED_PRODUCT_CATEGORY('','',(#4836));
#4833=PRODUCT_RELATED_PRODUCT_CATEGORY('','',(#4837));
#4834=PRODUCT_RELATED_PRODUCT_CATEGORY('','',(#4838));
#4835=PRODUCT_RELATED_PRODUCT_CATEGORY('','',(#4839));
#4836=PRODUCT('Assembly 1','Assembly 1','Assembly 1',(#4844));
#4837=PRODUCT('Part 1','Part 1','Part 1',(#4845));
#4838=PRODUCT('C_0805_2012Metric','C_0805_2012Metric',
'C_0805_2012Metric',(#4846));
#4839=PRODUCT('expression faders_PCB','expression faders_PCB',
'expression faders_PCB',(#4847));
#4840=PRODUCT_CATEGORY('','');
#4841=PRODUCT_CATEGORY('','');
#4842=PRODUCT_CATEGORY('','');
#4843=PRODUCT_CATEGORY('','');
#4844=PRODUCT_CONTEXT('',#4849,'mechanical');
#4845=PRODUCT_CONTEXT('',#4849,'mechanical');
#4846=PRODUCT_CONTEXT('',#4849,'mechanical');
#4847=PRODUCT_CONTEXT('',#4849,'mechanical');
#4848=APPLICATION_PROTOCOL_DEFINITION('international standard',
'ap242_managed_model_based_3d_engineering',2020,#4849);
#4849=APPLICATION_CONTEXT('managed model based 3d engineering');
ENDSEC;
END-ISO-10303-21;
